city,city_id
kobe,5235
buzios,3789
jerusalem,9927
pittsburgh (pa),11488
nice,5277
las vegas (nv),17072
brussels,15904
tokyo,5085
kota,16846
kyoto,1784
london,233
hong kong,16808
sanremo,79371
visakhapatnam,15190
round rock (tx),8271
san carlos de bariloche,16619
nara,13313
new delhi,14552
st. julian's,4329
cali,15464
jaipur,8845
lima,7082
hurghada,6700
rome,16594
madrid,5531
mombasa,7081
seinajoki,16504
hildesheim,1417
taipei,4951
auckland,3750
newton solney,70642
ho chi minh city,13170
yogyakarta,14018
phuket,16056
wuhan,5818
san francisco (ca),13801
bern,4690
bangalore,4923
orlando (fl),10757
ciudad real,12401
khao kho,205026
cancun,5954
phoenix (az),10461
santiago,86197
granada,9170
herning,13917
davos,12190
beijing,1569
dresden,11323
antwerp,16169
fairfax (va),12866
paris,15470
shima,106629
villagonzalo pedernales,73941
chur,15259
tel aviv,1692
montevideo,5534
san diego (ca),3068
vienna,16582
bali,17193
melbourne,10372
ljubljana,14313
beaune,9795
seville,16577
brisbane,9466
new york (ny),318
amsterdam,13868
rio de janeiro,7395
hamburg,7169
pattaya,8584
hualien,23127
gold coast,16611
austin (tx),4542
helsinki,11154
cologne,16190
i̇stanbul,14932
salvador,4617
cape town,1063
bergen,14414
nadi,5057
cairns,13550
kunming,5445
adelaide,11981
maidstone,10468
athens,16571
buenos aires,9294
otta,1186
surabaya,10779
koh samui,17198
sagres,5823
oslo,12746
mumbai,16850
davao city,9360
prague,15977
utrecht,6838
hobart,14983
são paulo,16638
esbjerg,2038
san sebastian,99398
munich,16017
barcelona,2002
san antonio (tx),9698
kenting,18343
the hague,16278
sydney,14370
edinburgh,18924
dubai,2994
haugesund,7687
perth,11980
rijeka,5077
houston (tx),1178
porto de galinhas,16639
newark (de),17119
recife,2862
birmingham,2021
noordwijkerhout,7271
hunter valley,17904
geneva,16592
palermo,14810
juan-les-pins,3859
boston (ma),9254
kota kinabalu,5070
miami (fl),15289
denver (co),2467
milan,16585
quito,9909
harrogate,3874
brentwood,7783
eccleston,129545
doha,4472
west palm beach (fl),7786
puno,2526
vals-pres-le-puy,714952
florence,16573
assisi,3612
copenhagen,16480
ouarzazate,5284
kladno,16643
mulhouse,9485
miami beach (fl),18720
ushuaia,12077
chicago (il),13899
venice,17164
quimper,4711
vancouver (bc),9023
glasgow,18926
asuncion,10401
rockaway (nj),9146
los angeles (ca),12772
kathmandu,2487
saddle brook (nj),10458
singapore,4064
leyland,16202
meknes,5895
albarracin,6341
manama,16630
sapporo,3435
giza,18749
cambridge (ma),17452
tonsberg,16941
hannover,11613
cusco,16970
hervey bay,14576
haifa,8354
karasjok,9939
amboseli national park,16903
boracay island,15903
whitsunday islands,12395
deerfield (il),3112
zhengzhou,9473
luang prabang,16919
ko samet,17222
dublin,1131
málaga,12521
iquique,3527
maloy,16148
medellín,10309
macau,21397
bordeaux,12838
santa margherita ligure,76473
cartagena,10838
hangzhou,14892
zürich,16462
grand junction (co),8625
valència,1623
marbella,7361
freiburg im breisgau,17975
kanchanaburi,16223
niederanven,109220
lucca,6488
ooty,16857
karlstad,7967
philadelphia (pa),12374
valladolid,14577
karlsruhe,6874
udaipur,3667
suva,18307
erfoud,14984
quincy (ma),1761
lyon,11361
perugia,9119
koh lanta,17026
sharm el sheikh,15897
new brunswick (nj),9751
vaxjo,15927
burgos,406
naperville (il),846
aix-en-provence,6573
bilbao,7413
chiang mai,7401
rauma,8751
buffalo (ny),15612
brasov,10095
chengdu,4729
reggio emilia,10435
joensuu,3419
alcala de henares,19574
biarritz,2189
berlin,2366
badajoz,11695
linkoping,15898
mendoza,12690
honolulu (hi),10921
sitges,3257
bintan island,19436
monistrol de montserrat,667238
valdivia,14936
leon,7609
poznan,664
varanasi,3005
finnsnes,16463
belfast,18934
beirut,11680
mar del plata,8863
fukuoka,16527
dusseldorf,16448
lisbon,16364
sant'agnello,827
bordentown (nj),6008
oviedo,15063
trondheim,592
rotterdam,2396
harstad,6313
stavanger,6796
suita,88748
cairo,7923
falun,5257
darwin,7138
weimar,14534
kolkata,6241
canillo,101025
rimini,5762
alicante,14186
guadalajara,14757
agra,9641
fort lee (nj),7506
budapest,10647
vieira do minho,16966
washington d.c.,17753
laerdal,16218
tallinn,1460
bangkok,9395
ventura (ca),3338
lugano,460
turku,14031
hamar,12044
lourdes,3892
nagoya,13740
graz,11013
marseille,1030
tucuman,16622
gothenburg,16062
avila,12874
strasbourg,7254
lublin,14968
erandio,198750
luzern,79546
coral coast,18301
leeds,5598
bhopal,8864
jakarta,8691
lucknow,7394
goslar,5434
newark (nj),3936
brest,9746
manaus,4442
phitsanulok,15936
phnom penh,4816
swindon,9958
ceske budejovice,7417
krabi,14865
gunzburg,16007
pisa,13723
petra,11401
vevey,5418
dijon,10823
great barrier reef,79629
naples,16572
illkirch-graffenstaden,23007
punta arenas,11374
canberra,2051
pyrgos,718666
ayr,18945
burnaby (bc),17451
alghero,2138
york,7626
geilo,2592
marrakech,11825
fatima,11079
shenzhen,12333
nazareth,2966
malmo,16163
huesca,6424
salisbury,271
mexico city,2086
hat yai,9312
kiel,7611
stralsund,9236
mississauga (on),16254
moorea island,4792
durban,7219
townsville,15193
westmont (il),22235
stockholm,1618
buxton,2884
tarrytown (ny),2277
hoi an,16552
osaka,9590
narita,106352
warsaw,16587
palm springs (ca),1579
la madeleine,77356
nagasaki,193
hyvinkaa,16503
messina,7155
anaheim (ca),12223
ajman,5563
wroclaw,3339
bedarrides,186242
seoul,14690
bussum,12574
toulouse,14562
hornindal,13305
heredia,23747
hiroshima,10554
forli,16814
boppard,1732
saint-etienne,20551
cannes,14503
sliema,5923
cadiz,5270
derry / londonderry,9131
windermere,9728
seattle (wa),3687
kailua (hi),732150
salzburg,11876
sottomarina,76563
barbera del valles,102256
kuala lumpur,14524
porto,8738
hua hin / cha-am,17019
leicester,1610
ghent,16593
salalah,11229
bolzano,12115
halmstad,1581
sandvik,136501
tudela,1820
sarpsborg,16948
dalian,79620
santa maria (ca),1964
st. paul's bay,713017
lamezia terme,16816
victoria (bc),11815
hammamet,739
salt lake city (ut),8052
toledo (oh),17123
odense,12579
dubrovnik,4839
netanya,59
columbus (oh),17099
titisee-neustadt,71725
bruges,17729
la coruna,16398
turin,16404
bursa,8623
zamora,7303
katowice,2210
brno,8366
eindhoven,2316
hyderabad,8801
lampang,12384
oosterbeek,14237
stranda,16942
riga,3636
huelva,9370
nanjing,7875
ayutthaya,17704
sunderland,18293
hämeenlinna,16511
blue mountains,17892
koh chang,17023
rosh pina,15946
sorrento,11692
ravenna,12815
hull,9972
aigle,67850
guayaquil,6638
shanghai,3987
alcacer do sal,16082
rovaniemi,8486
isle of skye,6019
aalborg,8016
toronto (on),4495
wiesbaden,14520
springfield (va),5242
taormina,9111
amman,15806
bled,2071
boras,16095
natal,11240
montecchio maggiore,76101
borlange,16314
new orleans (la),11531
chamonix-mont-blanc,18371
arlington (va),2111
frankfurt am main,15847
kansas city (mo),10665
cortina d'ampezzo,10951
puerto iguazu,6524
dallas (tx),8683
san jose,6576
kotka,10172
kraków,15790
monchengladbach,16494
rapallo,5378
st. catharines (on),79664
warwick,17380
dunedin,2084
plymouth,252
basildon,4702
keelung,17048
kaohsiung,756
leuven,11770
ningbo,6355
puerto varas,8934
verona,4257
coventry,1565
chester,15248
aulnay-sous-bois,101583
kuwait,16918
eilat,9752
siena,5906
siem reap,16917
chennai,17269
barleben,68461
kendal,4670
dublin (oh),19854
bologna,1002
port stephens,12619
libourne,77493
innsbruck,3453
mainz,6074
montpellier,5320
knoxville (tn),11658
auburn hills (mi),20738
chinle (az),15996
aurangabad,593
san jose (ca),615
la linea de la concepcion,21094
monterey (ca),4635
atlanta (ga),2045
lexington (ky),107
espoo,12650
mannheim,14946
potsdam,14121
jindrichuv hradec,453
carvoeiro,14457
tak,19704
la paz,8061
mystic (ct),3447
asker,136412
heidelberg,2557
bad ischl,15113
nashville (tn),2703
luxor,10643
quebec city (qc),16644
jounieh,4198
bodø,15990
te anau,232
stuttgart,9527
abu dhabi,10182
port douglas,684
nagahama,108283
hasbrouck heights (nj),14261
loosdrecht,8135
plock,15436
lillehammer,2581
nairobi,8944
concepcion,1357
khao lak,17191
lombok,16842
ancona,4544
villach,7819
richmond (bc),17610
szeged,7055
shimla,2112
jinan,8430
torun,10359
jodhpur,11067
le bourget,14992
prato,1705
andorra la vella,20710
errachidia,16042
southampton,1209
hefei,3881
lahti,5297
benidorm - costa blanca,13484
tangerang,102488
maastricht,7602
guangzhou,10112
aachen,5739
klagenfurt,11
reykjavik,13864
gloucester,2247
sukhothai,12546
sinaia,9713
como,12575
kochi,12722
key west (fl),3922
norrkoping,16219
monaco,17782
bothell (wa),17444
san marino,21093
erfurt,12871
friedrichshafen,7158
frederikshavn,13660
pretoria,15426
torremolinos,8558
tezze sul brenta,76605
east syracuse (ny),20813
trelew,6334
sunshine coast,19930
xiamen,4191
trebon,6961
bucharest,16145
curitiba,7094
teruel,9855
sindelfingen,6340
piatra neamt,3541
wick,13138
luton,9754
lille,8179
hsinchu,12711
grindelwald,12816
sassari,2984
corfu island,18670
konya,3018
kemi,7754
chesterbrook (pa),717863
bad oeynhausen,2151
woodbury (ny),17816
kanazawa,18826
grenoble,13563
newcastle,5087
oystese,16401
la carolina,717476
amares,16239
ayers rock (uluru),4457
killarney,662
remscheid,15637
banska bystrica,5726
guam,6126
jonkoping,15885
cordoba,11610
poitiers,2977
lancaster (pa),17077
toledo,3860
cluj- napoca,12706
sharjah,8105
uppsala,3698
carcassonne,13853
honningsvag,15888
copiapo,15713
santiago de compostela,10932
sheffield,14934
inverness,3049
zaragoza,11107
wellington,2704
taichung,12080
galway,15446
arequipa,11175
imphy,189540
combarros,704477
versailles,8412
roskilde,15118
beja,4366
brighton and hove,4175
syracuse (ny),5831
san bernardino (ca),6902
brig,16650
la serena,3243
carpentras,5898
montreal (qc),9933
cardiff,18929
kapaa (hi),4827
guimaraes,16086
haro,7132
taxco,708
alice springs,5312
levoca,1221
fulda,14790
alexandria,2199
oakbrook terrace (il),88129
sacrofano,16818
casablanca,15368
gdansk,3935
terrassa,102411
koblenz,2449
calgary (ab),8913
goa,11304
jaisalmer,7719
interlaken,5323
girona,1638
seefeld,87090
guilin,15591
caceres,13925
guercif,512946
mikkeli,5013
örencik,728997
cuenca,10705
norwich,6240
titusville (fl),5732
ayacucho,11784
vasteras,15852
ringsted,10542
coffs harbour,11902
shannon,16435
steinkjer,15524
betton,186387
lodz,8219
arles,14389
bikaner,724
fortaleza,5772
manila,1622
kuopio,8241
orange beach (al),15983
veldhoven,4388
charleroi,6910
queenstown,2566
jyvaskyla,16321
chongqing,10084
jelenia gora,11641
lisle (il),21874
laatzen,8776
salo,2834
lappeenranta,2788
durham,14466
tatranska lomnica,71661
brescia,4030
newbury,3539
tampere,14875
reims,58
muscat,6445
aswan,14246
nuremberg,16114
bandung,18943
ullapool,1672
zermatt,4498
anchorage (ak),11740
bregenz,9143
qingdao,12411
nottingham,104
indialantic (fl),10186
calvi,7630
wilderness,12000
hameln,14485
parma,8789
ottawa (on),6845
nafplion,16507
stratford upon avon,17378
basingstoke,12949
penang,16087
izumisano,88746
kings canyon,7336
cradle mountain,16614
horgen,67944
prè,719095
helsingborg,955
beppu,144
launceston,513079
urumqi,15899
linz,11386
blackpool,670
cambridge,11437
tromsø,15887
fleurus,20682
acapulco,7331
baia mare,9714
leipzig,15578
eisenach,3920
waterford,13154
detroit (mi),3322
dortmund,4218
west yellowstone (mt),21500
bingley,68565
kingston (on),13992
kristiansand,7314
sarlat-la-caneda,16757
luxembourg,13200
alvito,15948
desenzano del garda,1718
hoevelaken,6006
christchurch,6167
malacca,15121
tucson (az),9047
aarhus,16353
toulon,12997
capri,16120
rochester (ny),17127
taby,67842
limassol,14385
rudesheim am rhein,71151
puerto montt,15572
lofthus,15859
panama city,3356
darmstadt,12302
niagara falls (ny),17145
garforth,129862
oulu,13297
kairouan,4669
nijmegen,10472
addison (il),14084
curtea de arges,16240
pescara,7196
langkawi,16928
vila vicosa,16382
kilkenny,5159
garmisch-partenkirchen,16066
marianske lazne,8599
pinellas park (fl),3557
akron (oh),17138
pori,5988
logrono,16168
palencia,15065
ulvik,16476
portobello,710813
corby,12675
edmonton (ab),9212
breda,2582
montreux,11928
manchester,12349
cebu,4001
essen,13406
vigo,11948
parsippany (nj),3408
santander,2201
dahab,15451
bad ragaz,4310
noventa di piave,16826
fort william,2836
suceava,4956
ostrava,7789
baden-baden,18242
varna,5093
xian,15947
vientiane,10871
cameron highlands,1399
ipoh,15523
johor bahru,1808
shah alam,5435
kuantan,3241
cherating,17248
kuching,14523
tioman island,16012
bagan,16597
yangon,16599
baguio,17196
saint-maurice,78350
bogotá,4926
molde,1559
arroyo,198062
calais,10629
canach,109129
musashino,108568
jersey city (nj),5874
nakhon pathom,17022
rothenburg ob der tauber,14647
mo i rana,14492
kumamoto,1568
gran canaria,18008
trento,8869
gyeongju-si,17179
punta del este,6764
bath,1915
koloa (hi),20872
nikko,108443
vicenza,5746
sendai,10345
yokohama,4590
busan,17172
liverpool,8248
schio,8111
jeddah,9777
dalat,15932
palawan,16185
brasilia,1931
saint moritz,79579
el calafate,21227
teo,73892
kintbury,130705
south holland (il),22177
maceio,3727
fauske,14468
vedbaek,16709
jerez de la frontera,1404
mount emei,79860
fresno (ca),13602
hveragerdhi,16598
caracas,6187
kolding,8050
niagara falls (on),17579
madurai,15182
johannesburg,5663
blagnac,20349
cartaya,198412
bristol,6084
st. louis (mo),16443
mora,12255
puerto natales,9424
macon,10739
vaasa,5873
izu,249498
portsmouth,13413
basel,12552
foz do iguacu,18017
chilworth,128937
salta,5064
palmela,10914
toyonaka,108156
williamsburg (va),6942
minsk,15543
pamplona,9517
grassau,12304
mariposa (ca),16206
daresbury,129302
attard,3413
silkeborg,1344
rotorua,11768
cochabamba,15265
lombard (il),6819
okayama,4280
wurzburg,15848
groningen,14499
medan,21284
vilnius,6960
ingolstadt,4159
cesky krumlov,8927
hof bei salzburg,4803
kozhikode / calicut,16848
oaxaca,79553
st georges,16804
tokachi,718284
takayama,21298
pune,16854
shenyang,3829
kagoshima,6263
cittadella,6215
atlantida,17153
shumen,16138
padua,5877
milton keynes,2137
charlottesville (va),9177
ahmedabad,6613
santorini,16084
iquitos,15198
port dickson,8422
skei i jolster,544836
virginia beach (va),8163
belfort,12613
gajner,718064
cherry hill (nj),15250
waikoloa (hi),21009
borgo san lorenzo,79562
clermont-ferrand,2599
palenque,3915
agadir,10475
craignure,722830
stresa,11633
tjome,16313
urubamba,19767
fes,85860
myrtle beach (sc),9442
sintra,15261
jihlava,8260
saint-malo,19100
noisy le grand,20518
akureyri,3677
nachikatsuura,252037
northampton,8871
swansea,18932
okinawa main island,717899
alfortville,185577
murcia,1027
derby,17364
ibiza,2976
iseo,10490
santa barbara (ca),8292
lafayette (la),17083
giardini naxos,13919
aviemore,5750
lulea,16078
sarajevo,10703
jacksonville (fl),2018
zagreb,6658
ajaccio,14594
taunton,1794
inverurie,18971
tiberias,11314
regensburg,10192
hauppauge (ny),22715
nairn,15311
gelsenkirchen,5983
gilly-les-citeaux,77260
batam island,19392
piscataway (nj),6034
estepona,2776
chiang saen (chiang rai),204512
chiang rai,4234
mae hong son,15395
khon kaen,7233
ko phi phi,15878
rayong,217
cần thơ,16079
hakodate,88743
terneuzen,12409
fort lauderdale (fl),11579
cork,6378
zell am see,219
daegu,17232
jeju,16901
sokcho-si,17236
durbuy,7633
douglas,159104
majorca,16716
nelspruit,7247
kapalua (hi),78807
pyeongchang-gun,17235
otsu,108285
noordwijk,20519
maldive islands,17759
ostend,15939
bundaberg,12602
almere,17230
leiden,2082
nyon,4774
mackay,2975
kiruna,10327
hasselt,14112
mechelen,3953
chiba,5375
wollongong,9847
blenheim,7185
glenorchy,513467
ocean beach,728276
fox glacier,5345
franz josef glacier,5581
greymouth,1800
moana,712139
hamilton,17219
hanmer springs,14418
invercargill,3212
nelson,17212
ohakune,15846
waitomo,6024
bay of islands,15965
pauanui,17214
punakaiki,17215
tairua,149
taupo,9128
twizel,557
wanaka,5056
whakatane,14139
whitianga,12052
providenciales,2892
male city and airport,513550
oxford,1196
penrith,17207
barossa valley,16613
bicheno,10254
broken hill,8731
broome,9824
vasse,737510
byron bay,7694
atherton tablelands,19489
daintree,18895
coober pedy,10248
cooktown,15036
devonport,11069
geelong,5307
grampians,513190
flinders ranges,21290
kakadu,16455
kalgoorlie,7590
great ocean road - lorne,14497
margaret river,1816
port macquarie,9640
rockhampton,13685
smithton,11588
strahan,15819
central coast,243553
avignon,6632
mont saint-michel,16043
limerick,7014
trieste,7760
eastbourne,4568
chau doc (an giang),17162
da nang,16440
haiphong,17161
hanoi,2758
hue,3738
nha trang,2679
phan thiet,16264
phu quoc island,17188
sapa,17160
vung tau,17190
portland (or),17095
cathedral city (ca),3625
carlsbad (ca),14158
louisville (ky),17137
st. george (ut),16203
milpitas (ca),867
tulsa (ok),12393
brandywine perry park (de),720044
sandakan,106018
ajmer,17265
luharu,710626
bhubaneswar,11320
basi,710245
darjeeling,10863
dehradun,17276
gangtok,5051
gurugram,17279
kalimpong,17281
khimsar,16852
kovalam,17283
kumarakom,17284
mangalore,11806
mount abu,16847
munnar,17290
nashik,17291
pondicherry,12565
poovar,17296
shirdi,17300
surat,17302
goleta (ca),17493
holbrook (az),10938
hurricane (ut),2345
indian wells (ca),6993
lone pine (ca),12282
oakhurst (ca),16088
oxnard (ca),10157
panguitch (ut),4345
pigeon forge (tn),10501
san simeon (ca),11226
daejeon,17233
engelberg,985
bedford,17241
quy nhon (binh dinh),17242
ninh bình,17245
hạ long,17182
bentong,512864
genting highlands,4684
alor setar,106031
kota bharu,211364
albuquerque (nm),2919
birmingham (al),17254
billings (mt),683
deerfield beach (fl),1946
boca raton (fl),15458
butte (mt),2689
childress (tx),10946
college park (md),1505
cleveland (oh),5368
cocoa beach (fl),14424
cincinnati (oh),11780
flagstaff (az),6958
fort myers (fl),6861
spokane (wa),13796
harrisburg (pa),6031
indianapolis (in),11863
kansas city (ks),6719
napa (ca),15448
omaha (ne),13630
page (az),3962
memphis (tn),3054
montgomery (al),15642
moab (ut),8145
modesto (ca),8418
minot (nd),6105
marquette (mi),1942
madison (wi),17136
kenner (la),13691
mammoth lakes (ca),2333
natchitoches (la),8285
naples (fl),342
north bay (on),11316
nelson (bc),177358
nappanee (in),5286
somerset (ma),17643
digby (ns),12431
el paso (tx),7692
erie (pa),13368
everett (wa),10405
florence (or),17311
gillette (wy),6286
grover beach (ca),17501
lake havasu city (az),11218
hinton (ab),7298
hilo (hi),13416
puako (hi),78857
houma (la),4319
huntington beach (ca),8434
huntsville (on),17508
kawela bay (hi),732181
wailua (hi),732168
lihue (hi),14281
kaanapali (hi),732173
chantilly (va),17460
herndon (va),17505
wichita (ks),12289
idaho falls (id),20860
moran (wy),17566
jasper (ab),15758
jekyll island (ga),15802
laguna hills (ca),13997
south lake tahoe (ca),5283
lacey (wa),17535
little rock (ar),407
lake louise (ab),7949
las vegas (nm),17811
la malbaie (qc),1200
mobile (al),5334
manchester (nh),17551
minden (la),7903
toyohashi,106237
santa ana pueblo (nm),17632
greenwold (ns),718346
alexandria (la),17252
alexandria (va),10731
amarillo (tx),1249
americus (ga),11095
andover (ma),17328
annapolis (md),405
arroyo grande (ca),16300
ashland (or),13969
oranjestad,5338
augusta (ga),17253
savannah (ga),15032
canmore (ab),6202
barstow (ca),7500
avon (co),5837
bakersfield (ca),14094
bar harbor (me),12195
laughlin (nv),9506
bismarck (nd),13716
bishop (ca),12174
bend (or),2295
boise (id),8559
peabody (ma),8651
dedham (ma),17473
danvers (ma),6100
bozeman (mt),11829
north bergen (nj),17133
baton rouge (la),4359
so burlington (vt),17641
columbia (sc),2299
casper (wy),92
carrabassett valley (me),17456
chadron (ne),14467
yakima (wa),12170
chattanooga (tn),14566
prospect heights (il),22129
charlotte (nc),12113
carlsbad (nm),17805
corner brook,169890
corpus christi (tx),7436
cheyenne (wy),14776
daytona beach (fl),3965
ormond beach (fl),9920
dana point (ca),12196
dodge city (ks),9309
bacolod (negros occidental),10562
hakone,79849
phetchaburi,17793
loei,17036
trang,4682
ko tao,17389
ko pha-ngan,17402
udon thani,10787
kufstein,8044
tianjin,13259
wuxi,4556
sihanoukville,17331
kijal,106037
redang island,21299
perhentian islands,106060
kuala terengganu,15780
seremban,106017
kuala tahan,211417
miri,1102
labuan,14242
dungun,106033
bayonne,7964
agrigento,15244
catania,5596
genoa,16584
lecco,3375
tenerife,17379
aberdeen,18916
ballater,3832
cheltenham,751
canterbury,10760
dartford,11946
darlington,1406
irvine,17371
grimsby,13696
halifax,17369
huddersfield,8232
haydock,7116
ipswich,5210
kings lynn,16513
newcastle upon tyne,16164
reading,17375
ampfield,722681
stone,9205
shrewsbury,17376
stevenage,2480
telford,9852
halton,130133
pai,78905
sedona (az),9768
walnut creek (ca),9227
marana (az),104437
eureka (ca),13427
corning (ca),13695
missoula (mt),3778
great falls (mt),12979
kanab (ut),5162
cave spring (va),719404
rutland (vt),9077
pendleton (or),3175
frisco (co),3562
south williamsport (pa),717852
williamsport (pa),5695
saugus (ma),7068
palm beach (fl),8419
barnstable (ma),147946
colorado springs (co),10680
framingham (ma),11541
clearwater (fl),9974
gettysburg (pa),14458
lompoc (ca),15014
key largo (fl),15391
bangor (me),17325
colombo,7835
negombo,10136
kandy,11158
bentota,14130
wadduwa,12829
ashburton,17727
newport,18931
whistler (bc),15305
amalfi,9286
epernay,11908
havant,130233
costermano,75808
marks tey,131182
regensdorf,68018
positano,4569
redruth,17743
sefton,132197
wych cross,133426
exeter,17367
falmouth,17734
parksville (bc),8915
kimberley (bc),17738
axbridge,128102
dongguan,16670
guiyang,79729
lhasa,10509
phang nga,102461
perce (qc),11232
saguenay (qc),101037
rimouski (qc),4509
riviere-du-loup (qc),17615
matane (qc),13884
waterton (ab),718316
sydney (ns),17673
moncton (nb),1314
salmon arm (bc),535
tofino (bc),6003
delta (bc),103167
kelowna (bc),10592
prince george (bc),14989
whitehorse (yt),8851
port hardy (bc),7985
ixtapa,16316
beihai,79706
foshan,19479
fuzhou,7900
nanchang,16667
sanya,14544
zhongshan,5682
zhuhai,10022
abingdon,17726
alfriston,5499
market bosworth,16019
gillingham,1094
standish,71538
barnstaple,11065
caernarfon,18933
chipping campden,15830
pocatello (id),13607
south portland (me),17813
powell river (bc),17601
puerto vallarta,61
freeport (me),17488
rapid city (sd),14403
redding (ca),10128
three valley gap (bc),726127
richmond (va),17139
rock springs (wy),1506
sacramento (ca),8881
le gite-du-mont-albert (qc),718387
sackville (nb),17620
santa fe (nm),9589
fremont (ca),14365
saint-gedeon (qc),17648
buffalo (wy),17803
san juan,17823
san luis obispo (ca),1420
cherokee (nc),9296
west springfield (ma),13848
st. augustine (fl),16395
tadoussac (qc),4894
taos (nm),3592
tallahassee (fl),471
oro valley (az),100545
vernon (bc),17685
fort walton beach (fl),21258
weehawken (nj),17693
wickenburg (az),13939
winston salem (nc),19842
leduc (ab),98883
truro (ns),17677
halifax (ns),4216
la roche-pleureuse (qc),718374
kamloops (bc),868
mont-tremblant (qc),11353
gatineau (qc),7119
prince rupert (bc),2611
caraquet (nb),17457
baie-saint-paul (qc),17428
gaspe (qc),8180
saint-felicien (qc),17651
baie-comeau (qc),17427
mamallapuram,737477
pushkar,21648
kanha,17936
manali,9028
port arthur,17916
bogor,21740
great ocean road - apollo bay,390122
port fairy,4859
lakes entrance,4408
batchelor / litchfield national park,17890
coral bay,17897
carnarvon,6421
mission beach,8390
cervantes,13375
coonawarra,17896
yarra valley,17930
eden,17899
gippsland region,513003
bunbury,3666
albany,17208
ballina,17889
tumut,8590
benalla,10447
griffith,672
geraldton,2438
bendigo,10985
gladstone,5084
dubbo,11312
bright,14591
esperance,13632
kalbarri,17908
kangaroo island,17209
deloraine,10533
somerset,142826
sutton forest,512978
mornington peninsula,17914
tamworth,19401
wangaratta,8356
echuca,13643
mount gambier,8165
mandurah,11655
ballarat,14771
shepparton,12479
walhalla,17925
whyalla,280
chittorgarh,17271
ranakpur,16858
khejarla,711934
vapi,17947
andaman and nicobar islands,9216
channel-port-aux-basques (nl),7834
saint-paulin (qc),17625
port angeles (wa),3489
pembroke (on),17593
penticton (bc),3392
panama city (fl),17589
bensalem (pa),1274
timaru,6279
augsburg,5249
bonn,11748
bremen,8415
il-gzira,67950
bratislava,4091
salamanca,4955
benahavis,21277
malang,5414
semarang,19359
nong khai,105626
prachinburi,17794
nakhon si thammarat,17790
holualoa (hi),201964
waimea kauai (hi),100903
napili-honokowai (hi),732175
kihei (hi),6692
wailea (hi),7636
incheon,17234
dharamshala,17843
indore,3177
nagpur,7010
gisborne,8966
hokitika,1483
kaitaia,10114
manapouri,14728
martinborough,17878
matauri bay,17879
napier,5522
new plymouth,15609
bay of many coves,717298
manado,19438
makassar,23732
quartu sant elena,19266
bolton,4614
paphos,517
tilburg,2857
segrate,88599
avellino,8530
peterborough,17783
surat thani,2570
nakhonratchasima,702243
ubon ratchathani,6771
nan,16115
lopburi,17762
phrae,11743
uttaradit,17766
nakhon sawan,15308
omarama,8686
oamaru,4790
karratha,6164
soestduinen,17986
kinsarvik,13764
ål,16047
narvik,3649
stalheim,7868
tarragona,5570
almagro,79360
trollhattan,17969
kandersteg,14122
saas-fee,907
appenzell,3393
wengen,11786
schaffhausen,15214
canakkale,16116
dundee,6654
zutphen,7140
amiens,13338
guisborough,19053
baveno,765
cagliari,106082
wigan,814
wolverhampton,6823
belgrade,79692
st. andrews,18960
samlesbury,71213
winchester,17205
trevi,19315
hemel hempstead,2757
wittenberg,121660
fussen,16501
kempten,16408
wolfsburg,5966
ulm,470
chemnitz,8395
kelsterbach,8326
weinheim,21272
luneburg,70290
constance,17974
broadway,8945
delphi,16327
thessaloniki,8711
archea olimpia,718575
alberobello,14993
caserta,5920
corning (ny),22887
medmenham,131227
newquay,11171
oakham,18290
oban,2617
port talbot,18291
preston,14749
bolsover,128448
strathpeffer,15427
lea marston,70128
troon,18977
wakefield,18296
wallingford,18297
owslebury,131640
rusland,686157
mamanuca islands,19556
taveuni,18308
seychelles islands,669661
dinant,13464
sofia,8581
krk island,18314
opatija,18319
avaldsnes,99261
sandnes,11453
feldkirch,14390
kitzbuhel,16044
koror island,18337
puerto plata,78540
burnie,11957
magnetic island,15438
changhua,18341
chiayi,11977
nantou,18346
tainan,18347
pasay city,178410
tagaytay,18218
al-khobar,4276
riyadh,5349
bistrita,10100
iasi,18223
sibiu,1987
odessa,18225
sigiriya,18230
cozumel,6546
merida,15697
playa del carmen,8373
san cristobal de las casas,21280
christ church,6851
amberg,18241
bamberg,14999
berchtesgaden,5994
bochum,9944
bretten,18244
bad doberan,19118
kassel,3367
kastellaun,18255
lubeck,16003
munster,16574
oberhausen,5072
saarbrucken,16415
schnelldorf,18261
rottach-egern,19730
traben -trarbach,12036
trier,9883
wetzlar,9711
ballachulish,18921
bournemouth,8338
carlisle,11228
pulford,719558
rossett,99493
folkestone,5734
st. saviour,718924
bagot,716432
lincoln,18281
llandrindod wells,5420
llanelli,6054
mauritius island,19226
huahine island,18159
tahiti,102632
tahaa,513019
tongariro national park,17217
jagodje,726413
iisalmi,11758
nokia,2561
saipan,16932
jaco,18179
antigua guatemala,18181
guatemala city,12939
livingston,18182
flores,18184
tikal,18187
noumea,9764
denizli,18190
marmaris,5997
bollnas,16232
gavle,16365
nykoping,16414
skelleftea,16333
skovde,16149
sodertalje,18193
sundsvall,4907
umea,67844
schwyz,102890
murren,16322
keflavik,1251
bloemfontein,1491
kwazulu natal,102962
george,8360
knysna,7720
oudtshoorn,14765
port elizabeth,7103
kruger national park,23055
stellenbosch,14493
bandar seri begawan,6691
al ain,9174
ras al khaimah,12050
pucon,11670
batangas,18215
bohol,16429
vila velha,18025
akita,9190
aomori,8950
onomichi,106682
fujikawaguchiko,247771
guarulhos,14871
thiruvananthapuram,14100
puri,5063
mandi,18030
dalhousie,17275
corbett,17274
ngapali,18042
ilocos norte,720988
bergamo,13714
khao yai,17005
prachuap khiri khan,18732
rabat,3147
asahikawa,105656
kushiro,105657
riccione,3899
woodlesford,133365
tavira,13638
crete island,18007
sligo,2766
vilamoura,160
heywood,69690
belo horizonte,12021
florianopolis,8734
comandatuba,718549
londrina,18019
ouro preto,8455
paraty,18020
porto alegre,1689
porto seguro,5216
tibau do sul,78510
templepatrick,16799
saint helier,716401
alleppey,14382
bharatpur,14752
gifu,10163
hamamatsu,108342
matsuyama,18809
morioka,88747
niigata,9732
oita,107890
saga,8563
takamatsu,88749
tottori,5937
sasebo,107729
sakai,108142
taitung,4740
taoyuan,8453
yunlin,18352
arad,9302
s-hertogenbosch,18360
sluis,72545
wolfheze,4522
zandvoort,13752
zwolle,10837
annecy,11918
arras,3876
azay-le-rideau,18365
gravelines,77277
cap-d'ail,18369
les houches,79343
cherbourg-octeville,6729
chinon,13601
fontainebleau,7870
honfleur,11306
loches,18380
saran,20579
pau,10868
perigueux,10492
perpignan,10752
rodez,1403
rouen,4426
tours,6476
vannes,13459
ribe,18406
novi sad,79693
isabela,18409
el campello,87852
escaldes,20709
aranjuez,4007
aviles,16734
baeza,79545
castelldefels,21274
burlada,73451
costa brava y maresme,21337
calella de palafrugell,21128
calpe,5835
cambrils,12557
castellon de la plana,16736
roses,19272
fuengirola,79607
vilobi d’onyar,73953
gijon,15237
grazalema,5310
isla,79372
lanzarote,16256
lleida,18742
llanes,9060
lloret de mar,1327
lugo,13238
montbrio del camp,106080
mondariz-balneario,713425
reus,15083
salou,99394
astillero,666681
suances,79366
sarria,18497
tortosa,15729
ubeda,99407
almussafes,102323
villareal,200344
vitoria,8417
kurashiki,107930
gdynia,15755
castlebar,18544
dingle,18549
donegal,18550
ennis,18552
furbo,159275
letterkenny,9293
castleconnell,19445
roscommon,18557
tralee,220
tullamore,18558
dali,79714
datong,79918
dunhuang,79856
haikou,11931
harbin,2772
jiuzhaigou,21502
lanzhou,12737
lijiang,79756
mianyang,79859
nanning,23733
quanzhou,19480
shantou,15347
huangshan,21664
weifang,79777
yantai,79639
yiwu,19477
suzhou,6343
samarinda,21506
kos island,12611
albano laziale,18095
fasano,10718
arezzo,3114
bisceglie,18099
bracciano,18101
brindisi,18102
san giovanni la punta,79501
chianciano terme,10010
cortona,7273
faenza,18109
calenzano,18789
foggia,8867
forte dei marmi,9648
frascati,18112
gallipoli,1862
imola,4818
terni,626
lecce,3656
san bonifacio,76402
san giorgio di mantova,715993
meran,18117
cerro maggiore,18790
milano marittima,21569
montecatini terme,10009
olbia,2253
oristano,18126
torgiano,76614
piacenza,6731
porto cervo,11343
portofino,13064
riva del garda,12911
san giovanni rotondo,6317
massa lubrense,7390
sperlonga,18137
spoleto,4063
quarto d'altino,18797
sommacampagna,76557
praia do forte,18023
albufeira,5590
alvor,18686
silves,73315
lagoa,18694
braga,1105
cascais,12329
coimbra,11570
ericeira,18691
evora,422
mealhada,73242
madeira island,18013
quarteira,18703
sines,18707
auburn (ny),23219
baltimore (md),7321
bloomington (il),18710
brookline (ma),23278
elko (nv),11800
gatlinburg (tn),4197
hilton head island (sc),13747
hood river (or),9674
kennewick (wa),10147
lake charles (la),3586
lewiston (id),9775
loveland (co),266
oklahoma city (ok),13689
overland park (ks),1686
petaluma (ca),14746
plattsburgh (ny),7821
rancho mirage (ca),3134
santa rosa (ca),9477
sheridan (wy),9108
sparks (nv),14643
springfield (ma),570
springfield (il),17052
tuscaloosa (al),6683
w des moines,146731
woburn (ma),17697
wenzhou,79778
changchun,4980
changzhou,23744
shangri-la,79799
pozzuoli,16823
rijswijk,19474
heiligenblut,5097
st. gilgen,71231
st wolfgang im salzkammergut,16144
buchen,68730
plovdiv,12421
ismailia,14804
bergerac,10292
cagnes-sur-mer,18750
trouville-sur-mer,18802
kechries,718579
kalampaka,73008
mykonos,12153
loutraki,4749
rhodes,16051
budaors,67690
aosta,10519
mazara del vallo,18794
san giuliano terme,76424
verbania,9566
kaunas,4176
livange,109204
gozo,16933
nazare,15316
viana do castelo,8726
lund,15698
vanersborg,18768
ballygally,21251
ellesmere port,86726
lancaster,9950
high wycombe,4269
bayreuth,4765
celle,13541
kaarst,18779
nordlingen,18781
raunheim,4346
arcachon,2453
chom thong,204544
koh mak (trad),21675
aso,247283
tokushima,18816
karuizawa,250191
nagano,1124
matsue,108312
marugame,107169
lumut,19409
sankt veit an der glan,71256
lindau,70191
ronda,8969
trujillo,5928
vineuil,77871
montichiari,165283
hazyview,14017
i̇zmir,13183
leeuwarden,9514
san pedro de alcantara,73837
pleine-fougeres,87506
saint-jean-le-blanc,78319
noain,23078
sant' ilario d' enza,163967
meta,79492
timisoara,10580
saint-pierre-des-corps (centre),713920
paese,178252
tunis,8152
betera,101043
ville-d'avray,195565
chipping norton,16102
doncaster,17775
stonefield,132554
horwich,86757
vila nova de gaia,20612
naantali,18175
lautoka,13261
nuwara eliya,10008
porto santo island,719201
kinsale,6969
castelo branco,15869
praiano,8312
livingstone,11577
medina,23028
santa fe,73865
spa,1313
veliko tarnovo,16548
larnaca,2993
orange,8770
marsala,2425
san vitaliano,76452
mecca,78591
al hofuf,19034
mantova,13679
siofok,773
blarney,15402
ravello,6602
stintino,19048
cobh,18548
laredo,87906
caesarea,8575
la manga del mar menor,79331
alcanena,19038
leiria,9207
eger,8600
vitznau,18770
vence,2454
dinard,7418
tirrenia,14907
hévíz,13239
yanbu,1203
al jubail,19035
windhoek,18231
saumur,2044
urbino,9730
chiclana de la frontera,102492
dammam,8449
ferrol,16127
calahorra / san adrián,12751
chinchon,79592
nerja,79527
santillana del mar,79504
segovia,5669
soria,2950
benavente,198194
les masies de roda,713414
letojanni,5477
vaduz,4372
lami,719720
chavania,105750
modena,5919
aigues-mortes,19033
sesimbra,3366
largo (fl),20879
freeport,17818
santo domingo,18340
san jose del cabo,9342
cuernavaca,4716
gosier,14702
stokenham,708536
grouville,716412
penzance,2234
saskatoon (sk),7470
brac island,23037
dawson city (yt),19023
abano terme,13633
montegrotto terme,10588
albacete,5476
almeria - costa de almeria,4708
ankara,2423
antequera,14741
bandarawela,80019
asti,7608
aveiro,14558
ayia napa,6889
bad herrenalb,12480
cellole,164480
bari,4094
barletta,6464
cardona,21308
gwangju metropolitan city,19042
bassano del grappa,14590
cascia,169268
salinas de bielsa,707557
cazorla,21126
hajduszoboszlo,18989
ijmuiden,18992
crans montana,18998
zug,6205
colmar,15038
magdeburg,5145
keswick,13281
mayo,18928
syracuse,11617
san leone,88558
lienz,5724
hondarribia,12112
beetsterzwaag,8337
krems an der donau,87047
wiener neustadt,72077
ponce,11244
surakarta,2961
weston turville,133158
colchester,2361
eastleigh,69079
titchfield,132806
farnborough,15813
guildford,1677
kingston upon hull,79462
maidenhead,2853
sandiacre,132137
runcorn,3861
minori,18974
kristiansund,7907
inverkeithing,86760
newtonmore,18955
killin,18952
tain,79576
montrose,18954
peterhead,18956
dingwall,18949
menorca,17374
antalya,7493
ashford,128051
newcastle under lyme,70637
crick,22414
santa ana (ca),6579
london (on),17548
bad homburg vor der hohe,68361
cat ba island,17243
hoa binh,18044
lang tengah,105642
yamba,14897
toowoomba,4480
xieng khouang,256217
deqen,405400
kep,18910
st. petersburg (fl),1541
klamath falls (or),8332
tamarac (fl),20997
harlingen (tx),4889
marlborough (ma),18855
auburn (ca),1379
monocacy station,153222
cedar rapids (ia),10281
southaven (ms),5798
reno (nv),6214
harvey (la),22714
cocoa (fl),78763
cinnaminson (nj),18848
kahului (hi),23261
kahaluu-keauhou (hi),732149
bryce canyon (ut),88052
williams (az),6319
costa mesa (ca),10313
york (pa),18854
hayward (ca),9289
utica (mi),9553
castle rock (co),18841
florence (ky),17808
stoke on trent,16537
vilvoorde,135225
montmelo,79635
mojacar,79472
impruneta,75927
armagh,19062
chalon-sur-saone,4065
citta di castello,19105
alcaniz,197908
storms river,78706
yala,390172
saint martin,513070
oyster pond,720935
chalkidiki,105104
santa cesarea terme,88569
zakynthos island,19336
kallithea (chalcidice),73010
kefalonia,1223
laulasmaa,719891
lovere,79318
mirano,2342
tortoli,88630
bad ems,19119
protaras,19999
saint-patrice,715068
santa vitória e mombeja,720262
grandes rocques,716420
ilfov,738888
pleven,19255
rarotonga,19095
pisek,19251
saint-martin-de-re,78343
mayenne,19229
monterrei,717657
cangas de onis,79575
cervera de pisuerga,103674
trets,78219
ammouliani,688625
villeneuve-la-garenne,195585
ribadeo,712750
manzanares,21674
puebla de sanabria,390233
benicarló,198200
villafranca del bierzo,103823
gex,87348
arcos de la frontera,99340
ayamonte,99344
caltagirone,19130
cambados,717231
castel san pietro terme,79676
trapani,19313
faaborg,16486
freudenstadt,19163
o grove,99381
guardamar del segura,79460
saint saviour,716428
el hierro,19177
hudiksvall,19180
khasab,19196
kuressaare,19198
lerma,717575
lignano sabbiadoro,19206
limpias,713314
druskininkai,19589
ski,136504
lousa,175893
rzeszow,19572
viseu,19492
poiana brasov,8821
mossel bay,8857
qesm nwebaa,734057
yilan,88773
rye,19605
rajasthan,17939
coorg,17273
mysore,5455
nainital,12354
wagga wagga,3227
caravelas,19550
morro de sao paulo,19678
antofagasta,11731
calama,10150
los angeles,19585
san pedro de atacama,18065
talca,14895
temuco,235
valparaiso,4086
villarrica,1944
jelsa,98957
gottingen,20661
santiago de los caballeros,141345
alarcon,73359
guadalupe,390235
moville,72918
laguardia,19575
courcelles-de-touraine,19558
yasawa islands,19557
rennes,3905
rocamadour,13736
vosne-romanee,19559
lytham st annes,70301
crewe,224
rousse,716423
rhu,71070
prestatyn,79495
barnby moor,128186
pecs,4043
montesilvano,76117
lido di jesolo,18115
mottola,19567
steels creek,719608
clare valley,512963
charters towers,19497
mildura,8316
albury,5126
jackson (wy),17141
woodstock (vt),19526
stowe (vt),9035
salem (ma),19527
jefferson city (mo),3749
salisbury (md),19514
galveston (tx),10196
louisville (co),17827
orchha,17868
ranthambore,21649
varkala,17306
kodaikanal,18709
amritsar,7741
siliguri,19540
general trias,720012
tarlac,19543
katherine,623
kununurra,3997
nambucca heads,10750
naracoorte,13000
manfredonia,18973
varese,1811
holywood,130429
linden (nj),19452
campinas,7242
combarro,73507
chonburi,17787
puerto galera,18874
ulsan,10137
huizhou,16675
burlington (ma),17450
hermanus,4587
sant'alessio siculo,19493
radda in chianti,19755
pekanbaru,19391
picton,17880
karikari peninsula,669581
turangi,3893
raukawa,719866
great barrier island,19693
kaikoura,14687
strobl,2768
erding,10671
marcon,176304
granollers,2624
ambleside,6792
shap,132227
fuerteventura,19416
montano lucino,715782
cremona,6112
ferrara,12344
la baule,4466
caen,549
limavady,70186
waterstock,71969
mottram st. andrew,723148
rugby,19061
stirling,18927
miyazaki,13561
bucheon-si,19388
daylesford and macedon ranges,6460
parkes,3277
salve,76396
miercurea-ciuc,19230
binasco,75543
miengo,717695
monte sant'angelo,19234
nizwa,19738
olite,79425
oropesa,12387
torcy,21155
plasencia,99383
platja d'aro,79606
poggibonsi,19257
pontevedra,8985
ponza island,19258
port vila,17163
portoroz,19261
rakiraki,19726
pomezia,5226
santa cristina de aro,199969
vila do porto,73341
santo domingo de la calzada,19285
skiathos island,1062
tordesillas,200119
ricadi,76342
val-de-reuil,16749
vilalba,717646
villasimius,19333
viseisei,719339
hluhluwe,19342
sos del rey catolico,716189
albelos,687612
melilla,19340
castelsardo,19141
llandudno,13015
caxias do sul,361
joinville,19348
ribeirao preto,19351
cuiaba,8464
blumenau,10603
santo andre (bahia),671303
layton (ut),5911
norfolk (va),770
cirebon,19623
bandar lampung,19625
mengkendek,719280
magelang,18878
bekasi,5152
anyer,21741
parapat,390238
berastagi,21719
bukittinggi,19622
padang,18881
palembang,78901
sabadell,1031
sandefjord,83
angers,8578
molins de rei,20506
ciudad-rodrigo,79461
bodrum,3253
kas,19193
langbank,103292
worcester,79315
aceh,19806
hikkaduwa,262
lossiemouth,19803
tateshina,710955
aracaju,4841
cascavel,19810
aquiraz,105265
itacare,19350
joao pessoa,16636
maringa,19814
olinda,16634
mata de sao joao,21240
camacari,19816
bonito,19349
barueri,20341
jericoacoara,19815
tiradentes,19817
belem,12953
providence (ri),11639
vinh,115666
cua lo beach,21501
đồng hới (quảng bình),18866
marche-en-famenne,19823
sevres,11816
kalmar,13863
apeldoorn,4573
serravalle pistoiese,19825
koli,19826
stra,19758
terme vigliatore,79418
creazzo,169987
vietri sul mare,5535
castellammare del golfo,75688
klaipeda,2533
peniche,19248
portimao,18701
moncarapacho,73249
fraga,198827
viana,103818
fethiye,19577
fleetwood,129775
nuneaton,2323
dunfermline,3082
dewsbury,663855
walsall,11601
stretton,132597
nasca,19766
galle,19768
efate,711835
lenakel tanna,105087
hafslo,19762
fafe,19800
ovar,19772
ponta delgada,4557
moravske toplice,19780
castellarnau,727629
haan,4627
henstedt-ulzburg,126700
bad hindelang,68360
rees,19729
kreuth,70040
ios chora,88280
naxos island,7077
fujairah,4626
mitzpe ramon,19734
puebla,78569
uxmal,9511
zalakaros,19564
sopron,5683
portlaoise,2754
carlow,2373
porto empedocle,178907
campi bisenzio,8520
carpi,20025
scarperia,163978
grosseto,12299
ischia island,19184
amantea,88330
martina franca,19225
medesano,163694
mesagne,176595
ponzano romano,19754
santa teresa gallura,88574
colle di val d' elsa,715595
teresina,13572
lencois,19677
plettenberg bay,11287
taba,9083
el jadida,19679
outjo,665606
luderitz,175926
mariental,19685
burgas,16479
nessebar,19699
vitrolles,20624
conil de la frontera,99354
arosa,10644
novigrad,19703
pula,19020
vodice,19708
grena,19709
viviers-du-lac,715179
corte,19148
thuir,195030
rogliano,666019
margaux,19716
megeve,8903
nantes,983
propriano,19718
saintes,19084
la valette-du-var,20455
tamarindo,16686
tocumen,200448
castro,19552
savusavu,1260
lomaiviti islands,711745
altenburg,18240
phan rang – tháp chàm (ninh thuận),21557
dien bien phu,19657
atlantic city (nj),7266
chicopee (ma),6520
spokane valley (wa),104808
las cruces (nm),2185
palm desert (ca),15792
spearfish (sd),6631
sonora (ca),1945
yuma (az),13331
uthai thani,17799
balikpapan,88776
hancock (ma),1835
wisconsin dells (wi),8157
gordonsville (va),19666
davis (ca),5187
bromo,716194
bad neuenahr-ahrweiler,68382
bad worishofen,68419
lam,19674
zingst,19675
saint john,17824
aalst,15567
balatonalmadi,79468
valkenburg aan de geul,713273
ponferrada,7537
zafra / llerena,15478
mount isa,1457
rottnest island,19488
port augusta,14767
kanchipuram,30359
charleston (sc),2217
fayetteville (nc),3223
fort worth (tx),17487
greensboro (nc),4689
kelso (wa),13737
laguna beach (ca),3055
marco island (fl),11819
roanoke (va),8264
rohnert park (ca),7402
samod,710863
tirupati,18035
vijayawada,88777
toyoura,106868
bloomington (mn),15643
crystal river (fl),2462
monzuno,163744
polis,79403
vigasio,183202
skjetten,735734
herrenberg,15509
gera,7358
radebeul,70982
arendal,9080
bronnoysund,18327
tirana,9206
tbilisi,647
cesena,75745
sulzano,165429
zhangjiajie,79797
shijiazhuang,1286
bealey,718234
trawas,102505
blitar,105624
pelabuhan ratu,214880
wuyishan,79780
hillerod,19968
juelsminde,19972
sant andreu de la barca,21312
canet de mar,20022
zuia,718121
museros,199545
couiza,19955
enghien-les-bains,20404
pacific harbour,19927
royan,4608
sedan,20005
huntingdon,19969
bradford,4023
flore,129782
thundridge,132766
aegina,11159
skala,242042
asprovalta,19935
pianiga,178609
fiorenzuola,19963
fornello,712818
essaouira,6139
castelo de vide,18690
celorico da beira,19947
butuan,19944
montijo,176941
airai,700827
botosani,19942
braila,19943
buzau,19945
deva,19956
rustenburg,20003
orebro,16237
pendoylan,720901
mersin,19792
split,6325
senigallia,11118
gomersal,129945
paros island,11524
billund,15552
skien,16523
salsomaggiore terme,14364
halls creek,19548
montbazon,4631
sighisoara,16450
bydgoszcz,13481
bastia umbra,715429
constanta,14877
wychbold,719703
moree,12386
campo grande,5650
nowra,2515
batemans bay,13105
tysons (va),717795
marshfield (wi),701
dunnigan (ca),14033
bodega (ca),720211
randolph (ma),15266
hot springs (ar),8317
woodhaven (mi),14726
salem (or),17312
somerville (ma),9606
tampa (fl),2374
scranton (pa),14274
lakewood (co),12524
alajuela,15315
charlottetown (pe),6345
chihuahua,9677
coatzacoalcos,13798
melfort (sk),176531
ingonish beach (ns),14787
nassau,10440
catamarca,19903
resistencia,19905
villa mercedes,19906
punta cana,3332
mazatlán,14809
tuxtla gutierrez,6606
colima,19895
durango,170566
morelia,3256
monterrey,13791
navojoa,19898
poza rica de hidalgo,514185
liberia,4425
jackson (ms),8015
londonderry (nh),19884
turrialba,19912
quepos,6629
managua,11504
bentleyville (pa),19869
elgin (il),19874
woodstock (nh),717920
glastonbury (ct),19875
oxon hill (md),19924
branson (mo),11267
riviera beach (fl),104700
hershey (pa),1966
hallandale beach (fl),78790
sarasota (fl),804
south padre island (tx),6036
gaithersburg (md),13363
cedar city (ut),1489
port saint lucie (fl),19845
warren (mi),10781
miramar (fl),19857
west haven (ct),19837
jacksonville (ar),948
south plainfield (nj),20974
lebanon (tn),31
gloucester city (nj),19861
clark (nj),15320
brawley (ca),5413
asheville (nc),7165
utica (ny),6768
raymondville (tx),100648
salinas (ca),9084
concord (ca),5363
ontario (ca),13596
whitefield (nh),19507
new london (ct),9925
montebello (ny),718685
boncelles,20681
yaounde,8102
abuja,571
big bear lake (ca),11807
kingsbury (nv),718184
oceanside (ca),7750
jena,7621
rostock,15378
schwerin,12680
velsen,713274
konigswinter,70016
stahlhofen,124952
rotenburg an der fulda,20655
quémaro,79272
lehrte,20657
collegno,20667
lawrence township (nj),718010
durham (nc),2394
chapel hill (nc),8090
clarksville (tn),20781
johnson city (tn),7306
binghamton (ny),22358
pensacola (fl),8053
nimes,8615
hickory (nc),10105
beatenberg,10386
lansing (mi),10992
mount laurel (nj),14456
ottignies-louvain-la-neuve,718210
albany (ny),17096
florence (sc),17485
middleburg heights (oh),17560
wilkes barre (pa),18731
hurricane (wv),20692
washington (pa),20693
scranton (ny),720101
salem (nh),20697
west monroe (la),21018
richmond (ky),20703
milford (ct),20707
osnabruck,16059
nurburg,70702
orleans,8705
collegien,7936
palaiseau,12234
rouvignies,193773
sao jose dos campos,18024
lausanne,2003
accra,7100
san nicola la strada,76437
freising,10482
arnsberg,3756
dakar,20637
velizy-villacoublay,20609
rueil-malmaison,20542
le coudray montceaux,20464
villers-sur-mer,20621
saint-jean-de-monts,20555
carnac,20367
le touquet,20467
geispolsheim,20420
chaponnay,20378
villefranche-sur-saone,20616
villefontaine,20615
gieres,20422
vaugneray,195322
vernier,183140
biel/bienna,20347
baar,20336
castrop-rauxel,20369
ludenscheid,70277
ludwigsfelde,20481
wustrow (mecklenburg-vorpommern),713605
neu-isenburg,20511
jaragua do sul,20441
rochester hills (mi),20540
charleston (wv),20774
canton (oh),17116
boardman (oh),103936
south deerfield (ma),20585
westlake (oh),20627
southborough (ma),20586
st. robert (mo),20982
cranberry township (pa),20393
thousand palms (ca),20596
lithonia (ga),20478
mount pleasant (sc),13013
luggate,719855
dessau-rosslau,68971
duisburg,7855
ramona (ca),88135
crissier,516
poissy,15711
grays thurrock,69432
rotherham,15710
winterthur,13117
braunschweig,2792
bielefeld,9349
le bar-sur-loup,547961
cabourg,10032
suhl,13345
neckarsulm,13841
hamm,6523
opole,4318
creteil,1535
ballincollig,718967
mount buller,19645
exmouth,17220
algiers,1194
ebina,247665
bellmawr (nj),11329
new braunfels (tx),15664
greenwood (in),14813
rockford (il),2585
lanham (md),2856
willowbrook (il),9836
warrenville (il),22670
allentown (pa),1868
manassas (va),7218
edison (nj),8197
fairborn (oh),14248
kalamazoo (mi),2108
miamisburg (oh),4027
michigan city (in),2650
danville (pa),21723
merrillville (in),3089
dayton (oh),1394
oshtemo,148526
independence (oh),3724
benton harbor (mi),885
ann arbor (mi),15508
joliet (il),292
greenville (sc),11356
chesapeake (va),12335
barboursville (wv),3507
statesville (nc),4173
champaign (il),3411
monroeville (pa),6506
goodlettsville (tn),3184
mansfield (ma),8208
gainesville (fl),14147
tinton falls (nj),12509
laredo (tx),18834
porticcio,14465
sopot,13115
abidjan,9155
paderborn,8438
douala,11164
sion,16483
kingsport (tn),6843
laramie (wy),2597
temecula (ca),15000
stevenson ranch (ca),22181
lubbock (tx),9787
lufkin (tx),12708
lawrence (ks),12237
moline (il),14002
marion (in),15411
eden prairie (mn),6502
harrison (nj),641
norfolk (ne),14651
norman (ok),6517
auburn (ma),15105
provo (ut),1537
orem (ut),18844
rolla (mo),228
rocky mount (nc),7569
roanoke rapids (nc),11138
san marcos (ca),4391
stroudsburg (pa),4513
state college (pa),11954
lynnwood (wa),5791
tukwila (wa),6414
shelby (nc),10028
san angelo (tx),5784
wichita falls (tx),5618
searcy (ar),11039
sumter (sc),15483
troy (al),1949
maumee (oh),14311
temple (tx),7674
troy (oh),1881
traverse city (mi),13240
ukiah (ca),5938
uniontown (pa),14169
valdosta (ga),14014
west covina (ca),11480
east windsor (nj),10865
warner robins (ga),10744
wytheville (va),13418
zanesville (oh),12980
fort wayne (in),22797
pensacola beach (fl),104626
oak brook (il),21808
ashland (va),20734
audubon (pa),20739
bellevue (wa),20746
bloomington (in),20750
bourbonnais (il),20753
chino hills (ca),20779
clermont (fl),20782
colchester (vt),20786
cranford (nj),20796
denville (nj),20801
des moines (ia),20802
edgewater (nj),20817
evansville (in),20821
fairburn (ga),99953
fairfield (nj),20823
merrifield (va),155199
farmingville (ny),20827
estero (fl),20820
san salvador,10448
garrison,172024
san pedro sula,7764
evian-les-bains,16764
winnipeg (mb),3564
markham (on),11131
laval (qc),19389
plymouth (ma),17597
portsmouth (nh),19524
aiken (sc),9320
franklin township (nj),718046
springfield (oh),20695
shreveport (la),799
portland (me),18724
destin (fl),6882
sharonville (oh),20583
biloxi (ms),7800
milwaukee (wi),6931
johns creek (ga),717748
eagle (id),717892
west mifflin (pa),22260
pearl (ms),10920
madison (ms),13953
auburn (me),15672
nanuet (ny),15828
lake delton (wi),155988
agoura hills (ca),13945
lincolnshire (il),15514
college station (tx),7033
longview (tx),7265
ridgeland (ms),13947
mahwah (nj),12629
melville (ny),22431
broken arrow (ok),11142
scotts valley (ca),14595
fort collins (co),75
albemarle (nc),8661
madison (ga),1085
douglasville (ga),15017
fayetteville (ga),359
auburn (al),10893
moosic (pa),22568
edgewood (md),2439
beckley (wv),11359
bowling green (oh),14482
espy (pa),718506
franklin (tn),1377
natick (ma),90
boynton beach (fl),13692
battle creek (mi),5764
bowling green (ky),22369
blytheville (ar),6450
glendale heights (il),100035
countryside (il),9558
gurnee (il),7557
chillicothe (oh),6066
carlstadt (nj),1446
clinton (nj),8620
commack (ny),11310
clifton park (ny),7960
dubuque (ia),4254
decatur (al),7016
longmont (co),14548
dothan (al),6206
dickson (tn),4011
sterling heights (mi),13402
elkhart (in),10464
elmsford (ny),6554
franklin (ky),13879
vero beach (fl),8084
franklin (ma),10845
van buren (ar),10466
springfield township (pa),718503
greenville (tx),9123
gainesville (tx),14459
grantville (pa),12854
helen (ga),13555
harrisonburg (va),2774
cullman (al),5166
madison (al),8398
hays (ks),12128
kingman (az),7023
jacksonville (il),12662
secaucus (nj),7032
twinsburg (oh),100872
irvine (ca),17257
englewood (co),12600
the woodlands (tx),21000
vancouver (wa),18839
bristol (tn),18845
suffolk (va),6282
westborough (ma),14696
alsip (il),2955
wilmington (de),238
bay city (mi),14781
claremont (ca),2069
covington (ky),15099
mcallen (tx),5397
livermore (ca),10699
bentonville (ar),14428
st. charles (il),16248
kennesaw (ga),10000
gilroy (ca),10602
waltham (ma),3605
issaquah (wa),7168
sestri levante,21092
koriyama,106536
inawashiro,106527
isesaki,106617
ueda,107683
toyama,3492
chelles,12761
montego bay,3561
tauranga,8555
bora bora island,16974
taree,4183
rota,99393
bailey's crossroads (va),718703
east aurora (ny),99898
grand rapids (mi),17080
bridgewater (nj),17087
la quinta (ca),5139
solon (oh),20969
cottondale (al),99827
sevierville (tn),9696
minneapolis (mn),10358
hebron (ky),20851
kimberly (wi),20870
laplace (la),20877
marysville (oh),9341
mchenry (il),20897
montrose (co),20909
mount dora (fl),20913
mukilteo (wa),20916
newark (ca),20920
oxford (oh),20933
palm beach gardens (fl),20934
paris (tn),20935
pearl river (ny),100578
portland (tx),19880
ridgefield park (nj),20952
salina (ks),20955
silver spring (md),14132
somerset (pa),20971
springfield (tn),20980
shenandoah (tx),100773
urbandale (ia),21004
santa clarita (ca),15008
windsor locks (ct),21026
alsisar,21063
gokarna,21086
mandawa,21074
thiruvanamalai,21089
vandanmedu,21042
ludhiana,319
carmona,2433
naut aran,73731
priego de cordoba,87962
villaggio mosè,719071
san gimignano,1900
east brunswick (nj),10996
sturbridge (ma),7794
pueblo (co),14307
woodbridge (nj),17061
sioux falls (sd),6528
princeton (nj),17069
ashburn (va),79870
marietta (ga),13746
sterling (va),13089
winchester (va),20629
rio rancho (nm),22139
renton (wa),1574
murfreesboro (tn),13245
fort pierce (fl),10606
melbourne (fl),11456
fargo (nd),4427
braintree (ma),17447
thornton (co),13593
bedford (ma),17439
metairie (la),17557
richards bay,21096
klerksdorp,14791
san francisco de coyote,726317
noord,21107
tegucigalpa,4927
castries,15685
rio grande,21498
tarbes,19587
pessac,13985
valence,6478
adelboden,6637
almancil,21472
alcazar de san juan,102253
blois,8127
olten,7958
vilanova i la geltru,102420
liestal,175638
oeiras,20524
beverungen,13206
arenzano,164684
rheinfelden,12699
zirl,103420
aarau,10812
targu mures,68118
kirchheim bei münchen,116235
bad aibling,771
harrachov,14858
la chaux-de-fonds,21121
dietikon,1974
belleville,186277
lipari island,75986
sabaudia,1860
panicale,21134
schlusselfeld,21140
hattersheim am main,21139
arendsee (altmark),21138
helmstadt,21142
bobingen,168175
bad neustadt an der saale,68383
diez,21143
crecy-la-chapelle,21159
bormes-les-mimosas,21162
saint-paul-de-vence,671619
obernai,21169
brides-les-bains,21165
karlovy vary,12863
ballyconnell,88224
sant antoni de calonge,21127
palanga,10366
akaslompolo,16995
la hulpe,135055
richelieu,21170
islantilla,79400
reggio calabria,1396
castagneto carducci,88381
lahinch,21137
delitzsch,12491
ruschlikon,179758
jossigny,21180
fischamend,669573
saint-laurent-du-var,20557
fiesole,13030
marcianise,163144
metz,10935
torre pacheco,21670
warrnambool,4212
figueres,21185
saanich (bc),98916
kingston (ny),19883
kaunakakai (hi),8495
sault ste marie (on),98927
helena (mt),9885
arcadia (fl),23695
milford (ma),8546
orange (ca),17587
appleton (wi),12819
madeira beach (fl),15057
volcano (hi),13658
salem (va),17627
la grange (ky),3324
barra de navidad,718146
saint-jean-sur-richelieu (qc),718039
bucerias,23642
valdez (ak),10839
pine bluff (ar),360
roseville (ca),1086
duluth (mn),6200
skagway (ak),12235
westminster (md),6712
huron (oh),753
willis (tx),21193
lumberton (nc),11927
aspen (co),5401
whitefish (mt),12107
grants (nm),11399
newport news (va),980
ridgecrest (ca),4111
matamoros,5391
indian shores (fl),12389
torreon,3847
ciudad victoria,19899
reynosa,8364
central valley (ny),21202
hendersonville (tn),21214
martinez (ca),19877
patterson (ca),21220
yarmouth port (ma),21226
san andres island,1071
goiania,20424
barranquilla,2036
jundiai,20445
sorocaba,20584
tamandare,105351
bucaramanga,21248
atibaia,21233
bertioga,21234
puerto piramides,21228
korcula,70023
uberlandia,21243
ipatinga,21238
varginha,21244
jaguariaiva,21239
araxa,18015
sao jose dos pinhais,20578
sao bernardo do campo,20574
ibague,20435
hvar,19553
shardlow,132228
fort bragg (ca),8698
wilmington (nc),17055
ithaca (ny),3744
madera (ca),5244
prescott (az),3816
st. ignace (mi),10738
victorville (ca),14013
pakse,21265
vang vieng,21268
bad gastein,391
anadia,73153
pombal,6521
surrey (bc),20727
nanaimo (bc),14928
rovinj,19017
tossa de mar,21123
flokas (olympia),718574
nettuno,21295
vichy springs (ca),719387
north salt lake,154837
norfolk island,19609
renmark,236
cabra,21330
miami platja,73696
cumbernauld,21329
sesto san giovanni,13982
salerno,5872
noboribetsu,21332
kusadasi,13122
brion,79326
ribeira,79439
villajoyosa,11168
torrevieja,19311
javea,101030
altea,79540
denia,79596
san juan de alicante,73830
martorell,102414
roquetas de mar,99392
ribadesella,79340
carreno,687677
navia,79577
pola de siero,88759
cabrales,88751
ribadedeva,88761
arriondas,79538
castrillon,88752
el bosque,102499
setenil,103798
zahara de la sierra,102500
algar,102502
jerez de los caballeros,199041
torrejón el rubio,200136
jerte,99364
alfas del pi,73373
llerena,716438
amorebieta-etxano,73389
bocairent,102324
benisano,101044
carranque,718415
talavera de la reina,200081
villarluengo,717693
sierra nevada,21348
sanlucar la mayor,102335
osuna,87943
dos hermanas,102339
santo tomé del puerto,717560
benalmadena,16187
mijas,19450
jaca,3751
aisa,666601
sabinanigo,199858
sallent de gállego,73815
benasque,79497
sant just desvern,102423
castejon de sos,99352
biescas,79322
torre del mar,21304
guadix,21125
la herradura,199121
gandia,79336
salobreña,199869
oliva,717642
almunecar,21184
lanjaron,73636
peniscola,16568
alcossebre,73367
benicassim,79529
la zubia,73960
palomera,667317
pitres,73766
aracena,79601
lobras,713298
santa pau,199995
monells,716439
olot,199604
la jonquera,73621
el ejido,198685
la iruela,79604
pals,79344
linares,79394
l'estartit,79369
jaen,11443
vivero,704851
san pedro del pinatar,79603
los alcazares,79364
atamaria,705991
arnedillo,79572
navarrete,199560
albelda de iregua,718458
alfaro,103641
isla cristina,99362
almonte,3350
algeciras,8325
torreguadiaro,667603
chipiona,19948
alcaidesa,713128
el puerto de santa maria,73544
zahara de los atunes,79298
vinuela,79429
ojen,79427
archena,79627
reboredo,73802
o barco,718441
magaz de pisuerga,512748
vielha,79412
berga,198220
alp,79292
la molina-alp,87898
castellar de nhug,687683
llivia,79282
rialp,694396
cellers,716436
ribes de freser,73806
sant hilari sacalm,73845
mollo,79432
huarte,79471
javier,88770
castejon,88767
irurtzun,713436
valls,200245
calafell,79313
san carlos de la rapita,79491
la ametlla de mar,199062
el vendrell,79521
arnes,390232
amposta,197985
la palma,17742
sanxenxo,79383
san vicente de la barquera,199949
comillas,79329
cillorigo de liebana,666871
cangas do morrazo,717230
topas,718398
santa cruz de bezana,694390
guaruja,19813
gramado,19812
ilheus,18018
ilhabela,21351
balneario camboriu,21724
koh kood,21676
phillip island,16610
marrakai,711753
thredbo village,21360
st helens,17920
balestrand,12325
ioannina,21364
tolo,73118
volos,13924
chios,16806
patmos,9367
afissos,234686
monemvasia,21374
lesvos,21372
vina del mar,16657
barnsley,302
grangemouth,21380
mylopotas,105148
ferrieres-en-brie,77207
wrotham,86885
saint catherines,712391
selby,132201
acireale,7454
pitlochry,2136
bolingbrook (il),20752
lockport (ny),2280
bossier city (la),12716
elmira (ny),8541
indian rocks beach (fl),6357
lord howe island,11723
portland,17917
port hedland,7435
beechworth,9829
maryborough,9093
horsham,17903
nhill,7816
streaky bay,702201
pemberton,7469
gipsy point,21445
great keppel island,21447
norseman,21455
longreach,21452
port lincoln,21442
victor harbor,10849
merimbula,5138
newman,21464
bingen am rhein,68564
al khor,243603
utsunomiya,105942
cattolica,18105
bantry,21468
muckross,719645
kyllini,73041
sucre,5849
correggio,75804
cheongju-si,21471
chehalis (wa),21479
meadview (az),21482
gunnison (co),5583
north platte (ne),1375
puyallup (wa),21488
newport (or),17578
depoe bay (or),23512
st. pete beach (fl),17171
pierre (sd),21491
middletown (ri),9290
carpinteria (ca),21495
saint croix island,19885
tonopah (nv),21499
ferrisburg,154897
longueuil (qc),2634
angeles / clark,18875
queanbeyan,17935
gubbio,2150
rivoli,76356
moncalieri,76081
whalley,133171
solomontown,142679
samos island,12784
highlands,173512
urbana (il),8378
south bend (in),7283
sellersburg (in),7438
seymour (in),20967
shelbyville (in),11189
wausau (wi),7208
shawnee on delaware (pa),153449
topeka (ks),3228
somerset (ky),20970
scott (la),20962
west yarmouth (ma),17965
seekonk (ma),20963
southgate (mi),19853
stevensville (mi),20989
south haven (mi),20972
springfield (mo),17815
tupelo (ms),10075
williamston (nc),15817
washington (nc),21013
salisbury (nc),20956
southport (nc),20976
scottsbluff (ne),14828
york (ne),14129
tucumcari (nm),12247
dewitt (ny),719410
seneca knolls (ny),719409
streetsboro (oh),13049
sidney (oh),20968
sandusky (oh),1564
wooster (oh),5428
youngstown (oh),3052
selinsgrove (pa),20965
bartonsville (pa),23694
shamokin dam (pa),153443
wilsonville (or),7548
fishers (ny),720104
woodland (ca),21028
seaside (or),13256
warwick (ri),19835
walterboro (sc),15056
san marcos (tx),6938
woodbridge (va),21027
tacoma (wa),7107
waco (tx),1109
selma (al),10585
waterloo (ia),21014
springdale (ar),20979
vacaville (ca),1474
santa cruz (ca),20960
san clemente (ca),20957
visalia (ca),2530
vallejo (ca),9919
yuba city (ca),1242
westminster (co),3170
west chester (oh),671225
waxahachie (tx),5642
troy (mi),10041
stuart (fl),21490
stone mountain (ga),14262
fife (wa),21795
seabrook (tx),8085
terre haute (in),13830
sioux city (ia),4233
sandpoint (id),200
jammu,10648
kollam,17282
steamboat springs (co),11675
stamford (ct),20987
statesboro (ga),14579
avila beach (ca),103880
watsonville (ca),441
tracy (ca),8162
capitola (ca),103995
vicksburg (ms),3513
tyler (tx),15571
waycross (ga),15081
saratoga springs (ny),5212
winter haven (fl),12841
willits (ca),19882
sunbury (oh),20993
winchester (ky),21024
slidell (la),6928
coromandel,17875
preece point,733293
lake tekapo,4322
makarora,21604
masterton,21559
motueka,21610
paihia,10331
palmerston north,4080
westport,19432
whangarei,4118
starnberg,10229
bandhavgarh,21634
tartu,21503
roosendaal,9157
bad windsheim,8506
baku,13621
sogndalsfjøra,720338
lagos,11882
innfjorden,737498
zoetermeer,12628
prats,733300
mas de ribafeta,720369
arinsal,512794
arvika,19934
passau,14105
alesund,16514
dasing,16217
anif,34
oskarshamn,14275
gjovik,15891
varberg,3812
forde,16492
sankt anton am arlberg,71223
oliveira de azemeis,21575
mira,105375
cantanhede,21577
mayrhofen,17397
solden,71487
matrei in ost tirol,21563
bad hofgastein,86997
durres,21560
nilsia,112240
akaroa,19431
solofra,163242
dead sea,18362
zouq el kharab,719774
haiger,21528
pistoia,13107
narathiwat,21529
welwyn garden city,12378
torquay,7519
invergarry,21531
drumnadrochit,21532
warrington,657
lunel,79478
udine,7118
courmayeur,14681
cascina,75662
castellina in chianti,79374
murta maria,76139
columbus (ms),11282
staunton (va),9439
stony creek (va),2868
troutville (va),2252
vernal (ut),12666
white river junction (vt),12296
hazel dell south (wa),717874
rothschild (wi),78862
weatherford (tx),2826
stevens point (wi),4948
sheboygan (wi),614
pewaukee (wi),100591
warrenton (va),451
palmetto bay (fl),717336
scottsburg (in),1316
springfield (or),18728
springboro (oh),20978
spring hill (fl),20977
sherman (tx),7105
shawnee (ok),2178
venice (fl),19849
shelbyville (ky),12775
truckee (ca),21002
smyrna (tn),1080
tooele (ut),9483
twin falls (id),634
texarkana (tx),7891
west valley city (ut),19838
brown deer (wi),79640
blaine (mn),103930
gresham (or),8092
king city (or),717787
pelham (al),2902
saginaw (mi),12858
birch run (mi),20749
flint (mi),7054
muskegon (mi),6940
port huron (mi),1715
holland (mi),12909
monroe (mi),1685
gastonia (nc),2346
cornelius (nc),5124
jonesville (nc),5719
hendersonville (nc),10513
marion (nc),1380
symmes (oh),717903
marietta (oh),11598
mason (oh),1141
richland (pa),718257
reading (pa),17608
fogelsville (pa),99980
monroe township (pa),718502
king of prussia (pa),2970
bethlehem (pa),20748
chambersburg (pa),577
lenoir city (tn),12881
alcoa (tn),5134
hillview (ky),79649
mayfield heights (oh),713291
westley (ca),104983
pompano beach (fl),14847
bradenton (fl),6423
lakeland (fl),7485
latham (ny),3402
norwood (ma),11521
pleasanton (ca),4822
paso robles (ca),8572
crescent city (ca),9834
yorba linda (ca),88168
palm harbor (fl),17316
fishkill (ny),10289
ocala (fl),12144
marion (il),13524
camarillo (ca),15582
rancho cordova (ca),4884
lake george (ny),5214
la mesa (ca),6774
bonita springs (fl),11365
downers grove (il),3658
peoria (il),20706
quincy (il),20947
effingham (il),1687
collinsville (il),12042
hagerstown (md),11702
ocean city (md),5609
frederick (md),14318
columbus (nc),21657
columbus (ne),3545
columbus (in),21653
columbus (tx),21661
chula vista (ca),6431
blythe (ca),2162
morro bay (ca),7015
cody (wy),12764
maryville,202436
big flats,150461
blasdell (ny),21199
lake forest (ca),22269
glenview (il),13933
horseheads (ny),23295
chapeco,21727
limeira,13580
barretos,21725
franca,21236
uberaba,21737
campo largo,21726
araraquara,23673
piracicaba,20530
ponta grossa,21734
yangzhou,79789
kendenup,21703
langenau,70088
dalkeith,68935
otranto,5905
villorba,79376
sabie,106051
kokkola,10927
mito,107030
kamphaeng phet,19341
kitashiobara,250643
atami,108332
irian jaya / papua,105948
trat,17798
humacao,14845
washington (in),21660
visby,15538
bohinjsko jezero,21678
ohrid,21680
l'alpe d'huez,21684
antrim,21685
beroun,21686
tondela,88730
occhiobello,163759
isola,21682
kyiv,4214
kulmbach,12141
les deux alpes,20469
castle donington,68807
porto cheli,241398
uvernet-fours,718650
gragnano,75910
sankt polten,16490
viareggio,9343
ghaziabad,30355
bolinao,702173
manta,21698
rosario,5131
macae,19926
labasa,10528
moneyreagh,131326
collecchio,75784
carmignano,21665
niseko,30340
turcifal,719203
hakuba,105990
vicar,103819
navacerrada,19802
trillo,718450
perillo,73762
san ildefonso,199903
la carlota,102330
vall d'en bas,667653
nogueira de ramuin,713136
vilagarcia de arousa,73936
moraira,87928
san esteban de palautordera,199893
liendo,708958
sant julia de vilatorta,73848
panticosa,99382
navata,715346
plymouth (mn),79612
raleigh (nc),4278
sunland park (nm),150377
ordos,79857
aitutaki,19094
waltham abbey,132995
asilah,21901
lagoa e carvoeiro,720264
setubal,15333
unterhaching,2106
erlangen,5655
gaillard,2207
joue-les-tours,21892
anglet,1999
la rochelle,15150
six fours les plages,21895
blairgowrie,21525
dinnet,721494
kilchrenan,21533
claregalway,719643
puncak,512948
estes park (co),12765
fosso,75874
luogosanto,530
bressanone,21876
dolo,102436
banyuwangi,106065
langkloof,723890
white river,5065
gammarth,3377
qesm marsa alam,718878
grand cayman,4143
locarno,3160
vrsar,21891
andilly,185664
dublin (ca),21789
pasco (wa),21763
richland (wa),4981
fairless hills,152921
needham (ma),21863
cuyahoga falls (oh),21786
kalaoa (hi),732151
gaiole in chianti,21799
ostuni,6346
rovigo,15844
piano di sorrento,79389
cefalu,14215
golfo aranci,11795
mogliano veneto,15020
preganziol,99185
castelfranco veneto,10360
chiavari,14535
arzano,21775
morimondo,1046
san giuliano milanese,165400
dorgali,21878
hutchinson island (fl),14918
alpine (ca),21744
bellingham (wa),7869
dumaguete,18871
breckenridge (co),21748
east windsor (ct),1432
east hartford (ct),6477
mount pleasant (wi),717975
canton (ga),21749
woodstock (nb),98952
white springs (fl),21769
diamond bar (ca),21751
palatka (fl),21766
bridge city (la),717986
brookfield (wi),17071
federal way (wa),21794
national city (ca),21806
mundelein (il),21823
englewood (nj),17173
nashua (nh),10151
white plains (ny),21826
simi valley (ca),21829
st helena (ca),104821
carbondale (il),2000
erlanger (ky),21831
rock island (il),21833
tinley park (il),21834
morristown (nj),17063
new cumberland (pa),22073
mountville (pa),22310
warrendale (pa),22218
mechanicsburg (pa),9533
prescott valley (az),22128
robstown (tx),22140
reedsburg (wi),22136
wilder (ky),105001
perrysburg (oh),22112
winthrop (ma),22245
kirkland (wa),5689
ladson (sc),22266
laguna woods (ca),718513
great lakes,201781
lake elsinore (ca),22268
laurel (mt),23711
lees summit (mo),20881
lexington (sc),3836
lincoln (ne),17259
lincoln (nh),6013
live oak (fl),21978
loves park (il),22283
lyons (il),22290
st. johnsbury (vt),667917
north stonington (ct),22098
tulare (ca),21822
macedonia (oh),22297
moses lake (wa),9347
montgomeryville (pa),22063
norcross (ga),7799
phenix city (al),22113
portsmouth (va),21814
olympia (wa),19510
montgomery (tx),23715
morgantown (wv),14683
north little rock (ar),6862
moreno valley (ca),22064
riverside (ca),21764
silverthorne (co),22170
wheat ridge (co),22236
new castle (co),23716
walcott (ia),22216
meridian (id),10691
plainfield (in),7872
portage (in),5941
noblesville (in),22090
scarborough (me),22164
port allen (la),22122
westfield (ma),22233
rotterdam (ny),718679
de forest (wi),22013
deadwood (sd),14633
priceville (al),717944
dillon (co),23539
montclair (va),718704
dundee (mi),22729
eagle (co),22021
east haven (ct),22023
el cajon (ca),22026
eldridge (ia),22027
elizabeth (nj),17482
elyria (oh),1733
englewood (oh),22526
enola (pa),22031
escondido (ca),22032
valley green (pa),720149
evergreen (co),22036
beavercreek (oh),103905
fairmont (wv),22037
fairview heights (il),12592
falls church (va),20826
farmington (ny),23524
fontana (ca),22040
franconia (nh),22045
franklin (oh),23583
fruita (co),22049
fultondale (al),6514
fuquay varina (nc),22050
topaz lake (nv),720193
garner (nc),20840
gig harbor (wa),22068
glendora (ca),22075
glenwood springs (co),5541
goshen (ny),22079
grand blanc (mi),22080
grandville (mi),22081
greeley (co),4240
liberty lake (wa),22276
groton (ct),1525
beattystown (nj),718019
hamden (ct),22153
hammond (in),23587
hemet (ca),6232
hobart (in),22214
hot springs (sd),22927
springdale (ut),7652
landover (md),104383
hyde park (ny),22238
indio (ca),22240
jeffersonville (in),23708
jupiter (fl),21259
berlin (ct),717931
kent (oh),22246
kent (wa),22248
kernersville (nc),22251
alton (il),21773
apex (nc),21951
athens (al),19867
auburn (wa),23197
auburndale (fl),21955
battle ground (wa),21962
benicia (ca),21965
bessemer (al),9194
brentwood (tn),20357
brownsburg (in),20760
bryant (ar),21982
buda (tx),21983
burlington (on),20722
caldwell (id),21988
camp verde (az),21992
canyon (tx),21994
encinitas (ca),22311
carlisle (pa),20771
carmel by the sea (ca),103999
cary (nc),13161
caseyville (il),21998
castaic (ca),21999
catonsville (md),22000
chester (va),20776
forest park (oh),717902
clarksville (in),3729
clinton (tn),22472
colton (ca),13208
columbia (mo),19872
comstock park (mi),22005
concord (ma),23704
conroe (tx),22006
corona (ca),22749
cottonwood (az),2165
council bluffs (ia),1751
covington (la),13106
crystal lake (il),22011
davenport (ia),5342
manilva,102316
barrie (on),9201
richmond hill (on),21902
puerto morelos,78570
chanthaburi,19433
bad wimpfen,21907
isla victoria,737111
bergen op zoom,15507
bramsche,21909
gembloux,2327
hermosillo,9199
hoyerswerda,9959
iseltwald,21914
marl,21924
meissen,1551
unterschleissheim,9807
montlucon,20509
popayan,21931
roth,21928
schangnau,21915
castelvetrano,19142
spiez,21917
hintertux glacier,21154
valle de bravo,21912
ishigaki,107999
saitama,18827
kawagoe,108212
palmyra (pa),22109
meriden (ct),12945
ruckersville (va),22145
merrimack (nh),22286
schererville (in),22166
vernon (ct),711983
rochelle park (nj),22141
texas city (tx),20999
mineral wells (wv),20906
yulee (fl),22254
swansea (ma),22821
el dorado (ks),22804
elk grove (ca),22752
vernon (tx),22960
cookeville (tn),7919
marysville (wa),22981
washington (ut),22972
concordville (pa),104047
fairfield (ca),20822
lake placid (fl),22775
valparaiso (in),21006
conway (ar),5029
athens (tx),22332
charles town (wv),22992
levelland (tx),22962
sweetwater (tx),22963
beaumont (ca),22342
andover (ks),22326
fairfield (tx),22965
junction city (ks),22611
sierra vista (az),22748
mcpherson (ks),22806
sparta (il),22793
seneca (pa),203368
zapata (tx),22964
pampa (tx),22966
sioux center (ia),79663
hazard (ky),1834
morristown (tn),13492
selma (tx),79659
chestertown (md),22825
cleburne (tx),22934
center (tx),22933
sulphur springs (tx),22969
lake hallie (wi),717971
hastings (ne),22870
lincoln (ca),22765
goodland (ks),22807
vandalia (il),22794
ada (ok),22312
new boston (tx),22970
petoskey (mi),261
webster (ny),22890
green bay (wi),646
killeen (tx),13551
kalispell (mt),14335
seabrook (nh),22874
owego (ny),22429
libertyville (il),22430
castro valley (ca),22435
east setauket (ny),22436
lathrop (ca),7986
north adams (ma),22437
mount kisco (ny),22438
poughkeepsie (ny),22125
lincoln (il),22441
selma (ca),22442
madison (fl),22445
juno beach (fl),20867
schenectady (ny),22165
pocomoke city (md),22823
athens (tn),20737
parker (co),2169
rocky mount (va),22977
dayton (tn),22930
lake arbor (md),717996
stafford township (nj),718006
seward (ak),22574
delmar (md),22824
enid (ok),22908
jenks (ok),22909
brownsville (tx),14409
ankeny (ia),12837
princeton (wv),20945
o'fallon (mo),20926
abilene (tx),14116
decatur (tx),22951
munising (mi),22835
paragould (ar),22746
dubois (pa),19515
orange (tx),22952
beaumont (tx),17089
joplin (mo),8387
forest city (nc),79645
rancho cucamonga (ca),20948
pikeville (ky),22816
portales (nm),22882
rio grande city (tx),22953
woodward (ok),22910
clewiston (fl),22773
tehachapi (ca),22763
okeechobee (fl),22774
alamogordo (nm),7326
buckhorn (pa),717854
cedar bluff (va),99739
ashland (ky),20733
branford (ct),21974
bartow (fl),22338
drums (pa),22919
bellevue (ne),22349
durham (nh),22873
o'fallon (il),21827
medford (or),12649
jasper (tx),22954
newton (nj),22877
west long branch (nj),22878
daphne (al),20799
petersburg (va),9621
oak grove (al),718051
ellensburg (wa),22979
cheney (wa),22980
coeur d'alene (id),6742
watertown (ny),22889
newllano (la),22818
mcalester (ok),22911
nederland (tx),22956
greenwood (ms),10790
salado (tx),22957
athens (oh),20736
rogers (ar),9411
burleson (tx),22384
weston (wv),22991
muskogee (ok),9419
weston (wi),79668
iron mountain (mi),22836
nampa (id),18721
hesperia (ca),22758
le mars (ia),22784
broadview heights,151815
hanover (pa),5605
pearland (tx),20937
harrison (oh),22898
harlan (ky),22808
winslow (az),22747
altoona (ia),22324
el centro (ca),22751
socorro (nm),22880
jackson (ca),22760
crockett (tx),22937
kerrville (tx),10806
kilgore (tx),22253
kingsland (ga),9712
middlesboro (ky),22809
lafayette (in),20704
lawton (ok),6467
laurinburg (nc),8497
liberal (ks),22803
north lima (oh),22899
lake city (fl),2225
alliance (oh),22321
lancaster (oh),20875
logan (oh),22900
london (ky),20479
livingston (tx),20888
lexington (ne),22868
lynchburg (va),8288
lebanon (in),5641
tappahannock (va),22975
laurel (ms),9029
rochester (nh),22872
monticello (ky),22810
meridian (ms),1617
cheat lake (wv),718525
marshall (mi),13048
new berlin (wi),21219
mckinleyville (ca),22761
west melbourne,203883
milford (oh),20905
marianna (fl),7109
marion (oh),22901
mount pleasant (tx),22949
murray (ky),22812
collinsville (va),99806
manteca (ca),22762
nacogdoches (tx),55
owasso (ok),22907
radcliff (ky),22813
niles (oh),23605
nogales (az),17582
north east (md),22822
nicholasville (ky),22814
west haven (ut),717924
oak grove (ky),22815
oakdale (ca),477
olive branch (ms),20928
o'neill (ne),667884
opelousas (la),22817
oxford (al),20931
paine field-lake stickney (wa),717881
malvern (pa),12927
pekin (il),22791
plant city (fl),22117
plainview (tx),22950
plymouth (in),22801
portsmouth (oh),22903
eagan (mn),12766
boonville (mo),22368
burlington (ia),22385
breezewood (pa),22375
burnet (tx),22386
bucyrus (oh),22383
batesville (ar),22339
brownwood (tx),7734
bastrop (tx),21961
holiday city (oh),79650
corbin (ky),7029
camden (ar),22389
cambridge (md),17804
clinton (ia),22783
corsicana (tx),22936
hixson (tn),20854
hartwick seminary (ny),667846
centerville (oh),717904
crossville (tn),22929
christiansburg (va),5412
chelsea (mi),22830
monaca (pa),20908
carson city (nv),14915
charlotte (mi),22831
cleveland (ms),20783
corvallis (or),13037
campbellsville (ky),22391
clearfield (pa),22915
corydon (in),5161
dunedin (fl),22771
defiance (oh),22896
mccall (id),15236
durant (ok),22906
dover (de),20400
kearney (ne),7990
edmond (ok),20818
elgin (tx),22942
el dorado (ar),13046
emporia (va),4728
eagle pass (tx),9520
palmer heights (pa),717859
enterprise (al),22741
farmington (mo),99966
frackville (pa),99997
fremont (ne),22867
orange city (fl),22772
fort pierre (sd),22925
forest (ms),22854
fort montgomery,150667
fulton (mo),22847
fenton (mi),22832
fort payne (al),20834
grand forks (nd),721
spring lake (mi),22833
greensburg (in),22799
greenville (oh),22897
flowood (ms),79644
hellertown,153006
delano (ca),22750
dyersburg (tn),4355
frankfort (ky),7612
lucedale (ms),22855
central point (or),22912
bettendorf (ia),21969
roxbury township (nj),718018
hill city (sd),22926
hadley (ma),20848
jonesboro (ar),15702
huntsville (al),17062
brandon (sd),22372
watertown (wi),22615
fayetteville (ar),3877
fond du lac (wi),22616
guntersville (al),9990
alexandria (mn),22316
tillman (al),717934
janesville (wi),11991
muncie (in),22625
madison (in),22626
cloverdale (in),22628
heber city (ut),22629
henderson (ky),22630
new albany (ms),22631
martinsburg (wv),4527
wabash (in),22638
oshkosh (wi),1529
bonner springs (ks),22367
detroit lakes (mn),22641
shakopee (mn),22167
warsaw (in),22648
southington (ct),22649
triadelphia (wv),22650
delafield (wi),22651
farmington (nm),7704
bridgeport (wv),1636
park city (ut),12399
manitowoc (wi),22655
duluth (ga),7210
springfield (vt),22657
lordsburg (nm),22658
north haven (ct),22093
foley (al),908
moss point (ms),22661
kokomo (in),12018
stacer (in),720052
manhattan (ks),21400
norwich (ct),22666
hazlet (nj),22667
burlington (vt),17114
ramsey (nj),22131
dandridge (tn),22012
weirton (wv),22669
hartford (ct),17110
waukegan (il),22221
north olmsted (oh),11652
burlington (wa),20765
lebanon (mo),7628
colby (ks),22671
adrian (mi),22313
blairsville (ga),22362
corinth (ms),20793
dublin (va),20808
breaux bridge (la),22374
howe (in),22675
harrison (ar),22677
milton (fl),20503
monticello (ar),22680
north conway (nh),2625
prince frederick (md),22681
rockwall (tx),22685
raton (nm),22686
thomson (ga),22689
winnie (tx),22690
plano (tx),953
lone tree (co),19850
oswego (il),22692
morris plains (nj),22693
villahermosa,3186
milton (on),22401
san luis potosi,7906
metepec,176608
veracruz,9853
sherwood park (ab),79662
guelph (on),3780
regina (sk),14522
grande prairie (ab),22399
sudbury (on),17670
miramar,176717
silao,103116
fredericton (nb),14384
la piedad de cabadas,719436
queretaro,12043
san nicolas de los garza,20726
brampton (on),18859
nuevo laredo,1594
toluca,2893
belleville (on),22412
burton upon trent,22413
bellshill,86670
hawarden,130239
glenrothes,22422
wokingham,86881
skewen,132341
elstow,129609
shenstone,132252
amesbury,4528
alice (tx),22318
abilene (ks),21630
wadsworth (oh),22894
albany (or),22314
walla walla (wa),22217
astoria (or),12778
ashland (oh),22330
cedar park (tx),22932
beatrice (ne),22341
bad axe (mi),22337
bedford (in),22344
berkeley (ca),8733
belleville (mi),20343
brookings (sd),22381
port arthur (tx),22525
brighton (mi),20756
hillsborough (nc),22527
sault ste marie (mi),20961
henderson (nc),20852
show low (az),22530
payson (az),22531
london (oh),22534
boulder (co),2938
solomons (md),22539
hereford (tx),22540
st. clairsville (oh),20589
vermilion (oh),22541
warrensburg (mo),22545
fort washington (pa),20835
findlay (oh),2182
pinetop (az),79656
mount vernon (oh),22549
hummelstown (pa),22227
new columbia (pa),22551
marshfield (mo),22552
wilmington (oh),22554
brenham (tx),22376
brookville (pa),21981
fenton (mo),22557
dupont (pa),717858
casa grande (az),22559
lexington (nc),22560
tarboro (nc),22561
limon (co),22562
leesburg (va),22563
goldsboro (nc),2882
tomball (tx),22565
stephens city (va),22566
woodstock (va),22572
oak ridge (tn),22103
keene (nh),1520
claymont (de),22578
lansing (ks),22579
albert lea (mn),22315
germantown (wi),22582
garden city (ks),22584
grand island (ne),20845
totowa (nj),22589
jamestown (nd),22593
rhinelander (wi),22596
burnsville (mn),8400
onalaska (wi),12531
paramus (nj),9478
alpharetta (ga),4754
carteret (nj),21777
danbury (ct),8518
concord (nh),21204
fairhope (al),22606
pella (ia),22607
calera (al),22388
ontario (or),10988
fremont (in),20836
grants pass (or),3872
south jordan (ut),21650
west deptford (nj),718021
monroe (nc),9087
west greenwich (ri),22257
mount vernon (wa),22067
mauston (wi),22291
prattville (al),10551
malden (ma),22299
merritt island (fl),22285
rockland (ma),21857
thousand oaks (ca),21840
tahoe city (ca),22191
vernon hills (il),22210
san juan capistrano (ca),22159
marina (ca),21841
saugerties (ny),22163
clintondale,150542
oregon (oh),22106
new holland (pa),22076
white house (tn),22239
towson (md),21832
princess anne (md),22127
takoma park (md),22192
newport (ky),23294
portage (wi),23693
abbotsford (bc),4478
red deer (ab),981
sarnia (on),7695
kitchener (on),7096
windsor (on),18862
peterborough (on),22404
st. john's (nl),18861
oakville (on),14899
lloydminster (ab),22400
saint john (nb),17622
langley township (bc),718238
lethbridge (ab),15421
dryden (on),9138
whitby (on),22406
airdrie (ab),22410
plainview (ny),11689
oglesby (il),22452
palmdale (ca),22453
quincy (fl),20946
galesburg (il),22454
tuscola (il),22455
woodstock (il),22456
tewksbury (ma),22194
sycamore (il),22458
johnstown (ny),22459
matteson (il),22309
lodi (ca),22460
carol stream (il),12323
morris (il),22461
boxborough (ma),22370
niceville (fl),15407
brandon (fl),22371
macomb (il),22462
union city (ca),22466
gaylord (mi),400
hampton (va),5014
horsham (pa),22226
coldwater (mi),5796
hillsboro (tx),15804
ludington (mi),22471
kent narrows (md),717998
troy (mo),22474
easton (md),1836
pullman (wa),22478
napoleon (oh),22482
big rapids (mi),22356
danville (va),3158
butner,151329
mackinaw city (mi),1391
johnstown (pa),1342
houghton (mi),22491
jackson (tn),20864
wenatchee (wa),22495
elizabethtown (pa),22497
irwin (pa),22498
osage beach (mo),22499
greenbelt (md),20847
exton (pa),11831
morganton (nc),14506
kimball (tn),79652
three rivers (mi),22502
mansfield (oh),13787
waynesboro (va),22504
abingdon (va),20729
bristol (va),22379
van wert (oh),22505
clute (tx),18835
poulsbo (wa),22514
la junta (co),22515
winnemucca (nv),22519
hurricane mills (tn),78803
aberdeen (md),20701
jessup (md),6254
lake placid (ny),4730
midland (tx),7142
mc cook (ne),22594
madisonville (ky),22613
ringgold (ga),13604
anniston (al),22327
bourne (ma),88049
bedford (pa),20744
oroville (ca),14405
gadsden (al),8375
strongsville (oh),22494
ouray (co),5146
absecon (nj),8942
leavenworth (wa),23315
west branch (ia),23327
lee (ma),23333
calistoga (ca),23342
chincoteague island (va),23279
borrego springs (ca),23356
rawlins (wy),22994
sanibel (fl),22162
anacortes (wa),23378
lewisburg (tn),23382
long prairie (mn),23390
yadkinville (nc),105026
port isabel (tx),23392
bluefield (wv),22364
wentzville (mo),22475
clearlake oaks (ca),23403
mountain home (ar),22745
wildwood crest (nj),105003
hondo (tx),23433
flatonia (tx),23434
buckley (wa),23437
fairview (tn),23443
port townsend (wa),23221
cape may (nj),23199
lake geneva (wi),23203
superior (mt),23461
marshall (mn),23476
union city (ga),23497
sedalia (mo),23506
broken bow (ok),23508
pulaski (tn),23515
lakeview (or),23526
omak (wa),23528
montauk (ny),23130
bridgeport (ca),23148
lebanon (oh),23154
friday harbor (wa),23157
silverdale (wa),23158
hopewell (va),5160
vineland (nj),22698
woonsocket (ri),22700
bethany beach (de),22355
brattleboro (vt),1155
fairfield (oh),20824
port clinton (oh),22702
umm al quwain,6715
crooklands,132194
tobermory,23064
bagneres-de-luchon,76858
puerto madryn,3983
pordenone,23075
bertsdorf-hornitz,68541
imbituba,23068
nesselwang,5119
porterville (ca),23080
poway (ca),23057
pouligny-notre-dame,23070
navegantes,23069
marfil,176312
port charlotte (fl),19612
foligno,265
oppdal,10598
karavas,718671
pontorson,7552
timmendorfer strand,9537
sansepolcro,23104
cavalese,23105
terracina,23106
affi,75438
saronno,8391
novara,3044
noto,177626
castel d' azzano,738879
horten,23095
levanger,340
notodden,23109
lviv,21583
ulsteinvik,2309
hamina,10343
saro,718954
poros,23116
matsumoto,23118
innvik,23120
mabalacat,176012
banff,23122
wyboston,719705
hamilton (on),8010
thorold (on),23026
vitina,88318
kusatsu,23034
trim,23047
tuam,23048
symi island,23043
galaxidhion,88275
lettere,75969
morges,5800
baden,8471
luganville,711901
chambery,15384
waidhofen an der ybbs,23032
bad wiessee,5549
coimbatore,2612
addo,78601
albertinia,23054
montagu,23033
friemersheim,723907
paarl,12642
heilbronn,1538
portoferraio,79515
maratea,5153
sirmione,6427
mesaieed,243728
elciego,73547
pontresina,23061
stein am rhein,19640
karahayıt,513629
middleboro (ma),22057
hudson (ma),22820
plymouth (nc),22858
milford square,153204
murphy (nc),22859
rochester (mn),17262
saint croix falls (wi),22983
north topsail beach (nc),717754
morgan hill (ca),22756
salamanca (ny),22884
saint joseph (mi),22826
superior (wi),22984
tiffin (oh),22892
tell city (in),22795
tavares (fl),22770
the villages (fl),104882
woodlawn (va),155358
vadnais heights (mn),717967
vinita (ok),22904
vermillion (sd),22923
mclean (va),16481
winner (sd),22924
lancaster (ca),22757
acme (mi),79637
scott depot (wv),22990
westampton (nj),21020
wauseon (oh),22893
weslaco (tx),21772
waterford (mi),22829
lititz (pa),22914
hattiesburg (ms),294
riverhead (ny),22885
bernalillo (nm),21968
lusaka,15321
bulawayo,102517
harare,6225
almaty,5624
skopje,10189
montauban,12219
zwickau,4132
walldorf,4935
pollein,178789
cosenza,326
jozefow,79651
zilina,23002
adana,11474
eastham (ma),23025
minnetonka (mn),20907
hillsboro (or),13892
emporia (ks),22705
killingly (ct),720041
mayaguez,99295
pleasant prairie (wi),104650
grove city (oh),13337
brookville (oh),22382
ames (ia),3211
palm coast (fl),8995
oldsmar (fl),20927
san pablo (ca),22160
austinburg (oh),20740
fort atkinson (wi),22713
villa park (il),22213
new buffalo (mi),19839
coralville (ia),20792
ken caryl (co),717813
riverwoods (il),79657
east greenbush (ny),23211
silver city (nm),22717
great barrington (ma),22719
manchester (tn),20891
cranbury (nj),22008
harrington (de),22720
metropolis (il),22721
morehead city (nc),22722
altoona (pa),9504
algonquin (il),22317
mission (tx),22725
yankton (sd),22727
kings mountain (nc),22728
chickasha (ok),22730
maryville (mo),22731
spring (tx),22179
carneys point (nj),21201
eatontown (nj),21793
newport beach (ca),2443
new haven (in),22734
aberdeen (sd),19859
cadillac (mi),20766
danville (il),22735
elizabethtown (ky),1977
alamosa (co),22736
concordia (ks),22737
calexico (ca),23146
clanton (al),22739
logan (wv),22989
new milford (pa),22913
poplar bluff (mo),22849
santa rosa (nm),22879
turlock (ca),22754
wharton (tx),22938
sebring (fl),22768
nonthaburi,17764
bathurst,17891
legazpi,23740
nakhon phanom,17791
luoyang,21711
cabanatuan,168845
ko lipe,105662
suwon-si,3818
changwon-si,17828
santos,23674
broxbourne,23680
woodstock demesne,737075
tashkent,13002
trincity,719188
newborough,717735
port moresby,13649
bonville,141433
baotou,79705
cootamundra,23736
yass,15348
brunswick (me),23174
harrisonville (mo),23176
red lodge (mt),23178
banning (ca),23200
pacific city (or),667887
old saybrook (ct),21761
millington (tn),22059
bullhead city (az),23223
albany (ga),20730
lake lure (nc),23238
mashpee (ma),23535
ishpeming (mi),23269
monticello (in),23274
wellsville (ny),23282
coos bay (or),12472
bishkek,700999
yerevan,23554
calverton (md),717993
goshen (in),22652
lakewood (wa),23592
lapeer (mi),23593
ottumwa (ia),23607
pleasant hill (ca),22119
new westminster (bc),23635
bathurst (nb),17434
bécancour (qc),167683
zacatecas,12633
tampico,5266
san carlos,23643
teuchitlan,685915
dar es salaam,18094
belize city,633
rincon,1122
cooma,10206
mudgee,7909
corowa,6251
palu,105977
girne,512823
genk,11295
ieper,9034
kortrijk,19668
namur,5082
tongeren,9102
wavre,3454
albena,19455
bansko,18064
borovets,19125
stara zagora,21151
kaprun,9884
leoben,13455
mondsee,18051
obergurgl,9722
rankweil,10798
rennweg,23113
pflach,140959
lechaschau,87054
reutte,13352
saalbach,23112
wels,902
blankenberge,9144
thekkady,5525
wayanad,18036
kasauli,30361
khajjiar,30363
pachmarhi,17937
parwanoo,30373
patiala,30374
patnitop,30375
silvassa,30379
udupi,30381
kolhapur,30365
matheran,30367
pahalgam,30372
raipur,30376
khanvel,724466
almora,2558
alwar,21065
daman,30336
guwahati,23053
kausani,21077
noida,21037
rajkot,21052
shillong,11939
vadodara,21044
lonavala,21075
encamp,23089
la massana,23088
soldeu,4096
bad tatzmannsdorf,132
dornbirn,19631
ellmau,1838
gmunden,10400
hochgurgl,7222
jamshedpur,17853
khajuraho,2578
kottayam,16851
leh,17285
mahabaleshwar,3609
mathura,15783
mussoorie,1297
haldwani,114768
panchgani,17292
patna,8138
ranikhet,21051
rishikesh,17870
srinagar,10188
murwillumbah,30343
allahabad,17266
bodh gaya,16856
panchkula,512751
gandhidham,17278
gwalior,12362
haridwar,19534
jabalpur,7851
merrijig,512730
kiama,4053
cavtat,21249
crikvenica,19039
lovran,19983
makarska,18315
liznjan,544698
mlini,18317
porec,18321
trogir,18325
slatine,136389
funtana,544673
nicosia,567
peyia,85909
neokhorio,664313
olomouc,1405
plzen,1416
hirtshals,9583
horsens,11305
hovborg,8380
skagen,10706
vejle,583
muonio,12760
korsholm,719685
agen,4031
aix-les-bains-gresy,18363
albi,14859
le sequestre,105689
charge (centre),714403
amboise,12204
antibes,12645
auxerre,2562
auch,3185
pont-croix,687220
auray,20335
aurillac,5359
autun,10898
avallon,4459
bandol,4464
barbizon,8099
barentin,20340
bastia,4824
san martino di lota,666259
bayeux,15023
sully,194873
beauvais,3947
bourges,12343
brignoles,20359
bron,20360
buc,21919
cachan,12930
cahors,10861
cambrai,20363
cancale,9297
capbreton,19134
carros,18370
cavaillon,2477
challans,11251
gond-pontouvre,77434
chanas,20377
chantilly,4523
chartres,11735
chenonceaux,18372
cholet,20387
cognac,12318
houssen,77310
saint-bon-tarentaise,708759
deauville,6308
dieppe,18373
dinan,9403
dizy,17732
dole,10184
draguignan,20401
dreux,4647
ducey,1480
dunkerque,1813
gap,20419
gassin,3429
gordes,9173
gramat,15662
granville,676
grasse,10550
seyssins,78452
haguenau,20427
hendaye,457
igny,2013
issoire,20437
la bresse,2248
la ciotat,20449
la clusaz,15610
la croix-valmer,19978
la grande motte,20450
perros-guirec,87504
lannion,20458
laon,9451
laval,12163
laxou,20461
bonneuil-en-france,186581
le havre,300
sainte-adresse,78273
le lavandou,11177
le mans,8557
chateauneuf-d'ille-et-vilaine,686660
les ulis,20472
limoges,9402
lingolsheim,20476
lorient,7512
louviers,15420
menton,14574
nancy,1760
narbonne,7954
nevers,2860
saint-maixent-l'ecole,78334
niort,244
nuits-saint-georges,19717
bizanos,87241
pontarlier,19998
quiberon,4196
franqueville-saint-pierre,78367
vaux sur mer,666444
tilques,714307
saint-omer,18397
wisques,714027
seynod,12306
bussy-saint-martin,186972
troyes,4881
vichy,12298
manosque,20491
maubeuge,14317
la rochette,190162
mende,8228
millau,20502
creissels,188036
missillac,8820
montargis,10577
avermes,76852
moulins,14801
nemours,2194
odos,20523
pertuis,11514
pornichet,5462
zellenberg,87698
riquewihr,13851
roanne,3341
rochefort,20539
rouffach,2073
saulieu,13144
senlis,9387
souillac,14368
talloires-montmin,715234
thionville,10901
tinqueux,20598
tourcoing,13355
trignac,20602
vienne,11582
vierzon,3632
villejuif,20617
villepinte,2992
alzey,5385
bad kissingen,9224
bad kohlgrub,15401
bad mergentheim,5934
bad peterstal-griesbach,68385
bad salzuflen,9281
baiersbronn,2644
bautzen,4977
beilngries,2528
bensheim,4095
aalen,4205
westhausen,127753
adelsdorf,6611
aldersbach,1385
ansbach,8113
aschaffenburg,2762
bad bevensen,243
bad birnbach,21906
bad blankenburg,14309
bad driburg,4559
bad harzburg,2904
bad kreuznach,2164
bad krozingen,7489
bad laasphe,7166
bad lippspringe,12917
bad nenndorf,12627
suthfeld,713492
bad pyrmont,9324
lugde,70284
bad rappenau,6923
bad reichenhall,12695
bad sassendorf,12674
bad steben,8155
bad urach,13547
bad zwischenahn,14326
badenweiler,11532
bergisch gladbach,1496
borkum,5714
bottrop,15262
brandenburg an der havel,2424
braunlage,573
bremerhaven,4456
breuna,10080
brilon,8552
bruchsal,12538
coburg,14762
cochem,18246
cottbus,1523
cuxhaven,14779
deggendorf,12929
deidesheim,11682
detmold,8859
dettelbach,11857
donaueschingen,10311
dormagen,6999
eltville am rhein,18249
essel,4105
extertal,5862
feuchtwangen,7332
flensburg,2497
frankenberg,4446
frankenberg (eder),717121
frankenthal (pfalz),5028
frasdorf,11202
freilassing,8106
friedrichroda,3977
friedrichstadt,3894
ganderkesee,6458
garbsen,11413
genthin,6527
gerolstein,15747
gifhorn,14793
glottertal,2939
goch,18252
gotha,4125
grafenau,10462
grainau,12457
grasellenbach,263
greifswald,3417
grevenbroich,8261
gummersbach,2115
gunzenhausen,19545
hagen,9048
glinde,126616
hamm (sieg),713496
sehnde,71405
havixbeck,7858
bammental,167454
helgoland,677
helmstedt,2448
hennef,1302
hockenheim,2865
hohenroda,21141
husum,8115
ilmenau,1955
juist,15822
kaiserslautern,3436
kamen,16370
kaufbeuren,10963
kleve,20659
willich,72096
krefeld,10535
lahnstein,18257
lahr (rhineland-palatinate),713449
lahr/schwarzwald,4972
landshut,3349
langenargen,1823
legden,4770
taucha,125809
markkleeberg,70348
lengenfeld,518
velburg,71863
leverkusen,8795
lilienthal,6636
lippstadt,5528
lohmen,4460
ludwigsburg,12139
marktheidenfeld,7280
masserberg,20656
meerane,11875
meiningen,9610
meldorf,9908
merseburg,3766
mettlach,4316
mettmann,10038
miltenberg,23074
minden,23009
monheim am rhein,16687
munster (heidekreis),717156
neubrandenburg,5379
niedernhausen,3547
niederstotzingen,1147
nierstein,8777
norden,6425
norderstedt,7323
oberammergau,14561
oberhof,5639
oberstaufen,20652
oberstdorf,493
oberwiesenthal,11628
oberwolfach,11905
offenburg,8170
ostfildern,7815
salzweg,71212
peine,13460
pforzheim,10063
pfronten,19827
pfullendorf,3986
plauen,7539
quedlinburg,462
rastatt,13579
ratingen,60
ravensburg,7223
reutlingen,4481
rodgau,16688
rosenheim,175
saalfelder hohe,86569
saalfeld/saale,7939
saarlouis,14568
salzgitter,11248
sankt goar,18262
schermbeck,10934
schleswig,788
schmallenberg,15076
schneverdingen,7796
schwangau,18783
schweinfurt,11279
siegburg,12278
siegen,3036
sierksdorf,1588
solingen,5441
soltau,21144
speyer,10130
stade,685
stadtallendorf,1803
tegernsee,18263
tettnang,196
todtmoos,6439
mertesdorf,86493
troisdorf,3043
neu-ulm,70629
unna,11471
unterreichenbach,14135
uslar,11241
velbert,8207
waldeck,5557
waldkirch,3140
walsrode,4152
warendorf,2388
weil am rhein,2170
weiskirchen,6724
wenningstedt-braderup (sylt),713677
wernigerode,16193
hamminkeln,69555
wesel,6497
wesseling,4262
westerstede,3730
wildeshausen,15553
wilhelmshaven,14213
remshalden,2293
winterberg,9164
wirsberg,663
wismar,15101
gagelow,716870
worms,4258
visegrad,67749
debrecen,19153
gyor,15501
keszthely,19562
miskolc,19563
fludir,18201
adare,4497
athlone,18539
athy,19604
ballinasloe,18541
clonakilty,18547
glengarriff,18554
kenmare,475
mallow,4663
miltown malbay,21705
aherlow,732574
tullow,19320
youghal,18560
daugavpils,12501
jurmala,10213
liepaja,5122
ringaudai,195996
alkmaar,14091
amersfoort,7736
arnhem,4437
berg en dal,979
bunnik,9101
deventer,897
dordrecht,18357
emmen,1872
enschede,3782
epe,8628
epen,1208
franeker,8008
barneveld,79616
haarlem,12714
harderwijk,1960
heerenveen,8295
heerlen,3336
hengelo,8882
hilversum,12090
rijssen,72518
lekkerkerk,13926
lisse,4352
lochem,3382
medemblik,5333
waterland,185321
oosterhout,8595
noordenveld,105985
roermond,386
valkenburg,10470
venlo,14050
vlissingen,15138
edam-volendam,713222
weert,8268
westerbork,14436
zeegse,10374
zeist,7690
zwanenburg,13705
trysil,283
bielsko-biala,241
czestochowa,412
gliwice,14127
miedzyzdroje,19635
mragowo,20510
olsztyn,4248
lubon,157435
szczecin,1495
zakopane,7625
ząb,726831
ito,108353
amarante,15358
arraiolos,16496
batalha,2100
belmonte,1641
elvas,1060
esposende,19159
estremoz,11101
estoi,105368
faro,13711
figueira da foz,18692
guarda,19172
luz,712510
manteigas,12020
vila real de santo antonio,73346
santa maria da feira,20570
oliveira do hospital,13314
boliqueime,73169
mamaia,19216
oradea,16977
baile felix,68088
tulcea,19319
cailungo,105409
nitra,18313
poprad,9432
izola,18170
medno,719172
maribor,19779
piran,18171
radenci,19782
strunjan,19783
barbastro,115
ceuta,21336
elche,5218
vilafant,717518
llerona,199288
moguer,73700
lorca,812
karlskrona,11693
kristianstad,12184
ascona,6623
flims,921
fribourg,10446
saanen,968
leukerbad,11584
sarnen,20033
thun,5468
wilderswil,18197
jura-north vaudois,716300
riudellots de la selva,20537
langre,199199
tarifa,11181
trosa,11828
airolo,367
bellinzona,13065
brienz,23062
les diablerets,764
solothurn,21916
acqui terme,19743
agerola,50
fiumenaro,719127
alassio,231
castellana grotte,75690
alcamo,19744
alessandria,20330
olmedo,76175
asciano,19103
asolo,11581
bacoli,21776
bagno di romagna,14862
campolongo sul brenta,715497
battipaglia,9125
bellagio,7129
bevagna,21297
bosa,18100
chiusa,75758
san michele di ganzaria,180168
casagiove,715521
castiglione del lago,6227
cernobbio,2735
cervia,21628
cesenatico,14885
cherasco,23010
chiesa in valmalenco,6875
chiusi,19949
cinisello balsamo,18791
montignoso,76126
civitavecchia,1281
corato,18107
crotone,3813
cuneo,1499
imperia,75926
fabriano,21508
fiano romano,18792
figline valdarno,13900
fiuggi,10294
francavilla al mare,18111
garda,10367
quarto dei mille,164874
castelletto,719096
albaro,719100
giovinazzo,23076
giulianova,5571
grottaferrata,4500
la spezia,9188
feroleto antico,719141
lana,14156
latina,5748
arcola,164683
lerici,15328
lido di camaiore,21523
limone sul garda,398
livorno,1927
collesalvetti,105203
capannori,75630
maglie,19214
maiori,19215
porto mantovano,715912
maranello,13760
petrosino,99182
matera,9104
marlengo,88470
misano adriatico,18122
monopoli,5120
monselice,19989
montecchio emilia,19751
montepulciano,14988
torrita di siena,76625
monza,7237
pianura,163187
nola,21509
norcia,18124
casalino,163411
nuoro,21797
orta san giulio,13680
orvieto,9081
ponte di brenta,178822
centola,99160
paratico,19752
peccioli,21132
pesaro,19568
peschici,4194
piazza armerina,19753
pietrasanta,21136
baja sardinia,79569
porto cesareo,19259
porto santo stefano,5910
pozzallo,19263
ragusa,14712
donnafugata,88424
punta marina,719072
rieti,14434
roccastrada,14179
rodi garganico,19756
settebagni,164640
isola farnese,164534
godiasco,164797
castel san gimignano,75683
san vito lo capo,21778
sestriere,4330
plemmirio,712858
termini imerese,19759
tivoli,2527
tremezzo,19454
treviso,889
ustica,20015
valderice,19322
varazze,3115
buguggiate,715475
vasto,18142
vieste,12673
viterbo,19761
volterra,20019
alanya,9348
kemer,23111
nevsehir,6510
accrington,19025
alcester,4405
alnwick,6276
chapel stile,68818
amersham,12960
arundel,1007
ascot,7745
kincraig,99480
banbury,5904
adderbury,127928
deddington,129318
beaminster,16518
beaulieu,19026
beaumaris,4903
lowestoft,6649
parkham,711429
bideford,8505
winkfield,133295
braintree,22417
brecon,5081
bridgend,16108
brockenhurst,14740
bromsgrove,2870
buckingham,16034
burford,12290
burnley,5623
tottington,132839
callander,19805
camberley,10667
cannock,10663
chilham,128930
dalston,129292
cotehill,708130
carrickfergus,23050
cheadle (staffordshire),723485
margaretting,131174
little waltham,130935
chelmsford,11364
lavant,130806
castle combe,68806
clevedon,11535
stoke by nayland,86857
owston,131641
mickleham,70441
dornoch,13686
dover,18277
dunkeld,15278
honeybourne,130430
evesham,13228
fareham,18962
churt,722793
farnham,565
faversham,4603
goodwick,129951
forest row,13617
glenridding,19447
grantham,7027
grantown on spey,16795
colwall,129064
malvern,723480
great yarmouth,698
gretna,86749
harlech,2257
roydon (essex),723491
hastings,21537
hereford,18279
humshaugh,709259
holyhead,11056
lower beeding,131065
hunstanton,18982
thornham,132744
ilminster,3361
kilwinning,19068
kettering,16461
rushton,132083
chaddesley corbett,128846
kidderminster,13807
fenwick,129729
kilmarnock,16198
kingussie,14029
kirkcaldy,18953
beguildy,708056
knutsford,4349
sudbury,71619
blaby,128382
lichfield,15981
llandudno junction,130960
llangammarch wells,4165
llangollen,6089
lockerbie,9985
quorn,16348
sway,132651
lymington,10023
macclesfield,18012
matlock,3516
lodsworth,723098
chichester,8123
mildenhall,8828
moffat,7338
motherwell,22419
inkpen,130551
highclere,130353
newmarket,19058
tuddenham,132874
heighington,130286
north berwick,1890
pitsford,131779
exton,129668
oswestry,4077
padstow,14153
boddam,721471
pickering,18968
poole,10514
portrush,16213
thanet,132717
wokefield,723459
swallowfield,132642
alvechurch,127984
redditch,12902
ruthin,16320
scunthorpe,14131
selkirk,5321
albrighton (shropshire),129765
skipton,14891
burnsall,68765
south shields,5632
acton trussell,127927
stafford,11128
eaglescliffe,717235
wilmcote,133267
binton,128338
stockton (shropshire),723492
tetbury,9094
tewkesbury,15473
thame,17752
thaxted,20013
thurso,19076
halberton,708241
tiverton,14243
isle of wight,70639
walton,133000
crigglestone,129196
wellingborough,18983
wetherby,11936
witney,72130
worksop,16072
worthing,15513
wrexham,4641
mittelberg,70458
arzl im pitztal,68268
melk,70399
neustift im stubaital,70626
anras,68247
ehrwald,69116
altenmarkt im pongau,68209
annaberg im lammertal,68244
eugendorf,87011
hallein,69547
sankt johann im pongau,71235
elixhausen,69130
filzmoos,69247
flachau,69257
dienten am hochkonig,68983
anavyssos,235100
metsovon,73058
alexandroupolis,21365
arachova,88264
ransol,72960
liege,8339
mons / bergen,18062
mali losinj,19702
duce,703319
omis,23114
podstrana,79496
sibenik,18324
umag,23093
frantiskovy lazne,21921
hradec kralove,21564
tabor,21149
helsingor,19554
parnu,16747
sonderborg,16451
hluboka nad vltavou,10776
clifden,79411
bray,99143
esch sur alzette,20405
alphen aan den rijn,87160
lillestrom,18330
zielona gora,2
balatonfured,21294
sarvar,19286
kosice,18312
vysoke tatry,18902
manavgat,20663
goreme,21319
urgup,16045
el tarter,72949
llorts,72956
meritxell,72957
pas de la casa,72958
sant julia de loria,72961
achenkirch,68139
aigen im ennstal,68159
wildschoenau,72090
bad aussee,68320
bad hall,68356
bad kleinkirchheim,68366
bad leonfelden,68375
bad radkersburg,68386
bad sankt leonhard im lavanttal,68400
bad schallerbach,68402
bad zell,68420
dobriach,69004
durnstein,69066
ebbs,69082
emmersdorf an der donau,69152
euratsfeld,69204
faak am see,69212
feldbach,69231
feldkirchen an der donau,69234
fieberbrunn,69245
finkenberg,69248
fladnitz an der teichalm,69258
franking,69284
friedersbach,69299
fulpmes,69310
fuschl am see,69318
gai,69325
gerlos,69357
gnadenwald,69394
golling an der salzach,69403
gotzens,69417
gramatneusiedl,69425
grobming,69453
grodig,69454
grossarl,69467
gschnitz,69498
hall in tirol,69543
hallwang,69550
haugschlag,69594
hermagor,69659
hinterglemm,69706
schwendau,545006
hippach,69715
hittisau,69721
hochburg-ach,69724
holzgau,69758
illmitz,69828
jennersdorf,69865
jerzens,69867
kirchberg in tirol,69952
klosterneuburg,69992
kotschach,70030
kremsmunster,70038
kuhtai,70052
laa an der thaya,70070
langenlois,70096
lannach,70103
lassnitzhohe,70108
lech,70132
leogang,70154
lermoos,70155
leutasch,70162
lingenau,70197
litschau,70210
loipersdorf bei furstenfeld,70246
mallnitz,70319
maria rain,70337
mariastein,70339
marz,70367
matrei am brenner,70372
maurach,70378
mautern in steiermark,70380
mauterndorf,70381
st. michael in der obersteiermark,729769
mieders,70447
mieming,70448
monchhof,70472
murzzuschlag,70539
mutters,70540
nauders,70553
neukirchen am grossvenediger,70602
neusiedl am see,70615
obdach,70708
aurach bei kitzbühel,719050
obsteig,70753
oetz,70763
ossiach,70791
parndorf,70847
pertisau,70878
pollauberg,70910
portschach am worthersee,70934
techelsberg,729675
poysdorf,70943
puch bei hallein,70961
puchberg am schneeberg,70962
purbach am neusiedlersee,70968
raabs an der thaya,70975
radstadt,70987
rangersdorf,71003
reichenau an der rax,139306
reith bei kitzbuhel,71042
reith bei seefeld,71043
reith im alpbachtal,71044
retz,71054
ried im innkreis,71073
ried im zillertal,71075
riezlern,71084
schladming,71303
rothis,71133
haus,106059
rust,71166
saalfelden am steinernen meer,71174
sankt agatha,71221
sankt georgen im attergau,71230
mühlbach (carinthia),729750
sankt jakob im walde,71233
sankt johann in tirol,71236
sankt leonhard im pitztal,71241
sankt michael im lungau,71247
sankt ruprecht an der raab,71251
st valentin,719044
sattendorf,71264
scharding,71280
scharnitz,71281
schoppernau,71345
schruns,71355
schwarzenberg,7587
seeham,71394
wals-siezenheim,71936
silz,71456
soll,71488
stegersbach,71552
steinach am brenner,71554
steindorf am ossiacher see,71557
steyr,71575
stockerau,71579
strassen,71602
klösterle,141075
telfes im stubai,71677
traunkirchen,71752
tullnerbach-lawies,71791
tweng,71798
ferlach,98805
premstätten,719047
uttendorf,390241
velden am worthersee,71864
waidring,71912
wald im pinzgau,71915
holz,729803
kirchberg an der pielach,390240
westendorf,72046
aalter,68123
anhee,68241
as,68269
bastogne,68474
bomal,68630
bouillon,68647
brasschaat,68668
burg reuland,68751
butgenbach,68774
creppe,68904
de haan,68953
de panne,68954
diest,68986
feluy,69238
ferrieres,69240
stavelot,71549
geel,69343
haasrode,69517
heist-op-den-berg,69638
houffalize,69793
ittre,69852
izegem,69855
kanne,69894
heuvelland,69688
knesselare,69997
knokke-heist,69998
vresse-sur-semois,718154
lanaken,70078
libramont,70169
lier,70181
waterloo,18063
lokeren,70247
lummen,70287
maldegem,70315
malmedy,70320
rendeux,544528
middelkerke,70444
mol,70470
mont-saint-aubert,70478
mouscron,70507
nassogne,70550
nivelles,70671
koksijde,70004
oud-turnhout,70824
overijse,70831
verviers,86917
ransart,71005
rebecq-rognon,71019
riemst,71082
robertville,71098
roeselare,71105
saint-vith,71202
dessel,133668
sint-martens-latem,71469
tervuren,71688
trois ponts,71777
turnhout,71793
waimes,71913
waregem,71951
westerlo,72049
wevelgem,72054
zelzate,72219
balchik,68426
pomorie,70914
ruse,71163
sinemorets,71462
smolyan,71481
sozopol,71511
velingrad,71867
sveti vlas,103380
banjole,68448
biograd na moru,68567
brodarica,68709
krapanj,727973
cres,68905
seget vranjica,71403
dreznik grad,69037
drvenik (splitsko-dalmatinska),712589
fazana,69228
vodnjan,544753
grabovac,69419
karlovac,69899
zrnovo,544760
korenica,70024
lun,70288
moscenicka draga,70501
motovun,70503
nerezine,70569
zaton,86975
okrug gornji,70771
oroslavje,70785
osijek,70790
otocac,70813
plitvicka jezera,70901
primosten,70953
privlaka,70954
rab,70976
rakovica,70994
slano,71478
stari grad,71543
starigrad,71544
sudurad,71621
trpanj,71783
tuhelj,71789
zadar,72200
kalavasos,67533
pissouri,67535
benesov,67464
cheb,67468
dacice,67469
janske lazne,67482
kamenny ujezd,67484
kolin,67487
koprivnice,67488
liberec,67493
mcely,67496
most,67498
nejdek,67502
opava,67504
ostravice,67505
pec pod snezkou,67508
revnice,67513
spindleruv mlyn,67517
teplice,67522
znojmo,67532
brabrand,72636
fredensborg,72641
hanstholm,72646
hjallerup,72647
hjorring,72648
hornbaek,72650
nibe,72656
odder,72657
grindsted,72644
romo kirkeby,72660
skanderborg,72662
slagelse,72663
soro,72664
haapsalu,68102
viljandi,68121
kempele,67676
kirkkonummi,105673
tuusula,67680
agde,76773
ahuy,76775
aime,76778
albertville,76781
saint-jean-de-maurienne,687352
aleria,76784
villefranche-d'albigeois,666471
amilly,76797
amou,76798
ancelle,76800
ancenis,76801
aytre,76857
apt,76809
aranc,76810
arbigny,76811
les planches-pres-arbois,713926
argenteuil,76820
argonay,76822
armbouts-cappel,76823
arnage,76825
arques,76829
tracy-sur-mer,715233
artigues-pres-bordeaux,76834
arveyres,76835
aubagne,76842
aubiere,76843
augerville-la-riviere,76845
aumont-aubrac,76847
avranches,76854
bagnoles-de-l'orne,19711
bailleul,76861
balaruc-le-vieux,76862
baldenheim,76863
bantzenheim,76866
banyuls-dels-aspres,76867
banyuls-sur-mer,76868
barr,76877
bar-sur-aube,76879
yutz,20685
le croisic,77430
bazas,76883
beaucaire,76884
beaugency,76885
tavers,194935
beaulieu-sur-dordogne,21172
beaulieu-sur-mer,76886
bedoin,76894
belle-ile-en-mer,76897
bellegarde,686566
belmesnil,76901
belves,76902
benodet,76903
berck,76905
ribeauville,87545
bernay,76907
bidarray,76919
bidart,76920
biriatou,76923
biscarrosse,76924
bischwihr,76926
bitche,76927
blaesheim,76928
blanquefort,76929
blonville-sur-mer,76932
bois-guillaume,76936
boissy-saint-leger,76937
bollene,76938
wormhout,195780
bonnat,76942
bonne,76943
bonneuil-sur-marne,76944
bouaye,76947
bourbon-l'archambault,76951
bourg-les-valence,20355
bourg-achard,76953
bourgoin-jallieu,76955
bourg-saint-maurice,76956
bracieux,76959
brando,76960
gaillac,513509
saint-michel-sur-orge,194312
bricquebec,76969
brie-comte-robert,76970
brive-la-gaillarde,76972
bucheres,76978
bures-sur-yvette,76980
cabestany,76983
beguey,713990
caillac,76989
caissargues,76991
espelette,513089
camiers,76996
capdenac-gare,76998
carqueiranne,77004
carrieres-sous-poissy,77005
carlux,703872
castelnaudary,77011
valence-sur-baise,77810
castres,77015
saint-valery-sur-somme,87607
cazaubon,77021
cerbere,77023
cestas,77025
chaintre,77027
chalabre,77028
challes-les-eaux,77030
seilhac,194636
charleville-mezieres,77046
bruz,76977
givors,77262
chateaubriant,77055
chateau-chinon (ville),714932
chateaudun,77058
chateau-gontier,77060
chateauneuf-du-pape,77063
chateau-thierry,77066
chatel,77067
riom,77907
chatillon-sur-chalaronne,77069
chatou,77070
chaumontel,77073
chavelot,77078
chaville,77079
chenove,77080
chevreuse,77081
chille,77082
chisseaux,77083
chitenay,77084
chorey-les-beaune,77085
chorges,77086
ciboure,77087
vif,195511
clamart,77090
cleon,77093
cliousclat,77094
clohars-carnoet,77095
collias,77098
collioure,77099
colombes,77100
colroy-la-roche,77104
combourg,77106
commentry,77108
concarneau,77110
boulay-moselle,186670
conflans-sainte-honorine,77113
corbas,77115
corbeil-essonnes,77116
corbigny,77117
pelissanne (provence-alpes-cote d'azur),714778
creully,547665
coutances,77126
creney-pres-troyes,77129
crepon,77131
criel-sur-mer,77134
crots,77138
cruseilles,77140
montreuil,101582
douai,782
talant,78180
dammarie-les-lys,77147
decines-charpieu,77151
digne-les-bains,77154
digoin,77155
dives-sur-mer,77157
dol-de-bretagne,18374
dolancourt,77158
donnemain-saint-mames,77159
douarnenez,77160
duras,77167
dury,77168
eckbolsheim,77171
ecole-valentin,77172
ecully,77174
eguisheim,77175
englos,77176
ennevelin,77177
entraigues-sur-la-sorgue,77178
entraygues-sur-truyere,77179
epinay-sur-orge,77180
morangis,982
epone,77181
trelon,709451
vitre,20623
erstein,77187
essey-les-nancy,77189
seichamps,194632
etampes,77191
etaples,77192
etoges,77194
etretat,77195
eu,77196
guillestre,87352
eysines,77200
chalons-en-champagne,77031
fecamp,77205
la suze-sur-sarthe,547905
marange-silvange,191738
feytiat,77209
feyzin,77210
flacey,77211
flagey-echezeaux,77212
flaine,77213
foix,77218
fontaine-de-vaucluse,77219
fontenai-sur-orne,77224
fontenay-le-comte,77225
fontenay-tresigny,77228
fontevraud l'abbaye,77229
forcalquier,77231
forges-les-eaux,77232
fos-sur-mer,77234
fougeres,77236
fouquieres-les-bethune,77237
fourques,77240
fresnes,77241
freyming-merlebach,77243
froideterre,77244
frontignan,77245
gargas,77247
geneuille,77253
gerardmer,77255
germ,77257
gerzat,77258
ghisonaccia,77259
plombieres-les-bains,77758
glisy,77264
boves,186756
epinal,10438
vallauris-antibes,195256
gonfreville-l'orcher,77267
gourdon,77271
gradignan,77273
grenade-sur-garonne,77279
greoux-les-bains,77280
gresse-en-vercors,77281
mitry-mory,192124
grignan,77284
grimaud,77286
guebwiller,77288
gueret,77290
guethary,77291
guingamp,77293
hagenthal-le-bas,77295
neufchâtel,192572
paray-le-monial,1271
fumay,188916
lannoy,190425
herblay,77302
hermanville-sur-mer,77304
hesdin-l'abbe,77305
soorts-hossegor,194785
husseren-les-chateaux,77311
huttenheim,77312
hyevre-paroisse,77313
illzach,77533
issoudun,77536
istres,77537
jaunay-clan,77315
jausiers,77316
jaux,77317
joinville-le-pont,77318
jonzac,77320
jouy-aux-arches,77322
beaujeu,186200
jumieges,77324
kaysersberg,77538
metzervisse,192059
knutange,77541
la bollene-vesubie,77330
rochefort-montagne,712431
le beausset,77419
la chapelle-saint-luc,77335
ingré,189550
la chapelle-saint-mesmin,77336
la chapelle-sur-erdre,77337
la chatre,77338
la chaussee-sur-marne,77340
la colle-sur-loup,77341
la couronne,77344
sollies-pont,78461
la fleche,77348
saint-chely-d'apcher,666059
la garde,77351
hédé,189391
la mure,77360
la petite-pierre,77365
la plagne,77366
la pommeraye (pays de la loire),721309
la ravoire,77369
la roche-sur-foron,77374
la roque-gageac,77375
la tranche-sur-mer,77381
orbec,192765
la ville-du-bois,77386
la bastide-clairence,77388
labastide-murat,77389
labege,77390
lacaune,77394
lamballe,77401
lanester,77407
langres,77408
lapoutroie,77411
ploemeur,77756
lattes,77415
le bonhomme,77421
le bugue,77425
le crotoy,77431
le freney-d'oisans,77433
le grand-bornand,77435
le mesnil-en-vallee,77440
le mont-dore,77441
le pontet,77445
rayol-canadel-sur-mer,715230
guipavas,189301
le teich,77455
lorgues,103557
le treport,77460
le val-d'ajol,77461
lens,77467
les angles,77470
les angles (languedoc-roussillon),713916
saint-remy-de-provence,78380
les deserts,77473
les eyzies-de-tayac,77474
les herbiers,77477
saint-ambroix,193873
les orres,77480
les ponts-de-ce,77481
les riceys,77482
les sorinieres,77483
les tourrettes,77484
lessay,77487
lestelle-betharram,77488
levernois,77490
lezennes,77491
lieusaint,77494
l'ile-rousse,77496
l'isle-sur-la-sorgue,77500
lomme,77506
longwy,77510
lons-le-saunier,77512
lormont,77514
loudeac,77517
lourmarin,77518
lucciana,77520
luc-sur-mer,77522
ludres,77523
lutterbach,77528
lyons-la-foret,77530
maisons-alfort,77546
mallemort,77549
marmande,77560
marsac-sur-l'isle,77563
martigues,77564
martillac,77565
marvejols,77566
massieux,77567
matzenheim,77568
mauguio,77569
mauzac-et-grand-castang,77572
maxeville,77574
meaux,77577
saujon,78419
menerbes,77579
menthon-saint-bernard,77580
mereville,77582
meyrals,77590
meyreuil,77591
mirmande,77597
hochfelden,189463
moelan-sur-mer,87457
moirans,77600
moissac,77601
molieres,77603
molsheim,77605
moncoutant,77607
sigoules,715147
moneteau,77610
monpazier,77611
mons-en-baroeul,77612
montcaret,77619
mont-de-marsan,77621
montelimar,77622
montesson,77623
monthieux,77628
monticello,77629
chateauroux,390250
montigny,77631
val-de-meuse,77632
montivilliers,77633
montmelard,77635
montmelian,77636
montory,77637
montreuil (nord-pas-de-calais),713913
montrichard,77641
mont-saint-aignan,77642
morlaix,77647
woerth,195774
morschwiller-le-bas,77650
mortain,77651
morzine,77652
eyguieres,188573
mouroux,77656
moussy,77657
murbach,77661
mur-de-barrez,77662
mutzig,77665
nanteuil-les-meaux,77668
nantua,77669
neuf-brisach,77676
nogaro,77681
nogent-le-rotrou,77683
noyon,77690
nyons,77691
oberhaslach,77692
olmeto,77695
orbey,77700
orthez,77708
ottmarsheim,77713
contres,187849
oyonnax,77715
paimpol,77718
palavas-les-flots,77720
pamiers,77722
paradou,77723
parcay-meslay,77724
parentis-en-born,77725
parthenay,77726
perigny,77731
perreux,77732
petite-foret,77733
saint-genis-laval,78296
pierrelatte,77740
piney,77741
pithiviers,77742
argeles-sur-mer,19115
plaisir,77745
plougastel-daoulas,77761
lesneven,191324
pont-de-salars,18395
pont-a-mousson,77767
lesmenils (alsace),714561
pont-audemer,77769
pont-aven,77770
pont-l'eveque,77777
pontoise,77778
pont-saint-esprit,77779
pornic,77780
ryes,193824
portet-sur-garonne,77783
ota,718263
porto-vecchio,77785
creancey,715063
pouilly-sur-loire,77786
praz-sur-arly,77791
montfort-en-chalosse,512760
ferney-voltaire,20411
proville,77797
puilboreau,77798
villeneuve-sur-lot,87686
puligny-montrachet,77800
quimperle,77892
recques-sur-hem,77896
redon,77897
rieupeyroux,77905
riom-es-montagne,77908
rixheim,77910
rochemaure,77914
rosny-sous-bois,77923
roussillon (rhone-alpes),713909
vion,195665
saillagouse,78237
saint-avold,20548
saint-cyprien,19276
saint-gilles-croix-de-vie,78239
saint-nazaire,18804
saint-tropez,21157
saint-amand-les-eaux,78242
saint-amarin,78243
besse-et-saint-anastaise,76910
saint-andre-les-vergers,78248
saint-apollinaire,78249
saint-aubin-sur-scie,78250
saint-bonnet-de-mure,78254
saint-brice-sous-foret,78259
saint-cannat,78260
saint-chamond,78263
saint-cloud,78265
saint-cyr-l'ecole,78268
saint-doulchard,78272
sainte-maxime,18396
villedieu-les-poeles,87684
sainte-foy-les-lyon,78277
zonza,669481
sainte-maure-de-touraine,78281
sainte-mere-eglise,78282
sissonne,194748
pujols,77799
saintes-maries-de-la-mer,78286
maurs,102238
saint-flour,78293
saint-germain-en-laye,78300
saint-germain-les-corbeil,78301
saint-gervais-d'auvergne,78302
saint-gilles,78305
saint-jean-de-luz,78315
saint-jean-d'illac,78317
saverne,78426
saint-jouan-des-guerets,78323
saint-junien,78324
serralongue,714820
saint-laurent-de-mure,78327
saint-laurent-nouan,78328
la ferte-saint-cyr,87376
vezins-de-levezou,708783
boulogne-sur-mer,20353
saint-martin-de-belleville,78339
saint-martin-de-crau,78340
saint-martin-de-fraigneau,78341
saint-martin-sur-le-pre,78347
saint-maur,78349
saint-nicolas,78356
saint-ouen-l'aumone,78357
saint-paul-les-dax,78364
saint-pierremont,78368
saint-pol-de-leon,78371
saint-pol-sur-mer,78372
saint-priest,78374
saint-quentin,78377
saint-quentin-fallavier,78378
saint-raphael,78379
saint-satur,78384
saint-sebastien-sur-loire,78387
saint-thibault-des-vignes,78392
saint-valery-en-caux,78395
saint-vallier-de-thiey,78396
saint-yrieix-sur-charente,78403
samatan,78409
sanary-sur-mer,78412
sancy,714170
sannois,78416
sarreguemines,78417
sassetot-le-mauconduit,78418
saulges,78420
saumane-de-vaucluse,78422
schirmeck,78428
seclin,78430
semeac,78435
lorp-sentaraille,714966
serignan-du-comtat,78440
sernhac,78442
serra-di-ferro,78443
sete,78447
severac-le-chateau,78448
sevrier,78450
seyne,78451
siran,78455
ollioules,87495
sochaux,78457
soissons,78458
solaize,78459
sommieres,78464
taissy,78179
talmont-saint-hilaire,78182
saint-laurent-des-arbres,715200
taverny,78185
terrasson-lavilledieu,78187
thannenkirch,78189
theix,78191
thiers,78195
thones,78196
tonnay-boutonne,78199
tonnerre,78201
toul,78202
tournefeuille,78205
tournon-sur-rhone,78207
tournus,78208
trappes,78209
langueux,77409
treguier,78213
upie,78222
vacqueyras,77806
val-d'isere,20604
valframbert,77811
valmeinier,77815
vals-les-bains,77818
guerigny,189273
vendome,77827
verdun,77829
vert-saint-denis,77832
vervins,77834
veulettes-sur-mer,77835
vic-la-gardiole,77839
vienne-le-chateau,77843
le val-d'hazey,715158
vigneux-de-bretagne,77846
villaines-la-juhel,77848
villandraut,77849
villard-de-lans,77850
villefranche-sur-mer,77854
villejust,77855
ville-la-grand,77856
villemandeur,77857
saint-maur-des-fosses,87586
villeneuve-les-avignon,77860
villeneuve-les-beziers,77861
beziers,20346
villeneuve-saint-georges,77863
villennes-sur-seine,77864
villers-saint-paul,77867
villy-le-pelloux,77868
vinay,77870
vire,77873
viriat,77874
vitry-le-francois,77878
vittel,77879
bulgneville,87261
allonnes,185603
voiron,77883
vorey,77885
voves,77887
wasquehal,78227
wimereux,78229
wissembourg,78231
xonrupt-longemer,77888
abensberg,68124
achim,68141
adenau,68144
ahaus,68153
ahlen,68154
ahrensfelde,68156
ainring,68160
albbruck,68165
albershausen,68166
albstadt,68168
harzgerode,126070
alf,68177
allersberg,68185
allershausen,68186
alsfeld,68194
alt schwerin,68199
altbach,68200
altdorf,166581
altenahr,68203
altenau,68204
altenberg,118633
altenstadt,68210
altlay,68216
altomunster,68219
altotting,68221
morsbach,717169
alzenau in unterfranken,68226
andechs,68233
andernach,68234
plaidt,124835
angermunde,68238
annaberg-buchholz,68245
nesse-apfelstadt,717001
apolda,68254
appenweier,68255
arnstadt,68265
arzberg (sachsen),68267
asbach,68270
ascheberg,68272
ascheberg (holstein),716989
aschheim,68273
asendorf,68274
grunstadt,86399
attendorn,68285
attenkirchen,68286
auderath,68293
aue,68294
egling,69108
aulendorf,68301
aumuhle,68303
aurich,68305
aying,68308
bacharach,68314
backnang,68315
bad alexandersbad,68318
bad arolsen,68319
geestland,717151
bad bellingen,68322
bad bentheim,68323
bad berleburg,68325
bad berneck im fichtelgebirge,68326
bad bertrich,68327
bad bocklet,68329
bad boll,68331
bad brambach,68332
bad breisig,68333
bad durrheim,68338
bad elster,68340
bad endorf,68342
bad essen,68344
bad fallingbostel,68345
bad feilnbach,68346
bad frankenhausen/kyffhauser,68347
bad fussing,68349
neustadt an der donau,663719
bad griesbach (bayern),68354
bad grund,68355
bad heilbrunn,68358
bad hersfeld,68359
bad honnef am rhein,68362
bad honningen,68363
bad iburg,68364
bad kotzting,717061
bad konig,68368
naumburg/saale,70556
bad kostritz,68370
bad laer,68371
bad lauterberg im harz,68374
bad liebenstein,68376
bad liebenzell,68377
bad munder am deister,68379
bad munstereifel,68381
bad rippoldsau-schapbach,68389
bad rodach,68390
bad saarow,68392
bad sachsa,68393
bad sackingen,68394
bad salzschlirf,68398
bad salzungen,68399
bad schandau,68403
bad schonborn,68405
bad schussenried,68406
bad schwartau,68407
bad soden-salmunster,68408
bad sooden-allendorf,68409
bad suderode,68410
bad teinach-zavelstein,68412
bad waldsee,68415
bad wildbad,68417
bad wilsnack,68418
balingen,68431
ballenstedt,68433
balve,68443
wusterhausen,86639
barth,68466
bastorf,68475
battenberg (eder),68477
baunatal,68479
bayerisch gmain,68482
bad bayersoien,68483
bayrischzell,68484
templin,71682
beckum,68492
bedburg,68494
beelitz heilstatten,68497
beerfelden,68498
grunhain-beierfeld,69494
belm,68511
bad belzig,717096
bendestorf,68514
benediktbeuern,68516
bentwisch,68519
berg am starnberger see,68520
bergen auf rugen,512704
bergen (traunstein),716819
berghausen,167811
bergheim,68526
grebenhain,118908
bernau am chiemsee,68532
bernburg (saale),68535
bernkastel-kues,68537
bernried (deggendorf),716778
bernried,68538
bestwig,68545
biberach an der riss,68552
bindlach,68562
binzen,68566
birgland,68571
birkenfeld,167992
birkenwerder,68574
birresborn,68575
bischofsgrun,68576
bischofswerda,68579
bischofswiesen,68580
bispingen,68584
bissendorf,68585
bitburg,68586
blankenbach,68593
blankenburg,68594
blankenfelde-mahlow,68595
blaubeuren,68598
bleckede,68601
bobenheim am berg,68609
bobrach,68610
bockenem,68612
bodenmais,68615
bodman-ludwigshafen,68617
bokel (schleswig-holstein),713567
bollendorf,68626
borken,68637
borkheide,68638
brackenheim,68656
brakel,68660
brandis,68665
braubach,68669
braunlingen,68671
braunsbach,68672
pulheim,70964
sandersdorf-brehna,68679
breisach am rhein,68680
breitenbach am herzberg,68681
breitenbrunn/erzgeb.,512711
breitengussbach,68683
bremervorde,68684
brietlingen,68699
brodenbach,68710
wangels,127175
bruck i.d. opf.,68722
buchenberg,68731
buchlberg,68734
buckeburg,68737
bucken,68738
bulstringen,68746
burg (spreewald),68749
hohenstein,103199
burgau,68752
burghausen,68754
burgwedel,68760
busum,68773
buttenheim,68776
calw,68783
cambs,68784
wustrow,663962
cham,68817
clausthal-zellerfeld,68850
cloppenburg,68858
eslohe,69193
coswig ( sachsen-anhalt ),68893
crailsheim,68897
creglingen,68903
crimmitschau,68910
crivitz,68911
wolpertshausen,183764
dachau,68926
dagebull,68928
dallgow,68936
damp,68940
lubbow,716919
dannenfels,68943
darscheid,68945
ringgau,717125
daun,68950
deisslingen,68959
delbruck,68960
delmenhorst,68961
deudesfeld,68973
dieblich,68981
diessen am ammersee,68985
dietersheim,68987
dietfurt,68988
dillenburg,68991
dillingen an der donau,68992
dillingen/saar,68993
dippoldiswalde,68996
dobeln,69003
donaustauf,69014
donauworth,69015
donzdorf,69020
dorentrup,69022
dorpen,69024
dorsten,69026
dotlingen,69029
drachselsried,69031
drolshagen,69040
dudeldorf,69045
dudenhofen,69046
duderstadt,69047
durbach,69063
duren,69064
ebermannstadt,69086
ebern,69087
ebersberg,69088
ebersburg,69089
eching,69092
eckernforde,69094
edenkoben,69097
edingen-neckarhausen,69099
egestorf,69101
petershagen/eggersdorf,713730
eggstatt,69106
egmating,69110
ehingen,69113
eichenzell,69118
eichwalde,69119
eicklingen,69120
eisenberg (bavaria),713689
eisenhuttenstadt,69125
elkenroth,69131
ellwangen (jagst),69136
elmenhorst/lichtenhagen,713700
elmshorn,69139
elsterwerda,69142
eltmann,69143
biederbach,68556
emden,69148
emmendingen,69150
emmerich am rhein,69151
empfingen,69153
emsdetten,69154
titting,717066
bad emstal,69156
endingen am kaiserstuhl,69158
engden,69160
enkenbach-alsenborn,69162
kinding,69938
eppelborn,69167
eppendorf,69169
erfweiler,69175
ergolding,69176
erkner,69177
obernzell,70733
ernst,69182
eschwege,69189
eschweiler,69190
espenau,69194
esselbach,69195
esslingen,69197
langwedel,126854
ettal,69199
ettlingen,69201
ettringen,69202
euskirchen,69205
appel,120085
fahrenzhausen,69215
farchant,69224
schoneberg (uckermark),717108
feldberg ( baden wuerttemberg ),69232
feldberger seenlandschaft,663531
fellbach,69237
fichtelberg,69243
fichtenau,69244
finsterwalde,69250
fischen im allgau,69253
fleringen,69260
dobin am see,716853
floh-seligenthal,69265
floss,69268
forchheim,69270
forst (lausitz),717101
frankenau,69282
frankfurt (oder),18988
frauenstein,69286
fredersdorf,69288
freiberg,69290
freiberg am neckar,69291
freren,69293
freudenberg,69295
friedburg,118869
friedewald,69300
thale,71692
lichtenfels-sachsenberg,86474
furstenfeldbruck,69312
furstenwalde,69313
furth,69315
gadebusch,69322
gadheim,69323
gaienhofen,69326
gammertingen,69330
garrel,69333
gartow,69336
gaufelden,69338
gauting,69341
geesthacht,69344
geiselwind,69345
geisingen,69347
gemunden,69351
weilrod,71987
georgsmarienhutte,69356
gernsbach,69359
gersfeld (rhon),69363
gescher,69364
geseke,69365
gevelsberg,69366
giengen an der brenz,69369
giesen,69370
gingst,69373
ginsheim-gustavsburg,69374
gladbeck,69377
glonn,69389
glowe,69391
glucksburg,69392
gmund am tegernsee,69393
gohren-lebbin,69399
goldkronach,69402
gorlitz,69412
gossweinstein,69415
gotthun,69416
grafenthal,69421
grafenwiesen,69422
grafing bei munchen,69423
grainet,69424
grasbrunn,69429
grenzach-wyhlen,69442
grevenkrug,69444
grevesmuhlen,69446
grimma,69448
gromitz,69455
gronau (westf.),69456
gross meckelsen,69462
gross nemerow,69463
kalkhorst,717136
grossbeeren,69468
harth-pollnitz,717210
gross-gerau,69472
holzkirchen,69762
grossheubach,69478
grossruckerswalde,69483
grunberg,69490
grunwald,69496
gundelfingen,69505
gustrow,69510
gutach im breisgau,69512
gutersloh,69513
guxhagen,69514
haar,69516
hadamar,69520
hagnau,69525
halberstadt,69536
halle an der saale,69545
halle westfalen,69546
hallenberg,69548
hallstadt,69549
hambuhren,69553
hammelburg,69554
hanau,15992
hann. munden,717020
hartenstein,69575
hassfurt,69586
hattingen,69590
hattstedtermarsch,69592
hausen ob verena,69597
hausen,69596
hausern,713463
hauzenberg,69600
hayingen,69609
hebertshausen,69616
heidenau (harburg),69623
heidenheim an der brenz,69624
heigenbrucken,69625
heilbad heiligenstadt,69626
heiligenberg,69627
heiligenhaus,69628
niestetal,716844
heimbach,69632
heimbuchenthal,69633
mulfingen,86502
heinsberg,69636
weitnau,72005
hemmingen,69646
hennstedt,69650
herbolzheim,69653
herford,69657
diemelsee,663562
hermsdorf,69662
herrieden,69667
herten,69670
herzberg am harz,69674
herzebrock,69675
herzogenaurach,69676
neufahrn bei freising,70591
hilpoltstein,69699
hirschaid,69716
seevetal,71402
hitzacker,69722
hochberg,69723
hochheim am main,69725
hochst i. odw.,69727
hofbieber,69729
hofheim am taunus,69731
hohen demzin,69733
hohen neuendorf,69734
kranzberg,70036
hohnstein,69743
hohr-grenzhausen,69744
hollenstedt,69749
holsthum,69753
markersdorf,127509
rechenberg-bienenmuhle,717198
lichtenstein (tubingen),663665
hopferau,69772
horn-bad meinberg,69779
hornbach,69778
horstel,69786
horstmar,69787
hosbach,69790
hovelhof,69797
hoxter,69801
hufingen,69804
hunfeld,69808
hurtgenwald,69811
ibbenburen,69815
idar-oberstein,69820
idstein,69821
iffezheim,69822
illertissen,69826
ilsenburg,69829
ilshofen,69831
immenstaad am bodensee,69832
inden,69835
ingelheim am rhein,69836
inzell,69841
inzlingen,69842
irschenberg,69845
iserlohn,69847
isernhagen,103200
ismaning,69849
isny im allgau,69850
isselburg,69851
jagel,69859
jettingen-scheppach,69869
jever,69871
joachimsthal,69872
julich,69875
juterbog,69879
happurg,69564
kaisersesch,69883
ahrweiler,124206
kallmunz,69888
kamp-bornhofen,69892
kamp-lintfort,69893
kappel-grafenhausen,69896
karlstadt,69901
karnin,69902
kastl,69909
kehl,663641
kelkheim (taunus),69916
kell am see,69917
thyrnau,117495
kenn,69923
kenzingen,69925
kernen,69927
kerpen,69928
kevelaer,69931
lennestadt,70150
kipfenberg,69950
kirchberg (hunsruck),716939
kirchen (sieg),69954
kirchensittenbach,69955
kirchhain,69956
kirchheim am ries,69958
kirchheim unter teck,69959
kirchheimbolanden,69960
kirchseelte,69963
kirchzarten,69964
kisslegg,69972
klausdorf,713526
schwentinental,716993
klingenberg am main,69987
klink,69988
klipphausen,69989
knullwald,70000
kobern-gondorf,70001
kochel,70002
linnich,86478
kolkwitz,70007
kolleda,70008
konigs wusterhausen,70011
konigsbrunn,70012
konigslutter am elm,70014
konigstein (bavaria),70015
konnersreuth,70017
konzell,70019
kopp,70020
korbach,70022
korntal-munchingen,70026
koserow,70028
kressbronn am bodensee,70039
krombach,70045
kronberg im taunus,18256
kunzell,70054
oybin,713620
rathen,71008
kusterdingen,70060
kyritz,70065
ladenburg,70073
laer,70074
laichingen,70076
landstuhl,70085
langelsheim,70087
langenbach,70089
reichertshofen,179345
langenfeld (rhld.),70093
langenzenn,70097
pfofeld,716821
langweiler (rhineland-palatinate),713448
laubach,70110
lauenau,70114
lauingen (donau),70117
laupheim,70118
lauscha,70119
lautenbach,70120
putbus,70970
lautzenhausen,70126
lebach,70131
lechbruck am see,713566
leer (ostfriesland),70136
lehmkuhlen,70138
leimen,70143
leinfelden-echterdingen,70145
leipheim,70147
lemgo,70148
lenzkirch,70153
lowenberger land,717090
lienen,70179
limburg an der lahn,70188
limburgerhof,70189
lindberg,70192
furth bei landshut,716795
lindenberg im allgau,70194
lingen (ems),70196
linstow,70200
lobau,70233
lof,70237
loffingen,70239
lohmar,70242
lohnberg,70243
lorrach,70259
losheim,70260
lossburg,70261
lowenstein,70268
lubben,70271
lubbenau,70272
lubstorf,70273
luckenwalde,70276
ludersburg,70278
ludwigshafen,16158
luechow,70283
luisenthal,70285
adendorf,86283
lunen,70291
lutherstadt eisleben,70294
maikammer,70308
malchow,70314
malente,70316
marburg,14175
margetshochheim,70334
glees,124437
marienberg,70340
harsewinkel,69573
marienheide,70342
marktbreit,70351
marktredwitz,70353
marquartstein,70356
dornhan,716757
maulbronn,70376
meckenbeuren,70387
meersburg,70392
melle,70402
mellrichstadt,70406
memmelsdorf,70409
memmingen,70410
menden,70411
mengkofen,70417
meppen,70420
merklingen,70423
merzig,70426
meschede,70427
mespelbrunn,70429
wiefelstede,121634
miesbach,70449
mindelheim,70455
mittenaar,70460
mittenwald,70461
mitwitz,70466
moers,70468
molln,70471
monschau,70474
montabaur,70475
moos,70481
moosinning,70483
morbach,70487
morfelden-walldorf,70492
moritzburg,70494
mosbach,70499
mossingen,70502
motten,70504
muden (mosel),70511
wiesenttal,717068
muggensturm,70513
muhlhausen (kraichgau),70518
muhlhausen/thuringen,70519
muhlhausen im tale,70520
mulheim (mosel),713494
mulheim an der ruhr,70525
müllheim,68703
ettenheim,171218
munsingen,70534
murnau am staffelsee,70538
mylau,70541
nauen,70554
naumburg/ hessen,70555
nebra (unstrut),70559
liepen (mecklenburg-vorpommern),713678
steinhagen (vorpommern-rugen),716901
neresheim,70568
netphen,70573
nettetal,70574
söhlde,121422
neu wulmstorf,70577
neu-anspach,70578
neubeuern,70579
hoppstadten-weiersbach,713707
neuendettelsau,70583
neuenkirchen,70587
neuenstein,70589
neuhardenberg,70594
neuhaus am inn,70595
neuhaus am rennweg,70596
neuhausen,70597
neuhof,70598
neukirch,70600
neukirchen (bavaria),106048
neukirchen-hesse,106049
neukirchen-pleisse,70604
neukirchen-vluyn,671122
neumarkt i.d. opf.,70608
neumunster,70609
thermalbad wiesenbad,71699
neunkirchen,70611
neunkirchen (baden-wurttemberg),713524
neuruppin,70613
neuschonau,70614
neusitz,70616
neusorg,70617
neustadt in sachsen,105966
neustadt am rubenberge,70621
neustadt an der aisch,70622
neustadt an der waldnaab,70623
neustrelitz,70627
neuwied,70630
neuzelle,70631
nideggen,70646
niebull,70647
butzbach,68777
niederfullbach,70653
niederkassel,70654
niefern-oschelbronn,70662
niemegk,70664
rabenstein/flaming,717098
nienburg,70665
nonnenhorn,70674
nordenham,70678
cappel,703074
nordhorn,70683
norten-hardenberg,70686
northeim,70694
nortorf,70697
numbrecht,70701
zirndorf,72226
nurtingen,70704
nussloch,70706
oberahr,70709
munsing,70533
oberau,70712
oberaudorf,70713
oberdachstetten,70717
oberheimbach,70722
oberkirch,70723
burdenbach,713704
obermaiselstein,70727
obermoschel,70729
vohl,686101
oberraden,70735
oberried,70737
obersteinebach,70739
manching,116509
oberthal,70744
obertshausen,70749
oberwesel,70750
obing,70752
hohenstein (reutlingen),717048
oeversee,70765
ohlsbach,70767
ohlstadt,70768
ohringen,70769
olbernhau,70772
olbersdorf,70773
olpe,70776
olsberg,70777
oppenau,70782
oranienburg,70783
oschersleben,70789
ostbevern,70792
osterholz-scharmbeck,70794
osterode am harz,70795
sulzetal,717177
ostrach,70799
ostseebad baabe,70801
ostseebad binz,70802
ostseebad dierhagen,70804
göhren,125368
usedom,119965
ostseebad kuhlungsborn,70807
ostseebad prerow,70809
ostseebad sellin,70810
ostseebad zinnowitz,70811
otigheim,70812
ottendorf-okrilla,70814
otterberg,70817
otterndorf,70818
ottobeuren,70821
oy-mittelberg,70834
oyten,70835
papenburg,70842
parchim,70844
parsberg,70850
vaterstetten,71857
pasewalk,70852
pawesin,70859
peiting,70862
penig,70868
penzberg,70872
perl,70876
funfseen,717131
pfalzgrafenweiler,70885
pfarrweisach,70886
pilsach,70891
pirmasens,70892
pirna,70893
planegg,70896
plattling,70897
plau am see,70898
pliezhausen,70900
plochingen,70902
pobershau,70904
pocking,70905
pocking (passau),106041
pohl,70908
pommersfelden,70913
poppenhausen (wasserkuppe),70922
porta westfalica,70926
prichsenstadt,70950
prien am chiemsee,70951
probstzella,70955
pronstorf,70957
prum,70959
pullach im isartal,70965
quakenbruck,70972
quickborn,70974
bilsen,126456
radeberg,70981
radolfzell am bodensee,70986
rahden,70991
raisting,70993
ralswiek,70995
ramsau,70998
ramstein-miesenbach,71001
rattenberg,71010
ratzeburg,71012
rech,71020
recklinghausen,71022
steinsfeld,71566
reichenau,71030
reichenbach im vogtland,71032
reil,71035
reinheim,71038
reinstorf,71039
reit im winkl,71041
remagen,71045
frankenfeld,120505
rettert,71053
rheda-wiedenbruck,71059
rhede,71060
rheinbach,71061
rheinbollen,71062
rheine,71064
rheinfelden (baden),76728
rheinhausen,71065
rhens,71068
rieden,71076
riederich,71078
riegel,71080
rielasingen-worblingen,71081
ringsheim,71088
drensteinfurt,69036
rinteln,71091
ritterhude,71095
rodder,71100
rodelsee,71101
rodermark,71102
roding,71104
roggenburg,71108
rohr in niederbayern,717071
rohrdorf,71110
rohrnbach,71112
rossdorf,71125
rotenburg an der wumme,71128
rothenbach an der pegnitz,71130
kemberg,717190
rottenburg,71137
rottendorf,71138
rottweil,71140
rotz,71141
ruckersdorf,71148
rudersberg,71150
berg (hof),716788
hornstorf,116071
ruhpolding,71157
ruhstorf,71158
runkel,71161
saerbeck,71178
sailauf,71183
salzbergen,71208
salzhausen,71210
sangerhausen,71219
sanitz,71220
sankt andreasberg,71222
sankt augustin,71224
sankt englmar,71227
sankt margen,71243
sankt michaelisdonn,71248
sankt peter,71249
sankt peter-ording,71250
sankt wendel,71257
sankt wolfgang,71258
lahntal,663655
sassnitz,71263
sayda,71274
scharbeutz,71278
schauenburg,71283
scheer,71286
scheidegg,71289
schieder-schwalenberg,71293
schifferstadt,71295
schleiden,71308
schleiz,71309
schlepzig,71311
schleusingen,71312
schliersee,71313
schlossbockelheim,71317
schluchtern,71319
schnaittach,71322
schollnach,71325
schomberg,71326
schonaich,71327
schonau am konigssee,71328
schonberg (holstein),713715
schonebeck,71332
schoneck,71333
schoneiche,71336
schonewalde,71337
schonheide,71338
schonwald,71342
schopfheim,71344
schoppingen,71346
schorndorf,71348
schorssow,71349
schotten,71351
schuttorf,71357
schwabach,71358
schwabisch gmund,71360
schwabisch hall,71361
schwaig bei nurnberg,71363
schwarzach,71367
schwarzach am main,71368
schwarzenberg/erzgeb.,76729
schwarzenbruck,71370
kargow,703114
schwedelbach,71372
schwedt (oder),71373
schweich,71374
schwelm,71376
sebnitz,71384
seebad ahlbeck,71388
seebad bansin,71389
seebad heringsdorf,71390
oberuckersee ot seehausen,671124
graal-muritz,713565
seelbach,71398
vierlinden,717088
seiffen,71406
selbitz,71407
seligenstadt,71409
rathenow,118304
senden,71416
senden bei munster,671127
senheim,71421
siegsdorf,71450
siek,71451
simbach am inn,71458
simmerath,71459
forchtenberg,171600
singen,71463
sinsheim,71464
kleinblittersdorf,102181
soest,71484
pfinztal,716742
sommerhausen,71493
sonnenbuhl,71495
sonthofen,71496
oberharz am brocken,717182
rosengarten,118315
sottrum,71499
spessart,71519
spornitz,71521
spremberg,71522
bad bruckenau,20338
stadecken-elsheim,71528
stadt wehlen,71529
bad staffelstein,99072
starzach,71545
staudach-egerndach,71546
staufenberg (giessen),672959
steinau an der strasse,71555
steinen,71558
steinfeld (oldenburg),717165
steinfurt,71561
scheibe-alsbach,713535
steinheim am albuch,71564
steinwenden,71568
steinwiesen,71569
stemwede,71570
stendal,71571
schwabhausen,71359
stockheim,71580
stolberg (rhineland),671635
sudharz,717025
stollberg/erzgeb.,71588
straubing,71606
aiterhofen,166337
strausberg,71607
stuhlingen,71617
suhlendorf,71622
sulzbach-rosenberg,71625
sulzburg,71626
sulzfeld am main,71627
sulzheim,71628
sundern,71629
suplingen,71630
swisttal,71645
tabarz/thur. wald,71650
tambach-dietharz/thur. wald,71654
tangermunde,71656
tauberbischofsheim,71662
tauberrettersheim,71663
adelshofen,68143
tauer,71665
taufkirchen,71666
tautenhain,71668
teistungen,71676
teltow,71678
tengen,71685
schramberg,71352
teutschenthal,71690
thallichtenberg,71694
tiefenbronn,71718
sylt ost,86603
todtnau,71729
tonning,71736
toppenstedt,71737
tornesch,71740
butjadingen,717019
trassem,71749
trassenheide,71750
traunreut,71753
treis-karden,71762
trendelburg,71765
trippstadt,71773
trochtelfingen,71776
trostau,71779
tubingen,71787
emmingen,120444
uberherrn,71804
uberlingen,71805
uckeritz,71808
ueckermunde,71812
uelzen,71814
uetersen,71815
uhlingen-birkendorf,71819
ulmen,71820
ulmet,71821
unterfohring,71829
untermeitingen,71833
unterschneidheim,71836
unterwossen,71838
urbar (mayen-koblenz),716934
ursensollen,71847
urzig,71848
vallendar,71852
valley,71853
valwig,71854
varel,71855
aurach,19444
veitshochheim,71862
verden,71871
vetschau,71873
viechtach,71877
viernheim,71880
viersen,71881
vilsbiburg,71884
vlotho,71892
vohenstrauss,71894
klein kussewitz,713543
wachenheim an der weinstrasse,71902
wachtersbach,71903
wadgassen,71908
wagenfeld,71909
waghausel,71910
waldachtal,71916
waldbreitbach,71917
waldkirchen,71921
waldmunchen,71923
waldrach,71924
waldshut-tiengen,71926
wallenfels,71931
wallerfangen,71932
wallgau,71933
walluf,71934
walpertskirchen,71935
wandlitz,71941
wangen im allgau,71943
wankendorf,71946
waren,71952
warstein,71957
wartenberg (bavaria),672853
wartmannsroth,71960
waschenbeuren,71961
wasserburg am bodensee,71967
wedel,71974
weibersbrunn,71980
weiden,71981
weiding (cham),716776
weilburg,71984
weilheim in oberbayern,71986
weingarten,71989
weinsberg,71990
weinstadt,71991
weisendorf,71993
weisenheim am berg,71994
schneizlreuth,117266
amtsberg,68231
weissenfels,71998
weissenhorn,71999
wemding,72011
wendeburg,72012
wenden,72014
werbach,72020
werben,72021
werdau,72024
werder (havel),72025
werl,72027
werne,124120
wershofen,72032
wertheim,72034
wesendorf,72037
treuchtlingen,117513
wettringen,72053
weyarn,72056
weyhausen,72059
bornheim,68640
wiesemscheid,72079
wiesensteig,72081
wiesloch,72083
wietzendorf,72085
wildemann,72089
altlandsberg,117971
willebadessen,72094
willingen (upland),72097
briesen,118021
wilnsdorf,72101
wilsdruff,72102
wilthen,72104
windelsbach,72111
winnenden,72115
wintrich,72123
wipperfurth,72124
wittlich,72131
wittmund,72132
wittstock,72133
wohrden,72137
wolfach,72138
wolfegg,72139
wolfenbuttel,72141
wolfhagen,72144
wolgast,72148
wolnzach,72151
woltersdorf,72153
worlitz,72164
worrstadt,72166
worth an der isar,72167
wunnenberg,72175
wurselen,72178
wurzen,72179
wustenrot,72180
zandt,72201
zeitlarn,72208
zell am harmersbach,72211
zell im fichtelgebirge,72214
zella-mehlis,72215
zellingen,72217
zeltingen-rachtig,72218
zempin,72220
ziegenruck,72222
zierenberg,72223
ziesar,72224
sulzdorf an der lederhecke,117447
zittau,72227
zorge,72228
zorneding,72229
zossen,72230
sinntal,717116
zusmarshausen,72232
zuzenhausen,72234
zwenkau,72237
bad zwesten,716850
zwiesel,72240
zwonitz,72242
akersloot,72262
almen,72266
appeltern,72269
appingedam,72270
arcen,72271
assen,72272
baarle-nassau,72274
peel en maas,713259
bemelen,72282
bloemendaal,72291
blokzijl,72292
borger,72295
bosschenhoofd,72297
brielle,72303
brummen,72306
brunssum,72307
buinen,72308
coevorden,72314
cuijk,72315
dalfsen,72316
de bilt,72317
texel,72329
de lutte,72321
delden,72324
hof van twente,713231
pijnacker-nootdorp,713261
den dolder,72328
dinkelland,713219
deurningen,72332
dieren,72334
diessen,72335
diever,72336
doetinchem,72339
dongeradeel,713220
domburg,72341
doorwerth,72343
drachten,72344
driebergen,72345
westerveld,713276
dwingeloo,72349
ede,72352
eemnes,72353
egmond aan zee,72358
ellecom,72361
nunspeet,72478
emmeloord,72364
enkhuizen,72365
etten-leur,72367
exloo,72368
aa en hunze,713208
geleen,72372
gilze,72375
goes,72376
gouda,72378
groesbeek,72380
gulpen-wittem,713228
haaksbergen,72383
haarlemmerliede,72384
hurdegaryp,728712
harlingen,72388
harmelen,72389
heeze,72396
hellendoorn,72400
herkenbosch,72405
hippolytushoef,72408
ameland,72309
hoog-soeren,72412
hoorn,72413
horst aan de maas,713233
den helder,87168
hulst,72419
katwijk aan zee,72424
kraggenburg,72431
landgraaf,72433
lattrop,72434
leende,72435
leusden,72438
lies,72440
lunteren,72446
luyksgestel,72447
markelo,72453
middelburg,72456
geldrop-mierlo,713225
mill,72461
mook en middelaar,713250
montfoort,72464
nieuw-vennep,72469
nieuwerkerk aan den ijssel,72468
nieuwvliet,4620
niftrik,72471
margraten,72452
langedijk,184653
nuland,72477
odoorn,72479
oegstgeest,72480
oisterwijk,72483
oldeberkoop,72484
ommen,72486
ooij,72487
oostkapelle,72492
oost-vlieland,72493
oostvoorne,72494
ootmarsum,72496
oranjewoud,72497
woensdrecht,185385
de marne,713216
poeldijk,72509
raalte,72510
schouwen-duiveland,706199
noordwelle,184818
rhenen,72514
ridderkerk,72515
rockanje,72520
echt-susteren,713221
ruurlo,72525
zandstraat,185407
teylingen,713269
schiermonnikoog,72531
schiphorst,72533
schuddebeurs,72535
vught,72582
naaldwijk,10819
sittard,72543
spier,72549
stadskanaal,72550
stavoren,72551
maasgouw,713243
tiel,72557
tubbergen,72561
urmond,72563
valkenswaard,72564
veendam,72565
veere,72566
velsen-zuid,72568
vianen,72570
vlijmen,72574
vlodrop,72575
waalwijk,72583
wageningen,72584
wassenaar,72588
werkendam,72593
terschelling,14151
westkapelle,72597
beverwijk,184181
wirdum,72605
wissenkerke,72606
witteveen,72607
weststellingwerf,713278
workum,72609
woudenberg,72611
zevenbergen,72617
zoutelande,72618
zuidbroek,72619
zwartsluis,72624
dirdal,68997
fotlandsvag,69274
oyer,735696
heggenes,69621
heimdal,69634
hommelvik,138048
valldal,71851
vikersund,71883
biala podlaska,72670
bialystok,72673
bielsk podlaski,72675
boleslawiec,72676
busko-zdroj,72679
bytow,72680
cieszyn,72684
dabki,72686
dzwirzyno,72692
elblag,72693
gizycko,72696
gniezno,72698
jaroslawiec,72706
jaworze,72708
jastarnia,156952
karpacz,72714
ketrzyn,72717
kety,72718
kolobrzeg,72724
koszalin,72730
krag (west pomeranian),672886
kroczyce,72733
krynica-zdrój,72735
ksiezyno,72736
ladek-zdroj,72738
leba,72739
lipowa,72744
lomza,72745
malbork,72750
milowka,72755
tomaszowice,158476
morag,72757
muszyna,72761
naleczow,72762
niepolomice,72763
kliczkow,157104
pila,72772
pobierowo,72773
polanica-zdroj,72775
raciborz,72782
radom,72783
rawa mazowiecka,72784
polchowo,706515
rumia,72789
ryn,72791
serock,72793
sochaczew,72798
sosnicowice,72800
spala,72801
starachowice,72804
stare jablonki,72805
samotwor,668136
sucha beskidzka,72812
swinoujscie,72820
szklarska poreba,72824
targanice,72825
tresna,72828
trzesacz (gryfice),672967
tychy,72830
ustka,72831
ustron,72832
wieliczka,72836
wisla,72837
wladyslawowo,72840
wloclawek,72841
wronki,72843
wysoka wies,72844
zegrze,72848
zlotoryja,72850
zory,72852
alcobaca,73140
alcochete,73141
alenquer,73144
mortagua,105376
alte,73149
alter do chao,73150
castro marim,73186
armamar,73156
arouca,73157
atouguia da baleia,73159
colares,7294
barcelos,73165
caldas da felgueira,73176
nelas,16968
canas de senhorim,73180
chaves,11764
ilhavo,105371
sabrosa,73292
tomar,18760
águeda,73137
ferreira do zezere,73211
fundao,73218
gouveia,73222
guia,73224
idanha-a-nova,73226
matosinhos,101047
leca do bailio,73231
loule,73234
torres vedras,73323
madalena,73239
mangualde,73240
vila nova de cacela,88738
mirandela,73247
moncao,73248
monfortinho,73253
monsaraz,73254
moura,73257
olhao,73260
oliveira do bairro,73263
pera,73271
peso da regua,73272
ponte da barca,73277
ponte de lima,73278
povoa de lanhoso,73281
vila verde (braga),716249
redondo,73288
resende,73289
samora correia,73296
sao luis,76770
zambujeira do mar,73350
silveira,73314
cinfaes,669319
torreira,73322
vagos,73327
alijo,16522
covilha,19150
valenca,73332
velas,73337
vizela,73348
azuga,68087
gura humorului,68099
ploiesti,68110
snagov,68116
murata,73352
banska stiavnica,68452
demanovska dolina,18311
liptovsky jan,70204
liptovsky mikulas,70205
piestany,19482
ruzomberok,71169
stola,71586
trnava,71775
zvolen,72235
ankaran,67629
bohinjska bistrica,67631
bovec,67632
celje,67633
cerklje na gorenjskem,67634
domzale,67635
gozd martuljek,67637
hocko pohorje,67639
koper,67640
kranj,67641
kranjska gora,67642
lasko,67643
laze v tuhinju,67644
lesce,67645
medvode,67650
nova gorica,67654
otocec,67655
podcetrtek,67656
ptuj,67659
radovljica,67660
rogaska slatina,67663
sempeter pri gorici,67664
lipica,111070
solkan,67668
zrece,67673
alas,73360
alcantara,73364
aldeayuso,73370
sagunto,101041
almendralejo,73381
arroyo frio,73399
arteixo,73400
atarfe,73403
aznalcazar,73407
azofra,73408
badalona,73409
balmaseda,73413
belmonte de miranda,73423
bembibre,73424
benalua de guadix,73426
benaojan,73428
beriain,73433
berja,73434
carballo,198393
betanzos,73438
a almuzara,727236
boca de huergano,73443
bolvir,73446
briviesca,73448
broto,73449
cabezon de pisuerga,73455
cajar,73459
rincón de la victoria,199825
caldas de montbuy,73466
canena,73472
canillas de albaida,73473
carballino,73477
castellar de la frontera,73485
castelló d'empúries,73487
castro-urdiales,73488
cee,73490
cenes de la vega,73492
cerdanyola del valles,73494
chucena,73501
ciempozuelos,73502
colunga,73506
consuegra,73509
corbera de llobregat,73510
camaleno,87820
covarrubias,73520
cudillero,73523
daimiel,73526
dilar,73529
dodro,73530
ecay,73534
el campillo de rodalquilar,73537
mazarron,103728
escalante,73550
espluga de francoli,73551
esquivias,73553
estamariu,73555
estella,73556
etxebarria,73559
ezcaray,73560
fitero,73566
gallegos,73571
aldeanueva de la vera,73369
elizondo,198737
gata de gorgos,73576
geria,73577
getaria,73578
guejar-sierra,73586
guijuelo,73588
hervas,73591
hoyos del espino,73594
siguenza,200041
isaba,73601
jaunsaras,73605
jorba,73607
juzcar,73609
la algaba,73611
la escala,73616
pilona,103752
peñarrubia (cantabria),718123
la llagosta,73622
la seu d'urgell,73629
la calahorra,73631
lasarte,73642
laxe,73645
lekeitio,73647
mendexa,713443
lepe,73648
les cases d'alcanar,73651
lesaka,73652
lestedo,73653
lles de cerdanya,73657
loiu,73660
lorqui,73663
los barrios,73664
los canos de meca,73665
tarriba,727144
gozon,198799
luarca,73674
luyego,73676
malpica,73681
meano,73690
medina-sidonia,73691
mieres,73697
molina de segura,73702
mondejar,73704
monforte de lemos,73706
monreal del campo,73707
montcada,73708
randa,73801
moralzarzal,73714
morella,73716
oia,717661
mundaka,73722
mungia,667263
muskiz,73726
navarredonda de gredos,73732
noya,73737
sasamón,717606
olvera,73744
orgiva,73748
oropesa del mar,73749
os de balaguer,73751
palacios de la valduerna,73752
palas de rey,73753
palau-saverdera,73754
parcent,73758
pedraza,73759
peligros,73761
la gomera,21342
puebla de farnals,73770
pontons,73775
santa marta de ortigueira,667523
prullans,73784
la puebla de alfinden,73785
puebla de sancho perez,73787
puebla del caraminal,73788
vidiago,73933
puerto de la selva,73793
moclin,709338
el puig,87858
rabade,73800
requena,73803
salinas de pamplona,73814
sallent,718435
sant fruitos de bages,103791
san martin del pimpollar,73835
san millan de la cogolla,73836
san pol de mar,73838
teverga,105989
sant boi del llobregat,73843
sant julia de ramis,73847
sant pere de ribes,73851
sant quirze de besora,73853
santa coloma de farners,23079
santa comba,73856
vilaboa,88021
santa cruz de mudela,73858
santa eulalia de gallego,73859
soto del barco,73883
tauste,73889
cabranes,718118
torrecaballeros,73899
sales de llierca,667467
totana,73904
la borbolla,73613
uhia,73912
uncastillo,73913
utebo,73915
rebollar,687891
vegadeo,73928
velez-malaga,73929
bera,718460
vidreres,73934
villanueva de arosa,103826
villafranca,73939
villalpando,73943
villaluenga del rosario,73944
villanua,73946
villanueva de la serena,73947
cuesta de la palma,687708
villaralbo,73949
yuncos,73956
zarautz,73957
zestoa,73959
charlottenberg,67797
eksjo,67803
falkenberg,67805
gimo,67807
handen,67811
kristinehamn,67815
nynashamn,67822
persasen,106043
pitea,79433
rattvik,67827
salen,67830
högbo,173625
soderbarke,67835
stenungsund,67839
surte,67841
visingso,67846
ausserberg,67854
la gruyere,716269
bad-schwarzsee,67857
beckenried,67858
bremgarten,168525
bettmeralp,67863
biasca,67866
binningen,67867
bivio,67870
bulle,67880
celerina,67886
charmey,67890
scanfs,68044
dielsdorf,170309
disentis,67904
uster,102898
waldenburg,183499
fieschertal,721660
sachseln,68032
frauenfeld,67920
grenchen,67929
gruyeres,67933
habkern,67937
holderbank,67943
horn,67945
horw,67946
hurden,67948
klosters,14310
le locle,67967
lenk im simmental,67969
losone,67976
mendrisio,67984
boudry,168403
murten,67994
mustair,67995
arlesheim,166957
sursee,68060
obermeilen,68002
reckingen-gluringenen,68017
rorschach,665029
neuenkirch,177376
saas-almagel,68030
samnaun,68036
san bernardino,76723
saint gallen,68039
scuol,68047
sedrun,68048
sils im engadin/segl,102891
silvaplana,68053
sorenberg,68056
stans,68058
thalwil,737360
twann,68065
unteriberg,68068
alt st. johann,102857
vercorin,68072
visp,68074
wangen,183528
schwende,719879
zweisimmen,68086
erzurum,67763
gocek,67767
safranbolu,67784
sapanca,67785
selcuk,67786
zeytinköy,720278
aberdour,68128
aberdyfi,68129
abergele,68132
aberystwyth,68136
aghadowey,68152
aldeburgh,68169
aldwark,68174
alston,68196
alton,68220
angmering,68240
ardfern,68259
arnside,68264
ashbourne,68276
ashby saint ledgers,68278
ashton under lyne,68280
atherstone,68284
auldgirth,68300
bacton,68316
bakewell,68424
ballydrain,68437
ballymena,68438
balmaha,68439
bangor northern ireland,68446
bapchild,68455
barmouth,68462
barnard castle,68463
barrow in furness,68464
wychnor,723472
baslow,68470
batley,68476
melksham,70400
beauly,68487
hunton,130497
beddgelert,68495
berkeley,68527
berkhamsted,68528
berkswell,68529
berwick-upon-tweed,68543
betws-y-coed,68547
bewdley,68549
birdlip,68569
blackwood,68588
boat of garten,68608
bodmin,68618
bognor regis,68619
brackley,68657
bradford on avon,68658
hellaby,69639
braunton,68673
brechin,68675
bridge of orchy,68691
bridgwater,68694
bridlington,68695
bridport,68696
brighouse,68701
brodick,68711
greasby,18014
brome,68714
broughton astley,68719
buckfastleigh,68739
burley,68763
burntisland,68766
bury saint edmunds,68771
bushmills,68772
camelford,68785
cardigan,68791
saint austell,71188
carmarthen,68793
warton,133027
castle douglas,68808
danby,292846
castletown,68810
winsham,708618
chard,68820
charlton (wiltshire),722787
latimer,130800
chesterton,68833
chorley,68841
cirencester,68847
whitehaven,133202
cleckheaton,68856
clovelly,68859
coalville,68864
cockerham,68866
cockermouth,68867
earls colne,69073
coggeshall,68870
coleford,68874
congleton,68881
coniston,68882
allensford,712043
cookstown,68887
copdock,68888
corsham,68890
corwen,68891
cowbridge,68894
pencoed,70867
cranbrook,68898
crawfordsburn,68901
crickhowell,68908
cricklade,68909
cromer,68914
culham,68922
blackburn,79636
dawlish,68952
deal,68955
desborough,68969
devils bridge,68977
didmarton,68980
dolgellau,69007
dolwyddelan,69013
drymen,69042
dumfries,69051
dungannon,69052
dunkeswell,69055
dunoon,69056
tanfield,132673
retford,16547
ecton,69095
elgin,69129
enniskillen,69165
escrick,69191
eversley,69209
falfield,69219
fivemiletown,69256
fort augustus,69273
halland,663873
frodsham,69303
garstang,69335
gildersome,69371
glastonbury,69379
goathland,69395
grange over sands,69428
gravesend,69431
shorne,132294
kirby,130711
workington,72162
haddington,69521
hailsham,69534
harleston,69567
hartlepool,69577
hathersage,69589
wolf's castle,723460
hay-on-wye,69610
crawley,11096
headcorn,69612
hebden bridge,69615
heckfield,69620
himley,69703
burbage,128671
hindon,69705
aberdare,68127
wymondley,721585
cranage,719556
holmfirth,69751
east putford,708174
barnham broom,721463
horncastle,69780
hovingham,69798
huby,69802
ilchester,69824
ilfracombe,69825
inchture,69834
invergordon,69840
irvinestown,69846
kingscote,76736
newton abbot,12199
kirkby lonsdale,69966
kirkmichael,69969
lampeter,70077
landford,70080
pitney,131777
lerwick,70156
hitchin,69719
lewes,70165
clacton on sea,23121
littlebourne,70215
llanddeiniolen,70220
llandeilo,70222
llandovery,70223
llangristiolus,723076
llanrhystyd,70227
llanrwst,70229
llanwddyn,70231
lochinver,70236
long compton,70251
long melford,70252
longhope,70255
lostwithiel,70262
legbourne,129585
louth,70264
lundin links,70289
ullesthorpe,686169
lewtrenchard,99483
lyndhurst,70299
lynton,103305
malmesbury,70321
brokenborough,722696
malton,70325
harborough,130168
markfield,70347
marlborough,76739
ogbourne saint george,86820
fearby,129713
masham,70369
matfen,70371
melton,131238
mere,70421
merthyr tydfil,70425
churchstoke,720902
moreton in marsh,70490
moretonhampstead,70491
woolacombe,19795
much wenlock,70509
nailsworth,70544
nantwich,70546
narberth,70547
neath,70558
nether wasdale,70570
new galloway,70632
langstone,130784
newtownabbey,70644
north killingholme,70688
north petherton,70690
whitegate,133200
omagh,70779
runnymede,713289
oundle,70827
paignton,70837
chesterfield,17950
peaslake,70860
burry port,86689
pershore,70877
portballintrae,70927
porthmadog,70931
truro,71785
portstewart,70936
hertford,17952
hambleton (lancashire),722959
whiston (knowsley),723435
ashington (pullborough),705888
ramsbottom,70999
ravenglass,71016
ravenscar,71017
redlynch,71026
richmond,76742
chenies,128897
ripon,71093
ross on wye,71122
rothley,71134
rottingdean,71139
royal tunbridge wells,71144
roybridge,71145
rozel,716414
saham toney,71180
callestick,722690
saint ives (cornwall),513189
ringwood,76743
saint peter port,716421
east williamston,721498
scarborough,76746
denby dale,129331
beckermet,128241
sedgefield,71385
westfield,133146
settle,71426
shaftesbury,71429
shepton mallet,71437
sherborne,71438
sheringham,71439
shetland,71440
sibson,71448
sidmouth,71449
sittingbourne,71475
skegness,71476
upholland,71839
slinfold,71480
south cave,71502
thorpe on the hill,133187
south molton,71505
sparsholt,71516
saint brelade,716403
st. davids,71526
meikleour,86796
morley (derbyshire),723487
stanton saint quintin,71540
stapleford,71542
staverton,71550
stockbridge,71578
stroud,71613
stornoway,71595
stranraer,71601
street,71609
minchinhampton,131305
sutton cheney,71634
sutton scotney,71637
swaffham,71640
swanage,71642
shedfield,71433
leitholm,708328
symington,71647
tadcaster,71651
tavistock,71669
cameley,722764
tenby,71684
saundersfoot,71267
thetford,71700
middlesbrough,10902
thornbury,71708
thorpeness,71710
todwick,71731
tonbridge,71735
tortworth,71742
totnes,71745
towcester,71746
trearddur,71758
aldbury,127949
tutbury,71796
two bridges,71800
chulmleigh,68843
upper slaughter,71842
usk,71849
walworth,71940
aldermaston,127955
ashill,128052
wells,72008
wem,72010
looe,131050
westerham,72047
westleton,72050
weymouth,72060
wheyrigg,72062
whitby,72063
north tyneside,700778
wimborne minster,72105
winslow,72118
frampton cotterell,129818
wisbech,72127
woodbridge,72155
woodbury,72156
woodhall spa,72157
wootton bassett,72161
wroxham,72173
old sodbury,723193
hart,130197
yaxham,72193
yeovil,72197
giessen,8730
cesson-sevigne,20372
chasse-sur-rhone,16748
chatelaillon-plage,20384
l'isle-d'abeau,20448
le grau-du-roi,20465
luxeuil-les-bains,20484
marsannay-la-cote,20495
neuville-en-ferrain,20515
saint-dizier,20550
saint-etienne-du-rouvray,20552
saint-herblain,20553
saint-lo,20558
salon de provence,20568
thonon-les-bains,20595
vandoeuvre-les-nancy,20606
villeneuve-d'ascq,20619
cerise (lower normandy),714073
ales,7508
arcueil,102504
escurolles,188487
besancon,15956
brantome,2411
briancon,19713
bussy-saint-georges,18386
canet-en-roussillon,20365
carquefou,87272
cergy,20370
barberaz,76871
chatellerault,20385
compiegne,3663
cran-gevrier,20392
evreux,10135
courcouronnes,77123
frejus,14496
gemenos,904
hyeres,5648
la roche-sur-yon,20452
le subdray,190917
les sables-d'olonne,20470
saint-albain,20545
mandelieu-la-napoule,20489
merignac,20497
montbeliard,428
montignac,18381
montigny le bretonneux,19443
niederbronn-les-bains,20516
nogent-sur-marne,20517
noyelles godault,20521
roissy-en france,20687
saint-brieuc,18399
saint-jean-de-braye,20554
salies-de-bearn,18398
biot,76922
tassin-la-demi-lune,79486
uzes,20603
villenave-d'ornon,20618
vouille,1666
bad tolz,23059
boblingen,20350
buchholz in der nordheide,68733
buhl,18245
dinkelsbuhl,86335
feldkirchen-westerham,171391
oberursel (taunus),119299
friedrichsdorf,86371
gross wittensee,21910
hochenschwand,19082
hof,173609
hornberg,173747
oldenburg,13941
rosshaupten,4135
euboea,1684
magoula (eretria),718556
folegandros,6996
kalamata,10138
komotini,547
patra,21375
andria,79307
anzio,164416
bra,79437
cinisi,88406
cisternino,169666
citta  della pieve,21178
ercolano,102511
marche,19566
l'aquila,18114
legnano,79358
castrignano del capo,88393
casale zappulla,706823
monterotondo,79454
nicolosi,21880
palau,79444
pegli,164854
pontedera,178831
rio nell' elba,668850
santa margherita di pula,2056
ruvo di puglia,179778
musile di piave,177166
san dona di piave,18134
castellaro (castellaro),163437
sant'antonio abate,19283
signa,88607
massa martana,88474
todi,79356
torre del greco,99193
angra do heroismo,19770
caldas da rainha,168932
obidos,13495
povoa de varzim,5523
santiago do cacem,18705
santo andre,76769
aguilas,79625
ainsa,79398
almansa,197956
andujar,12814
aranda de duero,99339
ardales,717483
astorga,717249
bailén,717466
benidorm,87797
benimaurell,101579
vioño,200367
bueu,198273
cabrils,102416
caldes de malavella,198320
cebreros,79506
formentera,666997
irun,632
istán,199021
las cabezas de san juan,87907
loja,87914
lucena,102333
mollet del valles,102413
montoro,102332
mora de rubielos,717683
pilar de la horadada,101580
pozo alcón,390229
puigcerda,79276
puzol,99391
rubi,102262
sanlucar de barrameda,102494
torrelavega,200138
torroella de montgri,21124
utrera,102341
vejer de la frontera,102501
vilallonga,717639
vinaros,88030
xativa,7473
lidkoping,21116
ostersund,15976
tallberg,15915
champery,5699
neuchatel,15536
hofe,716285
belper,86671
le villocq,716427
lamesley,130769
haslemere,130218
hedon,130283
lenham,130844
bisham,128357
rochdale,17956
southend-on-sea,79520
pilar,102560
villa gesell,102585
pinamar,21695
la costa partido,702204
quatro barras,21242
taubate,20593
saint-joseph-de-la-rive (qc),663398
beaupre (qc),14661
boucherville (qc),6007
brossard (qc),5501
cambridge (on),22397
cornwall (pe),98856
drummondville (qc),9931
val-david (qc),17683
juan dolio,18339
nuweiba,15935
saint francois,103148
madaba,16528
tulum,19741
salé,106153
tangier,85868
taroudant,13553
willemstad,20717
soufriere,1058
franschhoek,21883
pleiku (gia lai),78906
hohhot,79733
tuy hòa (phú yên),78908
diamond beach,78903
islamabad,5058
karachi,8571
hachioji,108512
kinabalu national park,513416
tawau,106025
chandigarh,9868
paracin,79695
parsons (tn),78853
paternoster,78685
paulista,78508
perdido key (fl),78854
simpson bay,103624
robertson,78692
saint lucia estuary,78697
sainte-luce,78554
ballito,79838
san bernardo,78485
san rafael,78486
santa nella village (ca),78869
secunda,78700
sidi bou said,78725
cole bay,103620
skhirat,78584
snowmass village (co),78872
southbroom,78703
kareedouw,706447
sur,78590
swellendam,78709
tzaneen,78712
thabazimbi,513536
zihuatanejo,78577
bacacay,709097
tarakan,102498
banjarmasin,102497
sagamihara,107319
miyakonojo,107600
shimonoseki,108813
lismore,17910
kirkwood,79846
djerba,17042
american canyon (ca),78728
apucarana,78499
marirha,105663
basalt (co),78735
beberibe,78502
bethlehem,78612
east london,10202
cape st. francis,78620
costa careyes,103075
carilo,78481
cascade locks (or),78753
clarens,78626
cullinan,78629
madikwe game reserve,101028
vaudreuil dorion (qc),98945
edgerton (wi),78772
el cerrito (ca),78774
manzanillo,3026
elkridge (md),78777
galloway (nj),78782
galt (ca),78783
girdwood (ak),78784
graskop,78645
gualala (ca),78788
hampton (nh),22871
hatta,78727
holbox island,78564
byblos (jbeil),78552
joliette (qc),78521
kenilworth (nj),78808
kenly (nc),78809
kennebunk (me),78810
kralendijk,78585
lalla takerkoust,78582
loma linda (ca),78822
naboomspruit,78679
margate,78669
ojai (ca),78850
oualidia,78583
oyster bay,78682
aguascalientes,15223
campeche,7125
mount vernon (il),79894
newport (ri),17260
pagosa springs (co),22553
raynham (ma),15566
reston (va),21817
rochester (mi),79896
rockport (me),21492
teton village (wy),12500
three rivers (ca),6392
toms river (nj),22640
twentynine palms (ca),22724
wildwood (fl),79611
wixom (mi),22247
yountville (ca),23250
camden (me),79877
canon city (co),22392
carmel valley (ca),23284
cartersville (ga),9280
castle rock (wa),79878
des moines (wa),79880
fairfield (ct),79882
georgetown (co),79884
grass valley (ca),22764
hollywood (fl),17809
kennebunkport (me),10726
killington (vt),5761
los alamos (ca),79889
ludlow (vt),79890
manchester (vt),79891
mhlosinga,734576
hoedspruit,6970
nabeul,78723
sir baniyas island,707835
antioch (il),79869
asbury park (nj),23354
ashland (nh),79871
brighton (co),79874
forster,10894
al hoceima,78578
billesley,128325
saint mary bourne,132113
angouleme,9999
ugchelen,145255
argentat,76819
waddesdon,132964
bad durkheim,16048
bad gleichenberg,68350
bad orb,19672
bad rothenfelde,68391
bad saulgau,68401
bad waltersdorf,68416
baesweiler,68421
sessa aurunca,164639
barsinghausen,3990
baska voda,19040
bellver de cerdanya,73422
bermatingen,68530
bezau,68550
bierge,73440
getxo,709527
alyth,86653
bad bleiberg,68604
bourg-en-bresse,20354
bourton on the water,68650
sacele,68113
braunfels,68670
bridgnorth,68693
briey,76971
morel,664998
brovst,72637
augusta,167164
buchenbeuren,68732
burghaslach,68753
buxtehude,68778
cauterets,77018
cavalaire-sur-mer,77019
cervo,73497
cesme,18189
châteaubourg (brittany),719263
chepstow,18275
mickleton,131268
clare,76731
pont-l'abbe,77776
conwy,19951
caldecott,128737
palma del rio,199646
crieff,18948
bracknell,6363
cullen,68923
dartmouth,68946
denbigh,68964
dettingen an der erms,68972
dorking,8516
dungarvan,18551
eberswalde,118060
belz,186290
puiol del piu,733298
fayence,77204
fuzine,69319
hampreston,130148
quiaios,719204
fisterra,87867
floresti (cluj),712588
friedberg,69298
fusch an der glocknerstrasse,69317
rixensart,71097
gersthofen,7877
markinch,131181
haibach ob der donau,69529
goldsborough,129944
heelsum,2517
heemskerk,18358
helmsley,12104
heusden - zolder,69687
hilden,13952
igualada,21099
hintlesham,130376
kielce,72719
koudum,72430
kreischa,70037
gohrisch,716975
la cortinada,72953
labaroche,77387
lacanau,77392
lamego,8781
largs,70105
ceret,12900
les gets,77475
lisieux,10966
makkum,72450
manderscheid,70327
maria alm am steinernen meer,70335
oulad snaguia,712110
marvao,16499
mauerbach,70375
mellenthin,70404
sankt blasien,71225
mertola,73244
middelfart,72655
mirepoix,77596
soustons,78474
egkomi,110593
blisworth,128420
obertauern,70743
ordino,9049
orebic,23036
ouistreham,20526
overath,70830
pamporovo,19247
piedrahita,73765
piesendorf,70889
puerto aventuras,17822
troia,88731
prats-de-mollo-la-preste,77789
barton,86664
pruszkow,72779
rabac,18322
rastede,71007
replonges,77900
stavenhagen,716864
renon,715934
roscoff,15732
rot am see,71127
roussillon,77926
saint peter,716406
sandanski,6572
sandwich,71218
sankt kanzian,71237
sankt martin,71244
uboldo,716112
sasbachwalden,71262
sastago,73867
schenkenzell,71291
seeboden,71391
seeon-seebruck,71401
sirince,685676
silvi marina,18136
stourbridge,71598
alderminster,127956
szekesfehervar,14797
tarnow,72826
stara lesna,19301
gunnislake,130098
fondi,75862
tignes,78197
tozeur,5372
uhldingen-muhlhofen,71818
valenciennes,5834
villars-sur-ollon,16649
volkach,71898
vougeot,188
wadern,71906
warminster,6121
warth,71959
wegberg,71978
weissensee,72002
weissenstadt,72003
wiehl,6601
woburn,72135
woippy,20630
wolkenstein,72149
wuppertal,12809
zagora,12776
amazraou,726768
zell am ziller,72212
chia,75750
egilsstadir,665154
inverell,17906
roma,78913
great ocean road - torquay,78914
trebbin,7656
sevenoaks,671
breitnau,10983
falkirk,18925
combe fields,719562
a barcala,718452
newnham,131472
obzor,79476
jesus pobre,667760
estacion de el espinar,711232
bentivoglio,75531
san siro,76447
medina del campo,79424
arzachena,79479
alcoy,79399
santa pola,79550
solna,11604
monastir,8522
sousse,5979
ocho rios,9300
ville-di-pietrabugno,715137
triberg,12475
pamukkale,9676
vaals,9741
punta ala,7322
roquebrune-sur-argens,87549
arlanda,18767
zeven,1009
mondolfo,163721
nenagh,72922
palagiano,76198
mezzana,76067
monte san pietro,76097
amorgos,72968
favignana,75842
schignano (como),76524
pienza,76243
randazzo,76327
montefalco,76103
zola predosa,76710
rutigliano,76388
fonteblanda,75866
gioiosa marea,75900
santa flavia,76471
revine lago,76337
bolsena,75548
leini,75962
vandoies,76662
prato allo stelvio,76303
nago-torbole,76610
salgareda,76394
canazei,75618
camposampiero,75615
costa rei,705564
fano,75838
gavi,75890
vezzano ligure,76679
bezzecca,75536
fuipiano valle imagna,75877
capalbio,75628
belluno,75525
brenzone,75567
fino del monte,75853
desio,75819
castel del piano,75676
brunate,75573
pieve di ledro,76247
comano,75790
thiene,76606
cantello,75624
ameno,75457
portovenere,76295
carmagnola,75644
noceto,76157
bellaria-igea marina,88349
bibione,75540
saint vincent,76389
marebbe,76021
dimaro,23014
parcines,178372
montefiascone,76104
barge,75515
madonna di campiglio,76008
kastoria,73023
meolo,76062
marina di ragusa,76035
panagia (epidaurus),718589
mullingar,72920
palaia monemvasia,73081
vetralla,76678
carrodano inferiore,88377
tavarnelle in val di pesa,76595
chiaramonte gulfi,75751
serralunga d'alba,88602
sigulda,72254
caorle,75626
rasun anterselva,715334
bardonecchia,75512
telese terme,76598
doolin,72890
makrinitsa,73048
lido marini,75977
navan,72921
santo stefano al mare,76492
valledoria,76656
arklow,72855
karditsa,73018
carugo,715519
limbiate,75980
cambiago,75598
cesano maderno,75744
zibido san giacomo,165502
gorey,72900
bordighera,75553
krestena,73038
biella,75541
ottaviano,76190
castione della presolana,75720
wiltz,67461
conversano,75798
cantu,79312
santa severina,76481
marina di pisa,76034
pre' saint didier,76307
furore,75879
badesi,75498
balatonkenese,67684
tipperary,19309
mezokovesd,67717
clervaux,67426
malles venosta,76012
castiglione di sicilia,75716
soave,76552
manocalzati,76016
valmadrera,76659
caldes d estrac,79503
calderara di reno,75592
medolago,76056
altavilla vicentina,75452
folignano,75859
kyparissia,73042
chalkida (chalcis),719943
quinto di treviso,76319
porto ercole,76287
castelletto sopra ticino,75693
porto san paolo,76289
castelraimondo,75705
castelnuovo berardenga,75700
martano,76045
konitsa,73034
bascharage,67420
burago di molgora,75580
aughrim,72858
carrick on shannon,72875
casale monferrato,75656
cavaglia,75723
zero branco,76707
luino,76003
sassetta,76503
cannobio,75623
ballyvaughan,72864
carrigaline,72876
capoliveri,75634
longiano,75995
villaviciosa,79354
constancia,79337
pavona,76217
recess,72931
mondorf-les-bains,67449
milazzo,76069
oleggio castello,76172
rapolano terme,76328
pavone canavese,76218
calatabiano,75589
costigliole saluzzo,75810
campobasso,75610
livigno,75989
ayas,75495
kiltimagh,72905
anagni,75458
clonmel,72884
cala liberotto,75586
sarnico,76500
bourscheid,67424
weston super mare,15934
roncadelle,76370
gavorrano,75892
nogarole rocca,76160
la morra,75942
castelnuovo del garda,75702
vimercate,76697
dudelange,67431
nemesnep,67721
polignano a mare,76265
omegna,76176
robecchetto con induno,76358
fossano,75873
pantelleria island,76205
skopelos,19081
cavenago di brianza,75728
inishcrone,72901
loro ciuffenna,75998
remich,67452
muravera,76137
downings,72891
dronero,75828
appiano gentile,75465
druento,75829
bardolino,75511
massa marittima,76051
nus,76165
ventspils,72259
tihany,67742
ledro,715717
echternach,67432
corciano,75799
elefsina,72985
vibonati,688328
levico terme,75972
aprilia,75467
oliena,76173
dogliani,75822
eraclea mare,75833
cootehill,72885
godollo,67699
parad,115171
syros,105170
fontevivo,75867
pieve santo stefano,76249
maniago,76015
la maddalena,75941
terento,76599
chienes,75754
pirgaki,718193
bundoran,72872
sulzberg (bavaria),672963
balatonlelle,67685
simontornya,67730
pulsano,76312
oraiokastron,73077
szolnok,67737
motta san giovanni,715822
san lorenzo in banale,76429
senale-san felice,716049
paty,67725
vivaro,76703
pettenasco,76234
alliste,75449
firenzuola,75854
cirie,75765
grado,75909
scalea,76514
san martino di castrozza,76432
gorizia,75905
loano,75990
mercogliano,76063
menaggio,76060
atena lucana,75487
spilimbergo,76573
palmi,76203
riolo terme,76348
comano terme,75791
potenza,76296
kells,72902
policoro,76264
camp springs (md),18858
mozzo,76133
turi,76643
north miami beach (fl),88126
peralada,79296
pecetto torinese,694521
mersch,67448
cadeo,75584
vico equense,76682
valdepenas,79269
luneville,4938
villabassa,76691
valeggio sul mincio,76655
santa maria navarrese,76479
santo stino di livenza,76495
peschiera del garda,76229
casarsa della delizia,75660
levanto,75970
finale ligure,75852
segonzano,76531
campo tures,75609
predazzo,76304
tasiilaq,67628
scorze,76529
saluzzo,76395
vera,79339
cegled,67692
castelfranco emilia,75686
laigueglia,75948
macerata,76006
campodarsego,75611
tata,67740
susegana,76589
rosignano marittimo,179671
lezzeno,75973
bormio,75557
cannigione,75622
dolenjske toplice,19778
caldiero,75593
etroubles,75834
vianden,67458
alice bel colle,75447
minucciano,76071
san pellegrino terme,76442
paola,76207
marciana,76019
griante,75916
valtournenche,76661
vall de boi,79295
pompei,76267
pisogne,76256
cardedu,75638
breguzzo,75565
ponsacco,76268
castel gandolfo,75680
sovicille,76566
cavallino treporti,671260
balatongyorok,67683
chivasso,75760
zone,76711
armeno,75476
gyula,67702
balestrate,75506
eboli,75830
vigo di fassa,76685
rocca san giovanni,76361
passignano sul trasimeno,76214
matignon,706493
montalcino,76091
follina,75860
baronissi,75517
selvino,76535
candiolo,75619
torri del benaco,76624
calcinato,165045
mozzate,76132
montechiarugolo,99177
rosta,76378
loreto aprutino,75997
vattaro,76668
portoscuso,76294
lavagna,75957
gardone riviera,75888
atri,75489
diekirch,67429
spadola,716065
marostica,76041
gressoney-la-trinite,75914
karpenision,73021
sammichele di bari,76397
castegnato,75674
gargnano,75889
pontecagnano,76274
neoi poroi,73074
stenico,76583
altomonte,75453
terranuova bracciolini,76603
san vito chietino,76455
romano canavese,76369
valfurva,669097
forlimpopoli,75871
porto recanati,76288
numana,76164
assemini,75485
ortisei,88506
galatina,75884
alba,75441
trevignano,164663
soverato marina,76565
talamone,76592
marciana marina,76020
san benedetto del tronto,76400
ariano irpino,75474
bernards (nj),718013
valdidentro,76654
koszeg,67714
baselga di pine,75520
corvara in badia,88418
harkany,67704
valdaora,88643
kulusuk,67627
massa,76050
torrox,79291
rocca pietore,105889
teggiano,76597
pozzolengo,76300
panarea,76204
bari sardo,75516
riomaggiore,76349
rocchetta nervina,76366
mosonmagyarovar,67718
marina di pietrasanta,76033
roccacasale,76362
dormelletto,75827
lampedusa,75953
esch-sur-sure,79548
ospedaletti,76184
san francesco al campo,76416
melito di napoli,76059
castello di godego,75697
azzate,75497
bagnara di romagna,75503
celano,75735
sant'antioco,76489
riola sardo,76347
ugento,76645
torgnon,76615
giugliano in campania,79581
castellabate,75687
triesenberg,73962
anguillara sabazia,75459
treviolo,76637
beaufort,67421
sassuolo,76506
vittoria,76701
civenna,75769
vinci,76699
cava manara,75722
grugliasco,75918
valmiyera,72258
petrochori (nestor),719960
bibbona,75539
guardamiglio,75920
scicli,76526
cavedago,75727
aviano,75492
arco,75470
costa corallina,75806
cambiano,75599
castelbuono,75684
porlezza,76284
nichelino,76152
bonassola,75551
cornaredo,75803
san giovanni suergiu,76422
nova ponente,76161
buk,67691
santa marina,165627
porto azzurro,76286
saturnia,76507
castelnovo di sotto,75699
babrungas,733698
moltrasio,76079
prata di pordenone,76302
san vendemiano,76450
malfa,76010
san felice circeo,76413
muggio,165291
trani,76628
gravedona,75911
pitigliano,76257
saint-pierre,76390
tremosine,76634
villafranca di verona,76693
san secondo di pinerolo,716019
siniscola,76551
muros de nalon,79502
montieri,76125
rio marina,76346
san daniele del friuli,76408
osio sotto,76183
certosa di pavia,75742
castelnuovo di garfagnana,75703
mergozzo,76064
vimodrone,76698
moniga,76085
rivarolo canavese,76354
peio,76220
laives,75950
rovereto,76381
specchia,76567
rende,76336
brentonico,75566
paderno del grappa,76196
beinasco,75522
laglio,75945
spilamberto,76572
muggia,76134
parghelia,76210
capoterra,75636
pratola peligna,162688
porretta terme,76285
grosio,75917
sorano,21325
atessa,75488
campo nell'elba,75608
gorgonzola,75904
ameglia,75455
bientina,75542
isola delle femmine,75934
arona,75478
bitti,75544
gioia del colle,75899
tarquinia,76593
alano di piave,715384
nembro,76146
sapri,76498
potenza picena,76297
nagykanizsa,67719
ora,715841
attigliano,75490
montevarchi,76119
ginosa,75898
varmahlid,68071
ospedaletto euganeo,76186
neive,76145
pontecurone,76276
pasiano,76213
treglio,162721
luzzara,76005
pozza di fassa,76299
reggiolo,76334
san cipriano picentino,76405
farra di soligo,75840
quart,76317
rubano,76383
vogar,68075
caronia,75646
are,19576
san vincenzo,76451
camogli,75601
patitirion,73089
barga,75514
merone,76065
misterbianco,76073
san quirico d'orcia,76444
palazzolo dello stella,76200
montespertoli,76118
rufina,76385
buncrana,105059
aqaba,79445
san giovanni in persiceto,76421
castelnuovo magra,715549
caselle torinese,75663
brusaporto,75575
kalymnos,73014
karistos,73019
stranorlar,72941
cesis,72246
rezekne,72253
spello,76568
cecina (livorno),715560
tuoro sul trasimeno,76642
bagnaia,75502
argegno,75473
san mauro torinese,76433
manerba del garda,76014
santa marina salina,668944
marina romea,76038
campiglia marittima,75606
moena,76076
monteroni di lecce,76115
zambrone,76706
massino visconti,76052
castelvetro di modena,75709
semproniano,76536
orbetello,3330
mohill,72917
tripolis,73121
aci trezza,75433
marettimo,76022
innfield,79543
szigetmonostor,99136
lilaste,72251
milford,72916
cogne,75778
santo stefano di cadore,76493
pregnana milanese,76306
la salle,75943
settala,76548
vermezzo,76674
moyvally,72919
nea makri,73072
savona,76512
carloforte,75643
avigliana,75493
northop,79341
vigevano,76684
oulx,76191
san paolo,76441
verucchio,76677
lucera,76000
calvagese della riviera,75595
soriano nel cimino,76562
ascoli piceno,75483
argos,72971
mellieha,170
bayona,79423
jarandilla de la vera,79377
dobbiaco,75820
san felice del benaco,76414
san zeno di montagna,76459
mulazzo,76136
mascali,76047
castiglione della pescaia,75714
mallaranny,72915
parknasilla,4104
san vito al tagliamento,76454
ultimo,669086
montella,76108
nogara,76159
riva valdobbia,76353
ladispoli,75944
radicofani,76323
piove di sacco,76254
san vittore olona,76458
usmate velate,76649
oderzo,76167
st.charles (mo),21722
ponti sul mincio,76279
sona,76558
oviglio,76192
monteverdi marittimo,76121
tovo san giacomo,716097
conegliano,75796
borgomale,75556
san casciano in val di pesa,76404
vicchio,76680
corte franca,75805
rinvyle,72932
san teodoro,76448
oggebbio,76168
budoni,75579
castelfiorentino,75685
deiva marina,75816
soiano del lago,76553
albenga,75442
termoli,76600
castleisland,72879
petropolis,21732
sarteano,76502
espot,79542
bonarcado,75550
scanzorosciate,76516
rossnowlagh,72934
carpignano salentino,668638
drogheda,72893
hallstatt,79489
santo stefano di sessanio,76494
elfvik,719288
sneem,72939
procida,76310
ventimiglia,76670
leni,75963
locorotondo,75991
castel di sangro,75679
nova levante,88502
san candido,76403
paralia katerinis,99129
ulassai,76646
rubiera,76384
treasure island (fl),17320
schiavon,180632
incisa in val d'arno,75928
castellina marittima,75694
casciana terme,75661
narni,76143
graniti,668695
spresiano,181512
cambourne,79325
oranmore,72924
ballydonagh lane,737074
largo ward,130792
donabate,72887
petange,67451
cropani,75813
enniscorthy,72896
taranto,19306
val della torre,76652
campegine,75603
agria,72964
sant antonio di gallura,76465
kalogria,73013
bovalino marina,75563
cavriglia,75732
ostellato,76188
pieve fosciana,76248
montebelluna,76099
bovolenta,75564
trebbiantico,76630
rezzato,76338
pontenure,76277
gaeta,75881
campitello di fassa,75607
pieve di panzano,178640
pescantina,76227
mason vicento,76049
bagheria,75501
marausa,76017
codogne,75776
custonaci,75815
santa marinella,76480
cavaion veronese,75724
kopstal,67445
castelrotto,75706
skibbereen,72938
guardia piemontese,75922
merang,106034
jereirah,726275
faridabad,30337
wakkanai,105658
laguna,18872
monsummano terme,12585
provaglio d'iseo,76311
harpstedt,12920
sulmona,76587
lexington (ma),539
breege,663503
lifton,70183
drimmelen,145877
treffen am ossiacher see,545042
lastra a signa,75954
sfax,10786
carnoustie,21521
dundalk,179
villingen-schwenningen,16698
new milton,13478
scena,76520
teignmouth,71674
augusta (me),23697
predeal,68111
burgdorf,120291
subbiano,76586
blandford forum,68592
sohar,11405
dalaman,67760
jebel dhanna,19191
los banos (ca),78825
spay,1884
oberaula,14
la roche-en-ardenne,70069
fowey,69276
alpbach,68190
kecskemet,67710
strbske pleso,71608
krummhorn,663696
roncade,101023
lons,77511
bad wildungen,1653
chioggia,75757
aglientu,75439
neuquen,12238
thann,1212
câmpulung moldovenesc,68092
xanten,1668
capraia e limite,715350
vic,8280
villa san giovanni,10594
hourtin,77309
toscolano maderno,88632
pag,70836
lommel,70250
graveson,77278
sabro,14890
hinterzarten,79551
lenzerheide,15720
porvoo,6522
san leonardo in passiria,76426
castro verde,73187
appiano sulla strada del vino,75466
goult,189124
foetz,67437
idra,73001
kfardebian,23012
messanges,77587
dorfgastein,69023
krun,70050
deruta,75817
la flotte,77349
salers,78406
midleton,5615
uggiano la chiesa,182643
north waltham,99489
peisey-nancroix,77728
tramore,72946
wasselonne,87695
baska,68469
padenghe sul garda,76195
port-en-bessin-huppain,77782
tabuaco,73317
brixen im thale,68704
witten,7926
herdecke,2869
sankt kathrein am hauenstein,71238
lotzorai,75999
lautrach,70125
felixstowe,69236
theberton,132725
llanmartin,723083
fiorano modenese,21666
puertollano,14901
subotica,79697
dinklage,274
pescia,76230
dukinfield,69048
riotorto,76350
kuldiga,72250
leamington (on),2406
westminster (ca),79909
nasushiobara,252401
otaru,105655
angra dos reis,13162
la marsa,6042
agartala,79621
pantnagar,79622
ulaanbaatar,79630
kingscliff,2216
tatai,710954
george town,21444
kofu,108843
pontianak,19624
abergavenny,68131
abetone,75430
tresserve,195151
alora,73385
arbois,76812
arromanches-les-bains,76832
ax-les-thermes,76856
bad bramstedt,9699
ashwell,86655
andros,5265
blair atholl,68591
ehningen,170746
bran,68091
timisul de jos,665425
callantsoog,72312
derry hill,722850
penbryn,717242
stalisfield,132469
coly,77105
cordon,77118
elst,72363
ermelo,10964
falconara marittima,75837
slebech,720898
kamena vourla,10377
kenmore,13605
kerkrade,19974
kitzingen,69974
la londe-les-maures,77355
la louviere,70068
montvalezan,103569
la salle les alpes,77378
lagundo,75947
landsberg am lech,18258
le faou,77432
licata,75974
lourinha,73235
malgrate,76011
malham,70317
molina di ledro,76077
monterosso al mare,76116
mougins,576
noja,79384
norderney,70679
drees,713627
oloron-sainte-marie,77697
orry-la-ville,77706
ostseebad boltenhagen,70803
parabiago,76208
tynaarlo,144533
haddon,130115
poperinge,70921
port isaac,70923
potes,79519
putten,10168
remiremont,77898
san juan del rio,4313
diabat,719064
hirosaki,78917
masirah island,79669
newton (ma),6045
florida city (fl),9588
gulf shores (al),23541
tipp city (oh),22195
jasper (in),20866
lerma de villada,719443
custer (sd),2960
glen ellyn (il),11137
lansing (il),20705
mattoon (il),88
independence (mo),21390
new iberia (la),13588
saint-gervais-les-bains,78304
saint-paul-de-fenouillet,78361
fayet (picardie),714909
isola san domino,76409
san vicente del raspeig,73840
schluchsee,71318
semmering,1074
sillian,71455
saint-vivien-de-medoc,704666
spetses,12796
gerlingen,14061
tucepi,71788
maresfield,131171
undeloh,71825
venray,72569
wagrain,71911
klein wanzleben,126125
wienhausen,72078
rothenberg,71131
petrovac,105452
podgorica,79836
port alfred,675
khapri,710548
dugopolje,105668
kalavryta,19588
tijuana,12331
avesta,21118
kirchdorf,69953
vezac,77837
carovigno,19138
paterson (nj),100573
elmwood park (nj),22030
drammen,9238
guyancourt,21166
stockton (ca),13336
lerum,20468
aurora (il),22335
sovata,68117
millburn,150114
yangshuo,79631
pangkor,17187
andrijevica,79829
bar,79830
budva,79831
herceg novi,79832
kolasin,79833
kotor,79834
luz-saint-sauveur,87433
marathon (fl),17322
stow-on-the-wold,10356
buon ma thuot,19603
goron talo,719582
palm bay (fl),79673
fort stockton (tx),9261
la marque (tx),22265
stillwater (ok),158
redlands (ca),22135
savage,147881
clovis (nm),14618
farragut,154004
tusayan (az),88157
huntsville (tx),19357
ciudad juarez,12013
merced (ca),9401
odessa (tx),18832
roseland (in),738756
saltillo,3499
lutherville timonium,147821
sulphur (la),20992
guymon (ok),13446
carthage (tx),22931
pharr (tx),20529
richfield (ut),18725
san dimas (ca),296
chowchilla (ca),6863
eugene (or),6561
fairbanks (ak),6147
vaughan (on),20720
seneca falls (ny),100758
hanover (md),7037
colonial heights (va),20788
cape coral (fl),15134
georgetown (ky),20842
san pedro garza garcía,20569
rocklin (ca),2699
minster,70456
pittsfield (ma),1948
willow point (ny),720105
guanajuato,9620
pitesti,19079
thiersee,71702
padula,19246
vetlanda,21120
mellor (blackburn),717251
pyhatunturi,18176
sauveterre (languedoc-roussillon),713905
chateauroux-alpes,4134
asnelles,213231
malinska,18316
omisalj,18318
craiova,19151
wassenberg,106040
cabo san lucas,9739
stetten (baden-wurttemberg),713468
catanzaro,19748
naestved,19345
beausoleil,16578
marinella,76039
tetouan,10373
vik i myrdal,102921
azemmour,664126
aksri,664123
mostar,4229
heerhugowaard,72394
winterswijk,8118
rastovača,727954
larvik,13995
hemsedal,16129
plunge,72630
postojna,67657
velenje,67670
loans,130995
nettleton,723163
montgomery,70477
bagnols-sur-ceze,76860
saint-die-des-vosges,20549
le pian-medoc,77443
east rutherford (nj),21792
hagen am teutoburger wald,716920
hamburg (ny),20696
stockbridge (ma),17667
south yarmouth (ma),100810
cully,12725
burnhaupt-le-haut,76981
saint-marcellin,78336
gaiserwald,716282
hofgeismar,69730
wunstorf,72177
fallbrook (ca),78779
sarstedt,5891
deutschlandsberg,68975
kleinarl,69980
brand,68663
aarwangen,166124
melsungen,70407
hilzingen,69701
jablonec nad nisou,67481
brunico,75574
nahariya,19992
leszno,72741
sondrio,76560
san vito di cadore,76457
benevento,75530
predore,76305
gaziantep,19966
seriñá,200027
torrijos,73902
la palma del condado,73626
kavala,21366
port el kantaoui,8601
plitvica selo,544727
tavernier (fl),100849
chorzow,88178
pescasseroli,76228
maalot tarshiha,21183
lohr am main,70245
a guarda,106062
duszniki zdroj,72690
egilstadir,16861
deba,73527
la selva del camp,99366
legnica,13290
tamariu,669626
feldkirchen in karnten,69235
karlshamn,10722
hammerfest,9116
wyk auf fohr,72184
svolvaer,16540
fugen,69306
mordelles,192399
bad nauheim,7810
la sarine,716270
saint-paul-en-chablais,87594
meribel,77583
hiboun,719660
mariestad,67820
neuhausen (saxony),717021
afeggou,702320
takasaki,106634
kitami,106765
tsu,107516
chofu,108498
amagasaki,106892
can gio,88775
piegaro,76242
montelupo albese,76109
rutis,87975
taviano,88621
montecalvo in foglia,76100
cairo (ga),88054
perry (ga),11406
meisenthal,87444
villerville,87687
sandy (or),88143
helsinge,87725
lumbres,77524
port-louis,87523
laujar de andarax,87908
temple hills (md),88153
senales,715248
little ferry (nj),88109
iznajar,87887
casalgrande,163410
karavostasi,728325
caldas de reyes,87818
pavia,88513
martel,191860
montfort-l'amaury,77626
sarzana,88592
vagli,88641
sankt martin an der raab,87084
assesse,86888
morey-saint-denis,87478
glasbury,129912
roccaraso,88541
chatton,86694
eberndorf,87006
pontebba,88521
skara,86074
vallbona de las monjas,88015
edegem,86892
pont-les-moulins (franche-comte),714124
san marzano oliveto,88559
thurles,88257
ischgl,87035
jasin,156949
arnad,88339
corcieux,547643
overberg,87180
brentino belluno,715469
afyon,115885
rakvere,86240
gleize (rhone-alpes),715015
oddersted,87744
la cabanasse,189815
enghien,86893
salach,86571
kalkar,19192
alby-sur-cheran,714257
campbelltown,152749
saint-nicolas-de-redon,87589
mimizan,77594
chester (pa),88059
montricher,86144
ramonville-saint-agne,87539
montlouis-sur-loire,87469
torgau,86605
collazzone,88408
castagnole lanze,75673
civitella paganico,76211
masera di padova,76048
caneva,75620
tolox,88008
elda,79357
nässja,177295
kvanum,86046
vimmerby,86093
herent,86897
eskdale,86729
newry,86813
menai bridge,86798
negrepelisse,687136
bazincourt-sur-epte,87230
chaudes-aigues,87290
biesheim,87240
avensan,87214
saint-paterne,87592
elgersburg,86351
tarquimpol,87646
combloux,87298
imst,1831
villany,85979
hegyeshalom,85963
nephi (ut),100485
favara,88428
zanica,165496
herzliya,612
bozcaada,85985
kwidzyn,88185
castello-molina di fiemme,715545
varena,88649
manisa,86000
malatya,85999
cassago brianza,88380
navalcarnero,87933
arenales del sol,666664
michelstadt,70439
dunfanaghy,88238
balbriggan,88223
tomakomai,106862
okazaki,106210
ridgefield (nj),88137
ninove,86906
voorst,145271
east horsley,86721
sanliurfa,86005
erpfendorf,87010
burie,186953
rolleboise,12183
bagneres-de-bigorre,87220
condeau,87300
tihange,86916
saint-clair,87561
asselborn,67419
moiron,713938
oberaichwald,138700
reichenschwand,86553
dronninglund,87720
saint boswells,686159
burlington (nc),20764
eaglesham,86720
ein gev,87115
ralla,86068
la almunia de dona godina,87892
orestias,88301
sankt leon-rot,86574
rio di pusteria,88539
st. paul an der gail,729747
kaltenbach,87041
artenay,87207
reggello,76332
modica,88482
serres,87630
much,86500
busteni,86202
osimo,88507
mlada boleslav,513483
bad buchau,86299
abtenau,86991
freystadt,86370
grossgmain,87022
inzing,87034
riegersburg,87077
folgaria,88432
luzarches,87432
balm,86304
tirolo,88625
santa cruz da graciosa,88723
lavarone,88457
castellammare di stabia,75689
catanzaro lido,88395
ponte di legno,88520
domene (rhone-alpes),714160
stock,86856
schorfheide,86583
ketzin,86438
rerik,716888
averoy,686354
vantaa,79537
landskrona,86047
westford (ma),21869
westchester (il),21021
sens,345
filipstad,86031
macon (ga),17550
loures,175889
arlington (ma),88038
dover (nj),88067
garrovillas,87876
banos de la encina,87792
brinas,87805
casalarreina,87832
montilla,87927
silla,87998
les monthairons,87415
angelholm,86016
villa bartolomea,88655
kestert,86436
palmanova,88512
mantta,85936
karlskoga,86042
wenns,87102
alzingen,85875
frankenhain,86367
markt schwaben,86489
borca di cadore,79288
orosei,76179
alange,87770
uusikaupunki,85947
killorglin,88243
anderstorp,86015
hillesheim,86417
valle aurina,715333
katy wroclawskie,88182
saint-mard,87585
barmstedt,86307
pierrefonds,87505
luson,88460
gustavsberg,86034
boden,86023
tisno,86972
novalja,86962
worpswede,86636
abenberg,86279
bystricka,86924
krnica,86957
mafra,176069
pedrola,87949
maia,88701
le puy-en-velay,16763
badia,88344
travo,88635
porto rotondo,88523
illescas,87884
freixinho,88696
slanic-moldova,86216
mont-louis,87468
zernez,86169
dalmine,88423
trofarello,88638
satu mare,19287
antony,87204
delfzijl,87167
tiffauges,87650
aunay-sur-odon,87213
charolles,87286
stadtbredimus,67454
lion-sur-mer,87422
arette,87205
dongen,87170
bielawa,88172
die,87318
la canourgue,87373
villeneuve,86166
le caylar,87392
sathonay-camp,87617
san severino marche,88566
slavonski brod,86968
ter heijde,87187
stubenberg,87094
pardubice,85893
carrara,169198
umhausen,87097
llers,87912
chalkidona,105105
flattach,87014
herzlake,86412
unterweissenbach,87098
mola di bari,88484
commezzadura,88410
rochau,716956
zenting,86640
anrode,86292
stetten am kalten markt,86598
kremnica,86926
crevillente,87845
jesteburg,86431
schaftlarn,86576
wittenburg,86635
stadtroda,86592
raamsdonksveer,87181
levi,85933
chieti,88403
porto ceresio,88522
arpino,75480
zams,87104
medebach,70390
sliac,86932
kaarina,85928
vordingborg,87759
pliening,86541
au,68288
fregene,88437
algorfa,87773
reusel,87182
allain,87200
montsoreau,87476
rheinau,86559
azpeitia,87791
bellevaux,87237
dracy-le-fort,87319
mittelwihr,87456
sainte-foy-tarentaise,87568
gioia tauro,88446
vivonne,87693
slovenska bistrica,85919
montagnac,87462
wangerland,86623
thisted,87756
holzwickede,86425
maribo,87739
presicce,88528
albignasego,88327
menstrup,87740
arbus,88337
molinella,88485
arrasate,87788
pfaffenhofen an der ilm,86539
voerde,86617
insel neuwerk,86429
selva di cadore,88600
neuharlingersiel,86514
schwendi,86586
tolosa,88007
villagrande strisaili,88657
ortuella,87942
galdeano,87873
bernalda,162743
sausset-les-pins,87620
legnago,88458
donje petrcane,86952
kurikka,85931
poing,86542
solin,86969
zafferana etnea,88658
swiebodzice,88211
alvesta,86013
carano,88374
auerstedt,86298
saint-marcel,87583
erpeldange,67434
eersel,87171
urmatt,87666
wallendorf pont,67459
josselin,87369
anzere,86102
heppenheim an der bergstrasse,86409
carry-le-rouet,87274
lutry,86139
bex,86105
montfort-le-gesnois,87465
otterstadt,86534
altenberge,86288
valle de losa,717578
sondalo,88613
ried im oberinntal,87076
ulrichstein,86609
carisio,88375
strangnas,86078
onis,79561
gouvy,664105
allinge,87713
montaos,87925
sandrigo,88567
edesheim,86346
herrsching am ammersee,86411
grevenmacher,67439
farjestaden,86030
ripoll,87972
kuusankoski,85932
wildhaus,86168
abybro,87710
mogarraz,87923
rothenbuch,86568
galzignano terme,21800
andrian,88334
valsolda,76660
pszczyna,88201
barumini,21875
talsi,72256
moorsele,86905
sondershausen,86590
nachod,85892
selva di val gardena,76534
sesto,88603
labuerda,87904
aschersleben,86295
mazzin,88476
le vigeant,87406
kalix,86040
etxalar,87863
o valadouro,727199
vildbjerg,87757
varano borghi,88648
krapinske toplice,86956
quercianella,88534
siltakyla,85944
lozovac,86958
obertilliach,87069
pyrzowice,105037
vilhelmina,86092
dinslaken,86336
ebsdorf,118797
cremlingen,86329
almelo,72265
south huntington (ny),718690
huskvarna,86037
poppi,76281
fehmarn,103192
cervesina,88397
barberino di mugello,88348
donnersbachwald,87003
gnas,87019
murau,87064
pietarsaari,726295
berncti,686444
curraheen,88237
swinford,72942
burnham on sea,86687
kosta,86045
bad muskau,86301
geras,87018
bize-minervois,87242
jabaga,87888
sancerre,87611
chaumont-en-vexin,87291
wettolsheim,87697
meyronne,87451
reichstett,87542
alfeld,86285
langlingen,86463
absam,86990
gruibingen,172665
hanerau-hademarschen,86400
zahna,126378
wilgartswiesen,86633
kuchelmiss,716884
klosterkumbd,86447
guntramsdorf,87023
landvetter,86048
kilpisjarvi,85930
saint-ouen-les-vignes,87591
lillers,191402
landerneau,14580
troarn,87664
quend,87533
barcelonnette,87223
carbon-blanc,87270
vauvert,87676
villeneuve-de-berg,687571
saint-chinian,87560
sassenage,87616
bolbec,87244
biebesheim,86312
corleone,75802
beer sheva,2552
bray-et-lu,87255
rietberg,86564
mezairaa,719327
bronllys,722718
calolziocorte,88365
penango,715879
gevrey-chambertin,87347
matougues,87441
beaumont-sur-sarthe,87233
hagetmau,87353
le rouget,87402
charette-varennes,87285
la chartre-sur-le-loir,87374
briare,87259
embrun,87326
saint-renan,666240
saint-bonnet,87556
lacapelle-marival,87382
cormeilles,87304
annot,87203
houdan,87359
mirecourt,87455
beaucroissant,87232
guerande,77289
mayet,191941
gardanne,87346
charmes,77048
quincieux,87537
dax,20399
posada,88524
segorbe,87995
zuchwil,86170
pisciotta,88519
supersano,88618
heusenstamm,86414
oldmeldrum,86822
zvejniekciems,707833
gasperina,88442
gelnhausen,86381
gignac,18376
longeau-percey,87427
tobercurry,72945
nes ammim,87131
colombier-saugnieu,77102
ginosar,144003
nordborg,87742
zierow,86642
hultsfred,86036
verdellino,88651
neunburg vorm wald,86516
fie,75849
smiltene,87154
halden,86979
istrana,75938
osiedle wilga,723830
nuenen,87178
landau in der pfalz,86461
adelsried,86282
bohmstedt,86316
kindberg,87045
neualbenreuth,86508
michalova,86928
coredo,88412
ditzingen,69001
anger,86995
kostitsi,88286
warenford,708589
halstock,86751
rabo de peixe,706122
ramot,87128
kuusamo,5736
bastad,86018
la cassa,715708
la wantzenau,87381
donzenac,188277
grottammare,88452
vieux-boucau-les-bains,87682
urrugne,87667
crozon,87312
modane,192130
houlgate,87361
andijk,87161
unkel,86610
asperg,86296
darfo boario terme,88351
ampflwang im hausruckwald,86994
wentworth,86878
canyon lake (ca),88055
cardeston,86692
rungsted,87749
sagadi,86243
lavis,75958
upplands-vasby,86088
nachrodt-wiblingwerde,86506
bludenz,87000
aerzen,86284
buscate,75581
kilmuckridge,88245
geldern,86380
ketsch,86437
gersau,86122
castagniers,87275
shaar hagolan,87134
northbrook (il),1822
shoresh,87135
nowy targ,88195
scone,86810
meadows (md),720079
quenza,87534
devin,86942
hopfgarten in defereggen,87032
hopfgarten im brixental,87031
stelvio,715332
pinkafeld,87072
vadstena,86089
markaryd,86053
lysekil,86051
struer,87754
thyholm,704374
killybegs,88244
abberley,86646
carlingford,88230
clutton,86698
luss,86790
rucăr,86214
ballybofey,72860
beckington,86667
asgardstrand,86976
stemshorn,86597
kionia,88283
bank,85959
tukums,87155
boystown,88227
grachen,86124
tyringe,86087
manresa,87919
vagamo,86989
settefrati,76549
vammala,85948
oostkamp,86911
duiven,72348
gulbene,87141
stouby,197517
fiss,87013
nohfelden,125146
san sebastián xolalpa,719461
arsago seprio,88340
geinberg,87017
steffeln,86593
hoboken (nj),88084
pritzwalk,86544
mellerud,86054
leutschach,87056
bremm,86322
egg am faaker see,87007
jerome (id),88095
neston,131421
grafelfing,86391
seahouses,86850
yad hashmona,87136
ystad,86095
hranice,85885
wielun,88216
windischeschenbach,86634
heede,86404
drage,86340
virgilio,183359
strathaven,71603
mount pleasant (mi),79893
dover (nh),79881
denton (tx),22955
thermopolis (wy),6503
egerkingen,4812
gallup (nm),4983
cortez (co),6330
taian,79771
addis ababa,21035
rignano sull'arno,88538
gradisca d' isonzo,88449
santarcangelo di romagna,88585
palhoca,88666
puos d'alpago,76314
palazzolo sull' oglio,715865
ecija,87851
zurs,87105
squamish (bc),98931
serrai,73107
itea,73005
eslov,86028
visselhovede,86616
saint-gatien-des-bois,87572
rudna mała,726905
narva-joesuu,86236
annonay,185705
saint-desirat,87565
piste,86227
bobingen an der rems,86314
la ferte-saint-aubin,87375
sussex (nb),86275
limonest,191411
fredericia,12474
markgroningen,86487
hinterbruhl,87028
sochau,87091
la ferte-sous-jouarre,87377
marinha grande,16351
gostling an der ybbs,87020
velky slavkov,86937
fromista,87871
mollina,667231
fanlo,717676
ellrich,717218
grossbundenbach,86396
grossenseebach,86397
taber (ab),86276
pincher creek (ab),98903
high river (ab),98875
la roque-d'antheron,87380
usurbil,88012
mirina,88295
zsambek,85981
vergato,164043
ringkobing,87747
pemberton (bc),98900
litochoron,88289
hofen an der enz,86421
roznov pod radhostem,85895
sartene,87615
holbaek,87727
argomaniz,87784
nezignan-l'eveque,87492
alquezar,87776
rozmberk nad vltavou,85894
lemforde,86472
saint-thegonnec,87606
lussac,191606
cullera,79327
pont-d'ain,87519
budelsdorf,86324
valverdon,88019
gea de albarracin,87877
mjolby,86055
saint-chely-d'aubrac,87559
sainte-alvere,694287
bozava,86951
semblancay,87626
rota d'imagna,76379
vaprio dadda,88647
anzola dell'emilia,75464
motta sant'anastasia,76131
monteroni d'arbia,76114
casole d'elsa,75666
cinigiano,75763
ospedaletto d'alpinolo,76185
castiglione d'orcia,75718
sant'agata di militello,76483
sounion,73111
skiro,86076
varmdo,86091
dalaro,86026
koping,23110
mullsjo,86059
stromstad,19303
roros,18331
birstonas,87701
syote,85945
golega,88699
saint-ferreol,87571
les essarts,191130
la capelle,189820
saint-cere,87557
belleme,87236
bareges,87224
broons,186884
puchersreuth,86545
mohnesee,86497
neufchateau,87491
goppingen,86387
carbonne,187080
bad gronenbach,716820
saint-pee-sur-nivelle,87596
saint-pierre-de-riviere,87598
le monetier-les-bains,87397
al marfa',86190
tatarszentgyorgy,85974
niagara on the lake (on),98896
straskov,85900
mlade buky,85891
litomysl,85889
san martin de los andes,85874
puszczykowo,88203
rosenberg (tx),22710
la cisterniga,87894
jaguariuna,88663
padron,79469
usti nad labem,67525
kals-am grossglockner,87040
chikmagalur,17270
pinos genil,87954
baytown (tx),12068
sant cugat del valles,102412
florence (al),20832
lebec (ca),100268
ripley (wv),22612
stephenville (tx),3117
webster (tx),22225
saint-florent,21387
castro di lecce,88394
friesoythe,86372
tradate,88634
healdsburg (ca),100110
roncofreddo,76372
ebeleben,86343
tesero,88623
campo,87823
geislingen an der steige,86379
norrtalje,86062
wiesenbronn,86632
pfreimd,86540
klingenthal,86446
nordhausen,70681
selb,86587
hohenkammer,86424
veria,88317
periana,87953
niederwurschnitz,86520
delme,87315
radevormwald,86547
ennery,87327
utersum,86613
marktbergel,86490
plainfield (ct),22767
lemberg,86471
aubignan,87211
tinos,88315
markt nordheim,86488
otepaa,86238
nordhastedt,86522
weeze,86626
malpils,87145
saint clears,86844
chiddingfold,86696
harjavalta,85926
leiston,86775
bad oldesloe,86302
odemira,88710
geres,88698
saboia,736813
march,116517
ostroda,88196
carucedo,87831
querfurt,86546
greve in chianti,75915
san giovanni in marignano,88556
schongau,86582
hochstadt an der aisch,86420
consiglio di rumo,88411
herbertingen,86410
eggolsheim,69105
belgodere,76896
tarascon,87645
porto de mos,669368
montelabbate,88492
fischingen,86365
tollered,86084
benz,86309
valognes,87672
braccagni,88356
tandridge,132672
kropp,86457
altavilla silentina,88329
geisfeld,86378
redondela,87970
langshyttan,86049
outes,87944
durrenroth,86117
trelleborg,86086
telgte,86604
ornskoldsvik,86065
shrewton,86852
emlichheim,86353
miribel,192118
ruhstadt,79560
quarten,179103
stumm,87095
achau,86992
gabiano,75880
girasole,75901
calzolaro,75596
robledillo de gata,87973
villardiegua de la ribera,88029
amizmiz,85858
breiddalsvik,86171
mhamid,85862
merzouga,85861
essen (oldenburg),717148
riihimaki,67678
sankt jakob in defereggen,87082
tochni,85910
sciacca,19289
granna,86033
livinallongo,668682
çayırova,737239
maria taferl,87061
kalisz,8612
bareggio,75513
ohne,121194
stubberud,181734
veurne,71875
arlon,18061
borkop,87718
marciena,87146
mersrags,87147
llanfairpwllgwyngyll,86782
beer,86668
boot,128458
northleach,86818
invermoriston,86761
thruxton,86869
portadown,86830
vimioso,88739
meda,669343
alqueva,88678
rio maior,88717
galati,19965
ospringe,131619
la souterraine,190204
leutenberg,86473
lieser,86476
alfeld (bavaria),713602
steinheim an der murr,86596
lauenburg/elbe,86466
villefargeau,87685
raubling,86549
irigny,87366
grenay,87351
moreilles,87477
irsee,86430
iffendic,87363
saint-louis,20559
larressingle,87389
meilen,176520
kappel,86128
welschenrohr,86167
schweitenkirchen,117311
kleinbartloff,86444
stockstadt am main,86599
a'sharqiyah sands (wahiba),666523
willoughby (oh),17315
rivesaltes,20538
veitsch,87099
köflach (styria),140476
judenburg,87038
seckau,87089
windischgarsten,72112
lido adriano,88459
scilla,88596
demre,664650
saraburi,17796
hel,88180
vernazza,88652
leesburg (fl),100272
ciudad apodaca,719424
bonnieux,76945
constantina,87840
foz,73569
el pino,87855
alsasua,87777
canamares,87826
macugnaga,76007
basiano,715359
tropea,19317
neukirchen b. hl. blut,70603
llansa,73656
lutzmannsburg,87058
trezzano sul naviglio,76638
gradara,75907
sambuceto,164892
jaworzno,72709
changsha,79709
waiheke island,14015
claremorris,88234
milos island,73061
vergina,73127
kouvola,2450
mystras (mistras),719963
delft,7036
alhama de aragon,73374
boyes hot springs (ca),200809
portaria,88306
montemolin,73711
bort-les-orgues,87245
box,86678
maloja,67979
kazimierz dolny,72715
banff (ab),9957
tolentino,88627
banzkow,68454
leenaun,88247
lofer,70238
kaminia,88281
lefkada,73046
macroom,88249
husavik,15771
waterville,19334
enniskerry,79508
kohka,718099
thimphu,101036
cikarang,161657
yokosuka,107350
ketapang,102496
wolfforth (tx),154776
mission viejo (ca),23597
brownfield (tx),102322
sequim (wa),23160
siquijor island,102326
nasu,512887
gandhinagar,30352
atsugi,247308
kronkup,718478
hamilton (tasmania),711752
mclaren vale,21413
robe,7190
stanley,19408
higashiosaka,108104
denham,21391
fraser coast,106054
the caves,102401
huon valley,102383
villa del rio,513648
el carpio,198674
bel air (md),99595
ardmore (ok),20732
bartlesville (ok),4683
olathe (ks),14075
craig (co),22476
georgetown (tx),100026
greenville (nc),15815
kenosha (wi),8017
la porte (tx),21215
lake jackson (tx),100241
league city (tx),22274
oak creek (wi),19847
oak harbor (wa),100524
paducah (ky),723
parachute (co),22766
roswell (nm),10783
victoria (tx),17263
williston (nd),855
xalapa,22393
batesville (ms),5532
belen (nm),99597
eunice (la),99944
hope (ar),100142
altus (ok),99521
amite (la),99528
andalusia (al),99533
anderson (in),13378
antigo (wi),99541
atascadero (ca),99557
martinsville (in),100363
borger (tx),99652
baxter (mn),99582
brockville (on),10299
hillside (il),78797
circleville (oh),99774
clarksville (ar),20780
eastland (tx),99907
edson (ab),98863
elkins (wv),99924
ennis (tx),99936
exmore (va),99952
glen rose (tx),100033
greenville (al),5047
greenville (ms),100065
grenada (ms),100066
guthrie (ok),100074
harriman (tn),100097
alvin (tx),21950
howell (mi),23421
hernando (fl),100117
grandview (mo),100052
kingsville (tx),100221
lake zurich (il),100247
lamar (co),100252
avon (pa),720151
logansport (in),100308
magee (ms),100340
magnolia (ar),23172
malvern (ar),100344
marshall (tx),6327
maumelle (ar),22292
medicine hat (ab),98889
mexia (tx),100400
mineral wells (tx),100423
mount juliet (tn),100457
north east (pa),100507
okmulgee (ok),100532
ooltewah (tn),100538
opelika (al),23490
ozona (tx),100560
pauls valley (ok),100574
pell city (al),11975
perry (fl),14917
peru (il),23609
picayune (ms),100595
pittsburg (ks),100606
bayonet point (fl),78736
portland (in),100626
poteau (ok),23167
prince albert (sk),98909
pryor (ok),100637
seguin (tx),22524
shamrock (tx),100764
slave lake (ab),98929
sturgis (sd),23724
sumner (wa),100838
cicero (ny),22003
talladega (al),100846
texarkana (ar),14425
tilton (nh),100858
uvalde (tx),100883
vidor (tx),23627
waller (tx),100906
lake harmony (pa),78816
whitecourt (ab),98949
willcox (az),100969
willows (ca),100977
lake wales (fl),23082
le claire (ia),100262
le roy (il),100263
loudon (tn),100317
mccomb (ms),100382
palestine (tx),100564
piedras negras,99231
tapachula,99236
vincennes (in),100897
warrenton (mo),100911
windsor (ca),100983
yreka (ca),78897
trinidad (co),23293
norton (va),100518
chilcomb,128924
stow (oh),20990
west seneca (ny),21019
oconomowoc (wi),22986
aquia harbour (va),718705
konigstein im taunus,86453
frydek-mistek,67474
turate,99194
palaia,76199
carter lake (ia),21997
brooksville (fl),1308
bellevue (ky),22348
crestview (fl),3833
dumas (tx),22493
festus (mo),22555
fredericksburg (va),17124
jacksonville (tx),22947
los alamos (nm),11794
mankato (mn),13157
mitchell (sd),7859
saraland (al),5096
paris (tx),20936
ponca city (ok),22598
delmont (pa),22683
gulfport (ms),8757
lima (oh),20883
jackson (mi),20863
morgantown (pa),22489
oneonta (ny),11708
beckett (nj),718003
eureka (mo),22571
alvsbyn,99412
chico (ca),22450
green valley (az),22511
stabbestad,99270
saint-paul-les-durance,715109
temu,669049
calamocha,694338
bulach,67879
kaisersbach,174464
seewald,669588
skivarp,99427
smogen,99428
kalajoki,98992
hecklingen,99082
schwaz,98821
tauplitz,71667
over kellet,70829
gort,99147
northmoor,131540
roslin,99491
gatehouse of fleet,99473
villela,719472
mdina,99208
langenfeld,70092
brastad,99413
vihula,98990
haabneeme,68101
isola di capo rizzuto,668705
thurmansbang,71715
skulestadmo,99269
innerbraz,98809
eisenberg (pfalz),86347
kemnath,99085
hassmersheim,86401
nalles,99178
schiltach,71299
ataqah,734056
esens,86361
benouville,76904
lourtier,99439
saint-lary-soulan,20556
valloire,77813
samoens,87610
ploermel,87510
strullendorf,117440
bad goisern,68352
kirchberg an der jagst,99086
mils,729805
lauzerte,77417
chalette-sur-loing,77029
molitg-les-bains,715043
la thuile,99171
chateauneuf-du-rhone,77064
marennes,77557
cluses,187729
pattensen,99097
monclar-de-quercy,87460
serravalle,99188
vic-sur-cere,77840
paulhaguet,192917
valaurie,87670
logstor,98973
luque,99372
ludvika,5163
nossebro,99423
vittorio veneto,23678
veglie,99195
herzogenrath,69677
xanthi,99134
krakow am see,70033
voringsfoss,735751
trabzon,19794
ogunquit (me),12138
saas-grund,68031
rasinari,99305
serfaus,71424
larciano,163648
isigny-sur-mer,87367
le chenit,175503
champeix,187326
ploubalay,193116
font-romeu-odeillo-via,77230
puente de genave,99388
worbis,99108
crespellano,75811
falkoping,99415
hillegom,99253
svendborg,98977
coria del rio,99355
naila,99089
nove zamky,99328
tarvisio,99190
jelgava,99206
kurim,98961
andelfingen,716301
brivio,165032
genga,99165
chantonnay,99009
magione,76009
volla,99198
pontenx-les-forges,87520
agon coutainville,98996
norreballe,98974
modra,99327
pardilla,713321
zeithain,99111
gropello cairoli,99169
sestao,99403
torla,99406
bronderslev,98968
san martino siccomario,99187
liria,99369
silleda,717654
trairi,98837
wola ducka,726842
neckarzimmern,99090
gueugnon,99020
rossbach,71124
bietigheim-bissingen,99074
isenbuttel,99084
manciano,76013
fohnsdorf,98806
landeck,98813
groditz,99080
fuentespina,713320
hasliberg,99437
băltenii de sus,729982
mistelbach,98816
gislaved,99417
kirchdorf am inn,99087
balaclava,512714
galtur,69328
feistritz an der gail,98804
elze,69146
bordes d' envalira,733302
wurzbach,99109
pino torinese,99183
portes-les-valence,715046
coquitlam (bc),4982
hunedoara,19181
oakdale (mn),20924
caprese michelangelo,99159
kuciai,99207
vallefoglia,716123
bunratty,72873
neve ilan,99151
torre de moncorvo,99294
panchia,715868
leguevin,190992
cere-la-ronde,87279
saint-regle,87604
geilenkirchen,99079
dodington,129371
viry-chatillon,77875
congham,722821
diyarbakir,99453
bourg-saint-andeol,87250
christiansfeld,98969
vernole,18150
comiso,99163
bocholt,68611
pobla de segur,99386
koppl,98812
schonberg im stubaital,98820
vohrenbach,86618
oldham,12847
lierganes,99368
sestola,99189
borgarfjordur,67874
odelzhausen,99094
kilkis,99125
lelystad,18359
miami (ok),100403
north brunswick (nj),7232
gressvik,99264
brooks (ab),98846
furtwangen,69316
orland park (il),100542
hok,99418
zahora,667732
benissa,79408
swieradow-zdroj,72816
tarnowo podgorne,99287
ahus,99411
anchialos,99113
cintruenigo,99353
see,71387
zamudio,99410
vocklabruck,98825
brzezie,99275
nekso,87741
heide,86406
tirano,99191
sinpetru,99306
yangyang-gun,17237
surin,17765
yeppoon,7588
milawa,102386
djibouti,23022
ross,102443
ingham,102446
coonabarabran,14604
mansfield,19502
mokuti lodge,726942
corseaux,664855
kastela,101027
mexicali,14572
santa marta,7678
negril,9617
manizales,21247
san miguel de allende,86228
monteverde,18180
sparti,10874
chetumal,19007
rincon de la vieja,513635
canas,713163
penalva do castelo,73269
vila franca do campo,88737
noicattaro,88500
santa cruz de la sierra,102636
paralimni,106071
crucecita,718147
sao jose do rio preto,20577
tlaxcala,20014
murtosa,16375
crato,16561
canoa quebrada,19809
panajachel,18183
villa la angostura,19908
alta,9425
nuevo vallarta,4181
culiacan,11472
la pila,719437
gang mills (ny),717886
winter park (co),143
santee (ca),100735
bedford (nh),19887
east peoria (il),20812
la vista (ne),104360
cacalchén,719422
vail (co),9323
alaquas,102320
owen sound (on),11612
rehoboth beach (de),10855
huntingdon (pa),23153
lakeville (mn),22726
greenfield (in),22798
chesterfield (mo),20777
geneva (il),23584
platte city (mo),22118
garrisonville,155119
lavergne (tn),104389
summerville (sc),13283
good hope (al),717942
westover (wv),713179
philipsburg,78586
lapta,718669
huntersville (nc),22229
hannibal (mo),22528
fort saint john (bc),98866
long beach (wa),23514
retreat,720510
sun peaks (bc),17671
chisinau,6599
frederiksted,665641
kusatsu-shi,251141
athiyandal,718787
dalyan,19788
wrightington,717253
connel,708127
wiedemar,72072
cahir,720915
ballina (tipperary),719652
lisdoonvarna,18555
ganpatipule,102462
ratchaburi,102464
kampong thom,18912
cromwell,21592
kanpur,21081
murchison,21612
emu plain,734634
wanganui,13502
cardwell,7883
haast,19429
gore,14684
desaru,513407
hai duong,115635
kelaniya,174674
rockport (tx),22537
malone (ny),100343
iloilo,2085
bataan,18868
velika gorica,136403
colonia del sacramento,19582
puerto escondido,12345
arica,1171
velletri,19760
jose ignacio,664046
ensenada,19901
chiclayo,13637
collbato,102418
maiquetía,144367
isla de pascua,21245
bauru,2756
la alberca,73610
villa de merlo,19904
azuqueca de henares,20032
monte costaján,727641
extremoz,716233
seia,18706
colon,18520
caldas novas,21235
niteroi,78507
meiringen,9068
bonifacio,19712
igoumenitsa,73002
bojnice,68623
three hills (ab),98940
whitburn,133189
minehead,14600
thorpe audlin,721569
bialowieza,72672
san pedro,21887
georgetown,23021
ciudad del este,19798
liphook,70202
david,18521
radford (va),23613
san miguel,21104
binfield,68563
les trois ilets,20471
pachuca,8269
peninsula papagayo,719766
mosjoen,16175
chagford,79279
gorzow wielkopolski,72701
patzcuaro,10422
tagaradhes,242448
dedham,103253
aracatuba,21232
ranco,76326
kampala,23023
kigali,11442
corinth,18786
joigny,13114
hochdorf,173598
torrent (girona),713365
germering,86383
szczyrk,72823
larisa,16093
poschiavo,86151
mbabane,19986
sosua,3918
kongsberg,490
pietra ligure,165726
port said,14463
temara,664149
calders,198322
los mochis,5649
nakuru,19052
chéraga,719672
oran,78480
hertingfordbury,130320
kartepe,664639
kozani,73037
lezama,73654
deltebre,73528
taramundi,88004
haverfordwest,69601
dombas,16022
castiglion fiorentino,75712
kutna hora,67491
longtown,130182
nunney,131557
hawick,69603
machu picchu,16972
ciudad obregon,15314
bizerte,102507
denham springs (la),22015
yamagata,3143
dillon (sc),2377
laurel (md),17081
shizuoka,57
wakayama,16872
kitakyushu,88744
grain valley (mo),100048
chiva,73500
yugawara,256134
rosersberg,86070
solvang (ca),3254
zrenjanin,79700
moose jaw (sk),93
maragogi,19352
santa cruz cabrália,718548
gaborone,949
zanzibar,9846
a arnoia,103636
copan ruinas,21102
karpathos,73020
clearwater (bc),17463
itaipava,514309
schallstadt,180614
olvega,671143
san giovanni valdarno,76423
saint-marc-sur-richelieu (qc),78533
green river (ut),22971
jackson (oh),20694
jamestown (ny),100179
kingdom city (mo),22255
kirksville (mo),22470
gor,672874
wiveliscombe,72134
narok,103844
black river falls (wi),22360
elk city (ok),15239
lincoln city (or),23511
sanford (fl),22769
altavista (va),22323
caddo valley (ar),717963
asheboro (nc),2546
fletcher (nc),5171
batavia (ny),8003
batesville (in),13149
bellefontaine (oh),78738
bethany (mo),23177
blacksburg (va),22361
brookhaven (ms),14570
oak hills (pa),717841
claremore (ok),3153
clarks summit (pa),1723
the dalles (or),3854
columbia (tn),20789
dickinson (nd),22865
duncansville (pa),23579
dunkirk (ny),23147
eau claire (wi),3688
edinburg (tx),21208
ellsworth (me),22595
evanston (wy),99950
fallon (nv),22538
foxborough (ma),667826
susanville (ca),78882
ketchum (id),78811
valemount (bc),98943
miles city (mt),22627
west memphis (ar),12096
somers (mt),717952
woodburn (or),23630
xuzhou,79788
ucluelet (bc),17680
diamond point (ny),150597
bellevue,732410
cambria (ca),12022
maple grove (mn),20892
summerside (pe),5129
la crosse (wi),12260
ocean shores (wa),13993
bromont (qc),1604
beachwood (oh),4455
strausburg (pa),104861
blowing rock (nc),78741
perth (on),78525
harbor springs (mi),23162
huron (sd),100154
big spring (tx),22357
ely (nv),99932
cornwall (on),11644
artesia (nm),22329
southern pines (nc),15834
saugatuck (mi),23494
rayne (la),22133
richmond hill (ga),20951
rocky mountain house (ab),22409
thomasville (ga),10083
welland (on),13286
ruidoso (nm),22643
santee (sc),15430
beaufort (sc),20743
newnan (ga),6655
sherwood,203392
sonoma (ca),1527
kyle (tx),100229
morrow (ga),1269
gila bend (az),3593
sparta (wi),23399
leesville (la),79653
pollock pines (ca),23311
wodonga,1195
starke (fl),23513
coronado (ca),8120
baker city (or),17430
denison (tx),99868
hopkinsville (ky),22581
edinburgh (in),5322
chesterton (in),10162
gold rock (nc),104217
del rio (tx),8054
katy (tx),20868
doswell (va),21207
hebron (oh),20430
langley (bc),13082
mentor (oh),22543
wheeler ridge (ca),720537
lindale (tx),20884
gardiner (mt),483
orillia (on),4582
weatherford (ok),22905
mcdonough (ga),8014
haverhill (ma),22178
deming (nm),22623
moriarty (nm),22881
banner elk (nc),15588
durango (co),3748
navarre (fl),78840
bennington (vt),10903
thunder bay (on),15614
north canton (oh),20520
dalhart (tx),22941
nyack (ny),22101
kill devil hills (nc),88101
richmond (in),20950
st. joseph (mo),20981
needles (ca),13346
commerce (ga),9605
juneau (ak),11510
uncasville (ct),17681
dartmouth (ma),718253
clive (ia),17465
douglas (wy),22993
new philadelphia (oh),2946
clearlake (ca),23152
fredericksburg (tx),22943
roseburg (or),22614
horn lake (ms),22223
sunnyside (wa),23161
hanford (ca),22154
sidney (ne),22662
greeneville (tn),11182
westerly (ri),78892
bartlett (nh),12415
auburn (in),22334
brunswick (ga),20361
rock hill (sc),14637
acworth (ga),11982
red bluff (ca),6406
arcata (ca),78731
ashburn (ga),11346
moody (al),100446
bemidji (mn),6784
brantford (on),4273
braselton (ga),22373
neenah (wi),22668
ritzville (wa),23616
mt. airy (nc),20914
burley (id),23571
beaver (ut),17056
fort mill (sc),22042
carrollton (ga),9636
wood village (or),717778
braganca,16036
harrison hot springs (bc),7315
cafayate-tolombon,664168
fernie (bc),18860
revelstoke (bc),7904
wilson (nc),4174
broomfield (co),21852
gonzales (la),22510
anderson (sc),13678
heath (oh),20850
harvey (mi),717823
marshalltown (ia),88117
monroeville (al),22742
roxboro (nc),4470
waupaca (wi),23498
hobbs (nm),9906
rutherford (pa),720150
houghton lake (mi),5102
baker heights (wv),720186
wertzville (pa),720139
monroe (la),20702
owensboro (ky),4866
sanford (nc),4888
cheshire (ct),104019
waldorf (md),1516
muscatine (ia),22608
ogallala (ne),22624
owatonna (mn),22841
parkersburg (wv),12100
pine grove (pa),23406
ruston (la),8201
salida (co),22529
shallotte (nc),79660
sun city center (fl),22446
terrell (tx),22967
tomah (wi),22603
waynesburg (pa),22224
bay city (tx),22340
boone (nc),13234
cedar falls (ia),22622
delavan (wi),21756
goulburn,12597
granby (co),23449
high point (nc),3630
brea (ca),6668
douglas (ga),20804
gallatin (tn),20839
jasper (al),22610
sylacauga (al),22744
nantucket (ma),78838
zhenjiang,79798
yinchuan,79790
midland (on),98890
early (tx),99897
cadiz (ky),99699
xenia (oh),22523
bluff (ut),154792
alamo (tx),23561
yonkers (ny),21762
wainiha (hi),732169
marble falls (tx),14808
saint-hyacinthe (qc),19909
columbus (ga),17088
southampton (ny),21485
wildwood (nj),23190
saco (me),20954
mountain village (co),104512
punta gorda (fl),21767
bandera (tx),21494
morrisville (nc),17567
westlake village (ca),21839
frankenmuth (mi),23194
aktau,78918
sherbrooke (qc),17747
price (ut),6361
homestead (fl),22215
wesley chapel (fl),104965
folsom (ca),165
suisun city (ca),21980
fairmont (mn),22644
brockport (ny),22380
dublin (ga),20807
hicksville (ny),78796
granite city (il),22083
kannapolis (nc),22723
marmora (nj),88116
cle elum (wa),23321
andover township (nj),718020
ottawa (il),20929
paw paw (mi),13641
millbrook (al),100415
saint albans (vt),23087
somers point (nj),23618
van horn (tx),22550
delray beach (fl),7455
neptune (nj),22071
warsaw (nc),22863
wendover (ut),88164
willow street,153619
miner (mo),717955
arnold (mo),78732
greendale (in),717945
livingston (mt),88110
mercer (pa),8441
highfields,728384
cape canaveral (fl),23425
queensbury (ny),20534
lawrenceville (ga),10801
mishawaka (in),20504
orangeburg (sc),10704
tifton (ga),10975
rossford (oh),22143
schofield (wi),22985
woodbury (mn),9159
sunriver (or),88151
hawley (pa),88080
williamstown (ma),13303
jenner (ca),88094
guilford (ct),22087
cleveland (tn),20784
saint-sauveur (qc),17626
captiva island (fl),17319
east stroudsburg (pa),4327
duncan (sc),20810
lenexa (ks),8047
liberty (mo),88105
simpsonville (sc),11676
weihai,79638
philadelphia (ms),22665
hales location (nh),720089
sapphire (nc),20773
rockville (md),8825
summersville (wv),10778
big tree (ny),720102
stockbridge (ga),18537
battambang,18909
concord (nc),20791
jacksonville (nc),11106
charlotte amalie west,719247
blanding (ut),5398
dahlonega (ga),99845
edenton (nc),20816
cotulla (tx),99828
merritt (bc),9705
enfield (ct),20403
new paltz (ny),22082
tyner,146326
beloit (wi),22351
plymouth (nh),20698
golden (co),18857
bluffton (sc),20751
salmon creek (wa),717883
firestone (co),104169
zephyrhills (fl),22447
lander (wy),100257
emerald,21411
zhoushan,79800
shepherdsville (ky),22169
washington (il),21659
decatur (il),4571
grasonville (md),10124
midland (mi),20904
russellville (ar),9453
buellton (ca),7938
selma (nc),10564
new market (va),2344
south hill (va),20973
tullahoma (tn),21003
jalandhar,17852
racine (wi),21768
hermitage (pa),23471
zibo,79803
brooklawn (nj),78743
elstonville (pa),720137
spartanburg (sc),11268
rheems,153390
austin (mn),22336
indiana (pa),22516
menomonie (wi),23185
emmett charter township (mi),718249
northampton (ma),22465
dewey beach (de),104095
sun prairie (wi),22186
blue springs (mo),14753
morningside (md),88123
milan (oh),20500
elizabeth city (nc),3401
oswegatchie (ny),718677
grayson (ky),22592
king city (ca),15454
lebanon (pa),100266
litchfield (il),14315
meadville (pa),22556
newton (ia),22782
ocean springs (ms),19920
rexburg (id),1265
robinsonville (ms),23016
cameron (tx),99708
el reno (ok),99918
manchester (ny),667862
lake worth (fl),22271
skaneateles (ny),127
shaoxing,79769
waterford (ct),23165
brewster (ma),23129
amelia island (fl),15760
red bank (nj),22134
lahore,2298
islamorada (fl),10645
fostoria (oh),99996
franklin (tx),100000
troy (ny),100869
gardendale (al),100018
glenpool (ok),100036
murdo (sd),100471
granbury (tx),22944
sayre (pa),100749
clifton (co),99791
sutherlin (or),100840
hebbronville (tx),100111
ogden (ut),10860
clinton (ar),99793
coalville (ut),99799
saint jerome (qc),102166
gray (la),100054
lemoore (ca),100277
bandon (or),99575
dixon (ca),99876
navasota (tx),100481
east palatka (fl),99902
eureka springs (ar),22588
john day (or),100191
clayton (nm),99784
cherokee (ia),99758
la plata (md),100234
wasilla (ak),100918
lamesa (tx),100254
chamberlain (sd),99748
bristol (ns),718349
llano (tx),100303
lock haven (pa),100304
lockhart (tx),100305
edna (tx),99913
manvel (tx),100350
sturgeon bay (wi),100834
mineola (tx),100421
high level (ab),98874
monahans (tx),100430
monroe township,150120
monticello (il),100440
monticello (ny),100442
saranac lake (ny),100737
maggie valley (nc),100341
ingleside (tx),100167
nebraska city (ne),100482
newberg (or),100496
williams (ia),100970
norwalk (oh),100520
oak forest (il),100522
saint helens (or),100716
canadian (tx),99711
anthony (tx),99540
hartland (mi),100099
olds (ab),98898
whitmore lake (mi),100967
opp (al),100539
washougal (wa),100917
perryton (tx),100585
powdersville (sc),717807
pinedale (wy),100602
wall (sd),100904
plaquemine (la),100611
yemassee (sc),21033
sisters (or),100786
port lavaca (tx),100622
galena (il),100014
thackerville (ok),100851
refugio (tx),100658
rimbey (ab),98913
river falls (wi),100675
luling (la),100325
cheboygan (mi),99753
marinette (wi),100354
chester (ca),99761
hollister (ca),100133
sebastian (fl),100755
shippensburg (pa),100776
monroe (wa),100434
monteagle (tn),100435
smyrna (de),100795
strathmore (ab),98934
sterling (co),100822
osoyoos (bc),2723
stony plain (ab),98933
mexico (mo),100401
fergus falls (mn),99972
prosser (wa),100636
ticonderoga (ny),100856
lehi (ut),100273
nashville (il),100477
forest grove (or),99985
central city (ky),99745
penn yan (ny),100582
mcminnville (or),100383
wainwright (ab),98946
crawfordville (fl),99833
wasco (ca),100913
waukesha (wi),6581
leland (nc),100274
winder (ga),100982
freer (tx),100005
york (me),101003
yucca valley (ca),101007
neosho (mo),100484
avon (mn),99564
boerne (tx),22366
dandong,79719
maanshan,159524
yaan,161335
sainte anne,21109
satillieu,99062
letterfinlay,70158
vlora,21561
old forge (ny),100534
algoma (wi),99511
alma (mi),99519
camden (al),99705
ozark (mo),100559
nevada (mo),100486
williamstown (ky),100972
angleton (tx),99537
arkansas city (ks),99550
biddeford (me),99621
bishopville (sc),99628
bonham (tx),99648
centralia (wa),22673
deridder (la),99871
escanaba (mi),99939
lawrenceburg (tn),100261
emmetsburg (ia),99933
waconia (mn),100900
seaside heights (nj),100754
arlington (wa),99553
pismo beach (ca),13669
beaver dam (ky),99588
homer (ak),100138
carthage (mo),99727
saint cloud (mn),100713
great bend (ks),100057
annawan (il),99538
bainbridge island (wa),99569
east massapequa (ny),718687
harbor (or),717788
grand haven (mi),100049
coalinga (ca),99798
blackfoot (id),99631
blackwell (ok),99633
indianola (ms),100166
prairie du chien (wi),100632
bowie (tx),99655
swainsboro (ga),100842
brady (tx),99660
coffeyville (ks),99801
northport (al),100515
angels camp (ca),99536
shelbyville (tn),100770
monticello (mn),100441
forney (tx),99987
cleveland (tx),99790
smiths falls (on),2698
columbia (ky),99809
comanche (tx),99813
adairsville (ga),99501
dawson creek (bc),98859
denton (md),99869
eagle river (wi),99896
mojave (ca),100428
hulett (wy),100150
junction (tx),100199
edgewater (fl),99911
edmonds (wa),99912
eufaula (ok),99943
fayetteville (tn),99969
fernley (nv),99974
floresville (tx),99979
franklin (la),99999
wetaskiwin (ab),103179
redway (ca),104681
island park (id),104309
bloomfield (nm),103932
newton falls (oh),104554
burkeville (va),103969
west stockbridge (ma),104978
saint regis (mt),100724
el dorado hills (ca),104138
diamondhead (ms),104096
tofte (mn),23175
chesterfield (mi),104021
maun,105259
firebaugh (ca),104168
dahlgren (va),104074
buxton (nc),103972
ponderay (id),104656
north liberty (ia),104569
gas city (in),104204
polson (mt),104655
wenona (il),104964
milroy (pa),104479
la fortuna,102767
garibaldi (or),104201
tumwarer (wa),104902
felton (ca),104164
fairmont city (il),104160
baxley (ga),103897
hines (or),104281
new providence (nj),104547
secret cove (bc),718326
provincetown (ma),104671
west reading (pa),104976
seaman (oh),104748
oakley (ca),104579
atkins (va),103875
byram (ms),103974
thomasville (al),203639
west hazleton (pa),104974
south beloit (il),104791
mogilev,102659
greybull (wy),104233
pembroke (nc),104625
east grand forks (mn),104122
arcola (il),103870
pearsall (tx),104622
orofino (id),104594
point pleasant (nj),104654
kendallville (in),104331
nur-sultan,23684
arnolds park (ia),103872
young harris (ga),105030
francistown,105258
thornburg (va),104887
ramsey (mn),104676
middletown (oh),22487
snoqualmie (wa),104783
dnipro,103020
uintah (ut),104911
hubbard (oh),104294
placerville (ca),23139
mission (ks),104483
dillsburg (pa),104098
knightdale (nc),104350
garberville (ca),104199
eagle nest (nm),104118
baraboo (wi),21959
lusk (wy),104416
piketon (oh),104639
la puente (ca),101573
kemmerer (wy),104330
flesherton (on),103169
egg harbor (wi),104135
kincardine (on),103173
benbrook (tx),103913
danville (ca),104076
exeter (ca),104156
snyder (tx),104784
sinton (tx),104776
taylor (az),104876
fillmore (ca),104167
june lake (ca),104326
durand (mi),104114
devils lake (nd),104094
royersford (pa),104712
silverton (or),104775
san isidro,21771
roseau (mn),104708
fowlerville (mi),104181
diamond beach (nj),718001
dimondale (mi),99875
burlington (co),99692
cambridge (oh),20768
rio del mar (ca),203186
reinosa,199809
canton (tx),23502
fremont (oh),20837
jackson (wi),100177
chita,247543
kariya,106187
cuero (tx),104069
charlotte amalie,103044
lakota (nd),104379
watkins glen (ny),104956
lambertville (nj),104380
sauk centre (mn),104732
hutto (tx),104300
longwood (pa),720135
couzeix,188008
kettleman city (ca),104337
caryville (tn),10297
cameron park (ca),103986
shiloh (il),104766
cannon beach (or),103991
alturas (ca),103859
heber springs (ar),104269
jourdanton (tx),104323
ranchester (wy),104677
soldotna (ak),104786
kenoza lake (ny),720112
occidental (ca),104581
middleburg (va),104471
clarington (on),98853
lutsen (mn),104417
dinuba (ca),104099
uzhgorod,103041
bluefield (va),103935
lutsk,103031
crump (tn),104068
torshavn,4784
cape elizabeth (me),103993
zachary (la),105031
londonderry (vt),104409
azusa (ca),99567
mount shasta (ca),100462
bottineau (nd),99654
brandenburg (ky),99662
cochrane (ab),98854
darlington (wi),99853
forest city (ia),99984
grand rapids (mn),100050
ripley (tn),100673
upper lake (ca),100881
la grande (or),100232
lolo (mt),100310
monticello (ut),100443
denison (ia),99867
rockport (ma),100686
valentine (ne),22866
saint peter (mn),100723
laconia (nh),100236
los lunas (nm),100315
brookings (or),99675
lynden (wa),100331
kemah (tx),23159
gander (nl),14167
las terrenas,78538
chino (ca),99768
hallettsville (tx),154368
cave city (ky),99736
chipley (fl),22444
clinton (ms),14645
carbon cliff,200948
fort madison (ia),99991
fortuna (ca),22439
fulton (il),100009
georgetown (de),100025
hazelwood (mo),18715
morehead (ky),22811
morgan city (la),22518
riverton (wy),17310
rochelle (il),100679
madill (ok),100336
barnwell (sc),99577
grimsby (on),98869
keokuk (ia),11536
edgartown (ma),99910
de pere (wi),99857
new kensington (pa),100491
south saint paul (mn),100807
new castle (de),100489
belfast (me),99598
gardner (ma),100020
clinton (nc),99795
albertville (al),99508
scottsboro (al),100751
boaz (al),99642
childersburg (al),99765
tuscumbia (al),100871
phillipsburg (ks),712061
sayreville,150205
newfane (ny),100498
chetwynd (bc),98852
maryville (tn),100365
lyons (ks),100333
hayti (mo),100107
tucker (ga),22200
mountain grove (mo),100467
jonesville (mi),100197
natural bridge (va),100478
nauvoo (il),100480
rugby (nd),100697
ozark (ar),100558
wrightstown (nj),100994
petawawa (on),98901
houston (bc),98877
myerstown (pa),100474
longview (wa),100314
cortland (ny),11625
dunn (nc),15361
franklin (in),99998
globe (az),100039
hudsonville (mi),100149
huntingburg (in),100152
alachua (fl),99506
kinston (nc),5975
louisville (ms),100321
new hanover township (nj),718007
mineral point (wi),100422
mocksville (nc),100426
lloyd,202309
morton (il),100448
pacific (mo),100561
fayetteville (wv),99970
rome (ny),100688
mission (sd),100425
kittanning (pa),100223
south hutchinson (ks),100804
williams (ca),22464
freehold (nj),100004
giddings (tx),100028
faribault (mn),99963
richburg (sc),100661
liberty (tx),100288
the galena territory (il),718178
milford (ia),100413
coopersville (mi),99820
cozad (ne),99831
galax (va),100013
orleans (ma),100543
red wing (mn),100652
salina (ut),100729
sweet springs (mo),100843
wahpeton (nd),100902
willington (ct),100975
joshua tree (ca),100198
hoffman (ny),720103
harlan (ia),100092
cayucos (ca),99738
clear spring (md),99786
camdenton (mo),99706
oakley (ks),100525
redmond (or),100655
beaver (wv),99587
bolivar (oh),99646
dewitt (mi),99873
flat rock (mi),99976
mukwonago (wi),100470
springfield (ky),100816
forrest city (ar),2254
french lick (in),100006
gothenburg (ne),100044
grayslake (il),100056
idabel (ok),100158
prestonsburg (ky),100634
albertville (mn),99509
cottage grove (mn),99826
elk river (mn),99921
lewisburg (pa),100285
west bend (wi),100935
berlin (wi),99618
townsend (tn),100867
adelanto (ca),99503
grinnell (ia),100070
blue ridge (ga),99640
evergreen (al),99951
spencer (ia),100814
oak grove (mo),100523
raphine (va),100647
winnsboro (sc),100986
pine mountain (ga),100600
clinton (md),99794
belton (mo),99611
brownsville (tn),99679
buena (nj),99685
cameron (mo),99707
cornersville (tn),99825
cuba (ny),99840
pembroke (ny),735472
elberton (ga),99919
eufaula (al),99942
hornell (ny),100146
chillicothe (mo),99767
oswego (ny),100552
jeffersonville (oh),7206
kalkaska (mi),100204
kearney (mo),100208
lanett (al),100258
lemon grove (ca),100275
louisville (ny),718675
merrill (wi),100399
newton (ks),100500
menominee (mi),100394
ortonville (mn),100546
princeton (il),100635
ruther glen (va),100702
sullivan (mo),100837
winfield (ks),100985
yazoo city (ms),101000
buffalo (tx),99688
leonardtown (md),100281
villa rica (ga),100895
fontana (wi),99981
two harbors (mn),100873
clintondale (pa),720152
yorkville (il),101005
kewaunee (wi),100214
lakewood (nj),100250
gananoque,171978
houston (ms),100147
barre (vt),99578
abbotsford (wi),99497
galion (oh),100015
hearst (on),98873
nags head (nc),100476
creswell (or),99837
fall river (ma),99960
murrieta (ca),100472
oxford (nc),100556
rockport (in),100685
safford (az),100706
thatcher (az),100852
north bend (or),100505
black mountain (nc),99630
bolivar (mo),99645
bradford (pa),99658
broussard (la),99678
clarksdale (ms),149040
deland (fl),22457
delaware (oh),99862
delta (co),99864
dixon (il),99877
donaldsonville (la),99879
ebensburg (pa),99909
fort dodge (ia),99988
fort morgan (co),99992
glasgow (ky),100030
gloucester (va),100041
gordonsville (tn),100042
grantsville (md),100053
greencastle (pa),100061
grundy (va),100072
hanceville (al),100084
bolivar (wv),718523
hebron (in),100112
ironwood (mi),100172
levittown (pa),100282
lincolnton (nc),100292
luverne (mn),100330
macon (mo),100335
marrero (la),100357
marshall (mo),100359
medford (ny),100387
mendota (il),100393
piqua (oh),23417
bethel (pa),99620
millersburg (oh),100417
saint rose (la),100725
north vernon (in),100511
ottawa (ks),100553
perryville (mo),100587
plainwell (mi),100609
port orchard (wa),100623
red oak (tx),100651
rockdale (tx),100683
romeoville (il),100689
savage (mn),100744
seville (oh),100761
shelby (mt),100769
shepherdstown (wv),100774
smithfield (nc),100791
snowflake (az),100797
sonora (tx),100801
bellville (oh),99606
story city (ia),100827
upper sandusky (oh),100882
waverly (ia),100924
wheelersburg (oh),100954
whitehall (mi),100960
willow springs (mo),100976
worland (wy),100993
bridgeport (tx),99670
copperas cove (tx),99822
danville (ky),9020
viborg,13373
ribeirao bonito,705821
lins,105311
blakeslee (pa),103931
harwich,148017
herbault,189413
fernando de noronha,105297
ubatuba,105353
colonia esterella,720903
tandil,102575
ancud,102984
vicente lopez,102581
port antonio,4855
feusisberg,2941
kutahya,102814
kharkiv,21584
sandane,103403
porsgrunn,4575
verdal,103408
haderslev,103615
varnamo,20607
resita,103013
karlshagen,103201
flekkefjord,931
kahramanmaras,102809
paracas,105049
grodno,102658
sortland,12239
venaria reale,105251
casalnuovo di napoli,105197
wittenberg (wi),105018
roatan island,102759
bartholomaeberg,103409
žiča,723602
logan (ut),8238
paraiso,103102
le vauclin,685880
santo stefano belbo,105241
naivasha,103842
hallwilersee,716263
alessano,105187
gomel,102657
ganja,545080
esquel,102542
comodoro rivadavia,2408
palmas,105319
maputo,20640
criciuma,20395
juiz de fora,105308
kirkwall,130740
kautokeino,9096
posadas,1533
el chalten,102540
clanwilliam,78624
villa carlos paz,102583
pola de allande,103758
uddevalla,3405
ahrensburg,8283
al taif,665578
tavşanlı,728744
alversund,103383
bardufoss (troms),735770
antananarivo,15295
onate,103740
arusha,8696
nafpaktos,105149
la canonja,103709
corrientes,102538
passo fundo,105322
tehuacan,103118
barreiras,105269
varzea grande,105355
macuto,103469
ica,105045
governador valadares,105298
creel,11420
bahia inglesa,102986
beira,105399
canoas,105283
rancagua,103000
loreto,23644
diamantina,105293
rauenberg,15111
punta mita,20669
uruapan,103127
buga,102620
talcahuano,103003
horche,11523
jalcomulco,103083
curiel de duero,103687
humenne,103371
dunmore town,170559
tilly-sur-seulles,195055
saint james,10548
henlow,103271
upington,2978
valledupar,102624
alpedrete,73387
xerta,103829
levittown,103631
dogmersfield,671582
al arish,102638
etne,3779
videbek,103617
cerva,719195
measham,131226
valdemoro,103812
san salvador de jujuy,102573
jokkmokk,102838
coatepec,103073
maseru,4338
insjon,174110
ticaboo (ut),720203
ehrenberg (az),104136
basauri,103652
tuxpan de rodríguez cano,719470
cajamarca,105042
la cienaga,725966
armenia,102619
allensbach,103181
san casciano dei bagni,4895
swembad,733184
san ignacio,19013
alamos,103062
tourtour,103600
schwarmstedt,6150
romanos (messinia),736871
zajecar,105448
holstebro,9899
virgin gorda,14351
harnosand,16023
fredrikstad,13428
cuckfield,8807
nyborg,8834
saffle,15914
dangriga,103137
vaughans,719882
rodrigues island,102615
muzillac,192516
cabo frio,23677
campina grande,105280
gallargues le montueux,103531
corumba,105288
barreirinhas,105270
alto paraiso,105262
ji-paraná,105306
joacaba,21731
rio gallegos,102565
vissenbjerg,103618
tilcara,102578
driggs hill,725761
placencia,12839
maskall village,103140
mercedes,6025
praia da vitoria,178968
san luis,102568
ciudad del carmen,103072
guapiles,102765
tananger,103407
hjelledalen,103389
fray bentos,17150
alta gracia,102527
bas vent,732846
cachi adentro,724131
purmamarca,102562
el quseir,3739
weinfelden,102900
catez ob savi,102666
east grinstead,7832
pasarón de la vera,103748
victoria falls,13683
termas del arapey,720904
clifford chambers,723891
hisarya,103375
arnissa,235537
castillon du gard,103512
victor (id),104923
abbottstown (pa),103848
mount orab (oh),104507
ewing (nj),104155
royse city (tx),104713
alabaster (al),103853
edinboro (pa),104131
davison (mi),104080
washington courthouse (oh),104953
macungie (pa),104423
killen (al),104342
post (tx),104662
parker (az),104616
wilton (me),105006
laurel (fl),717819
imperial (ca),104302
hallowell (me),104248
hammond (la),10476
chilton (wi),104025
pahrump (nv),104606
sedalia (nc),717756
atmore (al),103877
richwood (ky),104693
coshocton (oh),104057
kingston springs (tn),104346
sterling (pa),100823
washington (ct),104952
airway heights (wa),103852
newell (wv),104552
grove (ok),104236
nikolaev,103032
stroud (ok),104862
marlin (tx),104442
emerald isle (nc),104147
wise (va),105017
thompsonville (mi),104886
hannacroix,150719
niles (mi),104556
eagar (az),104117
winterset (ia),105015
cairo (il),103978
newberry (mi),104549
kozania,105131
reedsport (or),104683
linden (tx),104402
ignacio (co),104301
prineville (or),104668
barbourville (ky),103887
limerick (pa),104400
atoka (ok),103878
hayden (id),104265
two rivers (wi),104909
westbrook (ct),104981
seminole (ok),104754
silt (co),104773
east liverpool (oh),104123
tyngsboro (ma),104910
cahokia (il),103976
scott city (ks),104741
malakoff (tx),104425
mckenzie (tn),104457
la pine (or),104358
colville (wa),104045
mars hill (nc),104443
richfield springs (ny),104689
kulpsville (pa),104356
southampton (nj),104804
berkeley springs (wv),103915
la ceiba,7572
zephyr cove (nv),105032
porter (in),104661
wheatland (wy),104987
decherd (tn),104083
heber (az),104268
wall (nj),104943
ville platte (la),104924
los osos (ca),104412
heflin (al),104270
reedley (ca),104682
mabank (tx),104421
douglas (az),201341
atyrau,30333
chapmanville (wv),104012
burrell boom,719250
malta (ny),104427
boscawen (nh),103941
flora (il),104171
manchester township (nj),104429
berwick (la),103919
monte rio (ca),104488
abiquiu (nm),103849
jane (mo),104312
purcell (ok),104672
kremmling (co),104354
chester (il),104020
deer park (il),104085
mccamey (tx),104452
beeville (tx),103907
marshall (ca),104444
belfair (wa),103908
denali (ak),104091
siren (wi),104777
warminster (pa),104948
dillsboro (nc),104097
apalachicola (fl),103867
lackawanna (ny),104361
el campo (tx),104137
littlefield (tx),104407
galliano (la),100016
calcium (ny),103980
edwards (co),104134
bowling green (fl),103944
w siloam spgs (ok),104930
monte vista (co),104489
millsboro (de),104478
brookfield (mo),103959
chalk hill (pa),104006
south point (oh),104800
south fork (co),104794
caribou (me),103996
somerset village,720860
saunderstown (ri),22602
wanaque,150249
burkesville (ky),103968
sechelt (bc),180743
courtenay (bc),17468
prerov,102629
reunion,512790
rio branco,105334
rio cuarto,102564
praia do frances,105332
edisto island (sc),104132
forza dagro,105210
baddeck (ns),14341
marmari,19962
parana,98796
pocos de caldas,21733
cambara do sul,105278
santa rosa beach (fl),23253
clearwater (mn),99788
st marys (oh),104828
magog (qc),176099
put in bay (oh),104673
cloverdale (ca),23377
mountain home (id),1437
grande cache (ab),671104
camden (tn),717835
halton hills (on),98871
clarkston (wa),2736
cochrane (on),13536
minden (nv),669634
banja luka,78491
fere-en-tardenois,103529
crawfordsville (in),22600
saint-georges (qc),98920
karagandy,712244
saint peters (mo),22483
boischatel (qc),671101
saint-apollinaire (qc),718988
chester (ny),19871
florence (az),514479
swift current (sk),1519
woodstock (on),21752
buckeye,155615
belá (nitriansky),732972
henley on thames,69649
toyooka,106977
weisswasser,125857
terruggia,166079
cava de' tirreni,75721
okotoks (ab),177897
port au prince,102825
saint francisville (la),78864
neyagawa,252438
ivano-frankivsk,103023
inuvik (nt),174116
geneseo (ny),671579
steinheim,123895
neustadt an der orla,672906
tecklenburg,5604
shari,253864
new minas (ns),671109
clifton,719155
princeville (hi),23314
kazuno,106256
wakeeney (ks),104940
atoka (tn),671569
boardman (or),152476
dallas (or),717775
dennis port (ma),21206
three rivers (tx),154717
warsaw (mo),147201
watertown (sd),23450
waynesville (nc),23230
berlin (oh),717630
jackson (mo),713162
walsenburg (co),23466
waterbury (vt),671223
snow (ky),735363
cold lake (ab),169744
duncan (bc),170552
mission (bc),176737
oakdale (la),717980
trail (bc),182417
newmarket (on),718029
fukui,19358
yokkaichi,107521
duncan (ok),22609
percydale,728605
bintulu,105619
banten,19621
siumu,102515
sigtuna,13140
kerikeri,3834
selinitsa (gytheio),718568
sautens,87086
stord,10895
mittersill,70465
ano pedina,105100
menfi,76061
ebensee,87005
monchique,73250
tivat,99248
steinach,71553
tintagel,86872
neustadt am rennsteig,70620
kriessern,102157
appleton le moors,102203
guitiriz,718444
esterri de aneu,79381
bejar,73421
rauris,71014
villanova mondovi,102304
stuhlfelden,71616
tiefgraben,139937
egridir,85990
troisvierges,85879
granarolo dell' emilia,99167
domaso,75823
pontecesures,713424
ferentillo,75846
pimonte,76251
cannara,102294
portico e san benedetto,715911
caminha,168984
altaussee,102218
monforte d'alba,88489
morillon,77646
a lanzada,73354
torchiara,76611
alloa,86651
bazna,86201
vila nova de milfontes,73344
brotas,102305
monteveglio,76120
imlil,102142
el kelaa des mgouna,102141
parkend,70846
mavrovouni (gytheio),668443
saverdun,194603
borgholm,23101
lengau,140114
daiano,715625
oberthulba,70745
neufahrn in niederbayern,102185
grimstad,5044
diensdorf radlow,102174
lazise,75959
kanali (zaloggo),719938
moulay idriss,21513
saint-martin-des-entrees,194275
boumalne dades,672915
agropoli,3355
wonneberg,102202
duingt,77166
alleyras,102228
ars-en-re,76833
cogolin,1266
saint-pierre-d'oleron,87600
alencon,20329
sille-le-guillaume,99063
kildare,105073
tuglie,76641
mitropoli (zarakas),719974
nis,99319
fabro,702042
krosno,72734
gujan-mestras,77294
panzano,76206
nogaredo,164264
camerino,75600
enköping nynäs gård,734095
koutsodimos,238816
bo,99262
felgueiras,73208
putignano,76315
albiano d ivrea,102290
dahlem,117881
ispica,75936
lido del savio,99173
krov,70049
suvereto,88619
saeby,98976
oleggio,76171
sidi kaouki,719065
sao pedro do sul,73310
zlatibor,99322
neumagen-dhron,70607
bad zurzach,15019
yllasjarvi,19710
nea kios,240232
cannes ecluse,99007
naas,1289
nellingen,102184
neuhof an der zenn,102186
pleisweiler oberhofen,99099
asiago,75484
maplewood (mn),78827
saint-jean-de-sixt,87578
argeles-gazost,76817
limoux,87421
vernet-les-bains,77830
quillan,87535
roquevaire,193711
mistras,73062
alken,86286
trois-rivieres (qc),17675
soraga,671696
cerkezkoy,99451
millstatt,13382
malu mare,730167
vogtsburg im kaiserstuhl,71893
santa terezinha de itaipu,718530
aberfoyle,18917
salcombe,71203
monfalcone,88488
wesenberg,72036
xylokastron,73132
gengenbach,69354
stallingborough,132470
ecublens,170669
gisburn,717250
battle,10205
langebaan,78663
sunndalsora,86988
closeburn,129018
jungholz,69877
zweiflingen,184075
aston clinton,721460
chailly-sur-armancon (bourgogne),713918
eisenerz,102219
ribera,76341
turckheim,78221
beuzeville,76915
l'alcudia,73633
sance,78413
sunne,6835
saint-pierre-d'albigny,87597
ostra ljungby,719641
giurdignano,75902
strande,713593
lwowek slaski,102279
reze,77903
leknica,102276
elmstein,124367
panevezys,72629
egmond aan den hoef,184382
morbylanga,86058
ciechocinek,72683
fontvieille,3994
jachranka,719193
gythio,237115
molveno,88486
annecy-le-vieux,76807
eskisehir,20406
bad schmiedeberg,68404
mezidon-canon,665771
tortoreto,88631
neerijse,102215
colmberg,102173
montaione,19990
puerto real,87966
scheffau am wilden kaiser,71287
bazouges-la-perouse,87231
jerzmanowice,72710
parga,23041
casoria,75668
tarancon,73888
badefols-sur-dordogne,714211
castelverde,163445
olympiaki akti,88300
kaimaktsalan voras,99123
marly le grand,99440
ramsau am dachstein,70997
axams,19437
haiming,87024
laugar,671607
leiwen,86470
oberderdingen,102188
malterdingen,70324
luggau,729690
maynooth,863
lainate,75949
bad vilbel,102169
dimitsana,105109
eitorf,86349
enfield,105067
nerac,77675
killenard,105075
bad karlshafen,68365
aberporth,68135
vrouwenpolder,72581
les cabannes (midi-pyrenees),713808
peratallada,87952
neuenburg am rhein,99091
reichenbach an der fils,102191
mariehamn,16073
vibo valentia marina,669120
les mureaux,7093
jaraba,73604
halblech,69537
szczawnica,99286
montanejos,79473
eceabat,102146
albert,19933
meppel,72455
saint-gervais-la-foret,715187
chamalieres,77032
echirolles,5309
kartitsch,69903
cap ferret,76997
battice,68478
bagnes,167335
fiesch,67916
ostrow wielkopolski,88197
kopaonik,671640
horta,73225
lemmer,72437
kiten,69973
wehr,102198
nigrán,199565
sint-niklaas,13571
barbate,99345
rabenau,70977
ciro marina,75766
scheinfeld,102192
san miniato,76434
brennero,168529
grasberg,102179
hanstedt,8060
bornholm,19632
skradin,86967
neustadt an der weinstrasse,70624
san giovanni a piro,76418
waldkraiburg,86622
himeji,21510
amphawa (samut songkhram),105625
cobram / barooga,105627
ulcinj,79837
kiefersfelden,86439
paimpont,77719
montreuil-bellay,77639
côn đảo islands,105652
kaifeng,79749
jinhua,79743
taizhou (zhejiang),79774
labuan bajo,669526
chiang khong (chiang rai),204500
qiandao lake (chunan),671666
kuala selangor,17341
fulton (ms),100010
smithfield (ri),22173
mae sai (chiang rai),513355
kediri,105614
taiping,105645
mount cook,12236
kawaguchi,108213
lishui,105638
siloam springs (ar),22618
hamilton (nj),105653
budd lake (nj),23570
cwmbach,721491
alba adriatica,19037
almada,102334
ansfelden,86996
avola,75494
bagni di lucca,75504
bedollo,715431
campofelice di roccella,79346
maruggio,176397
carentan,77001
chamrousse,77040
couchey,99013
blackawton,708067
dobrinishte,86944
donja brela,69016
doue-la-fontaine,77162
dunster,69059
eben im pongau,87004
ediger eller,99077
feld am see,87012
figeac,3553
gais,88438
garching bei munchen,86374
gartringen,69337
gaschurn,10827
gilleleje,98971
gressan,75913
jackson (nh),21263
kossen,70029
kraljevo,105437
la grave,77352
lagord,77398
linguaglossa,75985
esquieze-sere,715176
mengen,70414
mikolajki,72753
mont dauphin,99042
montopoli in val d'arno,76128
saint-aignan,193862
murlo,76138
neum,78495
noirmoutier-en-l'ile,77685
nykobing falster,87743
olgiate olona,99180
obetz (oh),737666
agios ioannis,234756
miranda de ebro,716179
marín,199405
sankt johann,71234
proastio,718562
medjugorje,16629
ilha grande,105303
sestri ponente,164913
suider-paarl,181766
marmaro (gera),719962
pezinok,70883
netley marsh,721532
rovies,728290
saint-pierre-du-vauvray,87601
sankt gallenkirch,71228
sare,87613
steeg,87093
sukosan,71623
tarascon-sur-ariege,78183
falzes,171316
guillena,102336
ruesga,103775
westende,72045
wexford,18559
zedelgem,72206
recanati,76331
yakushima,512700
avanos,21320
billum,719162
diamante,8912
egletons,4387
erba,10265
heitersheim,13090
balm bei messen,167430
lavaur (tarn),672891
madesimo,12353
auronzo di cadore,167180
monaghan,16289
orford (qc),6179
petershagen,7555
provins,11308
simrishamn,15432
trencin,19343
hallefors,105910
nanteuil-le-haudouin,192535
couches,719264
villers cotterets,105706
redcar,105929
aubry-du-hainaut,714062
groveland (ca),88076
barreiros,105905
geithain,105710
spittal an der drau,105667
bzommar,726793
vrahati,105860
abbeyleix,105864
kilmallock,105076
ermioni,105758
harrington,105925
weissenberg,105717
abstatt,105707
ithaki,105775
oitylo,512942
thollon-les-memises,715232
losby,105895
papigkon,105824
diakofti,718566
kefalari,671244
ross cross roads,159401
loutraki skopelos,671247
galini,105764
paralia vrasna (thessaloniki),719939
armenistis,105736
manteio,239529
livadi (cythera),719995
lagkadia (arkadhia),719991
neon oitilon,105819
vathy (laconia),671661
vitsa,105857
ardmore,105865
wolfschlugen,105718
ljungskile,105912
drepanon,236342
solsona,105909
athenry,105867
rigklia,718559
calabardina,726947
la jaille yvon,105685
kunzelsau,105712
selianitika,105835
mugena,105918
enna,105886
valbella,105921
rosscarbery,105881
charleville,72880
baltimore,72865
castlemartyr,105871
ballylongane,720920
vals,105922
buriram,105938
andalo,88333
stoneham (qc),17668
freistadt,69292
les andelys,77469
lezignan corbieres,99033
saint-brevin-les-pins,78256
le valtin,87404
kandava,72248
certaldo,75741
arraial do cabo,78500
bruck an der glocknerstrasse,21153
torre lapillo,706343
ulverston,71822
tetsworth,132709
veszprem,67748
etables-sur-mer,547729
saint-jorioz,78321
eppelheim,86355
saint-saturnin-les-apt,78386
florence (in),720525
pignone,76250
hveragerdi,86173
berwang,11276
cranbrook (bc),17470
gabrovo,69321
vilafranca del penedes,21311
moneglia,15704
tournai,5288
tragacete,73907
bourbonne-les-bains,76952
kramsach,70035
sodankyla,112676
zeitz,72209
jahorina,98834
pingtung,11459
sisaket,105945
lamphun,21253
jambi,19925
huntly,105955
chatham (on),98851
sylva (nc),100844
chiangkhan,105965
klang,105971
ambon,101019
boeun-gun,212233
koh jum / koh pu (krabi),106088
cagayan de oro,18869
chumphon,17383
kuala belait,105963
tiruchirappalli,114739
trincomalee,105970
mudanjiang,79760
franklin (wi),717978
wake forest (nc),21010
xiangyang (hubei),672961
yichang,1710
american fork (ut),99524
lawrence (ma),101574
covington (tn),99829
graham (tx),105974
temiskaming shores (on),663440
winona (ms),105976
canton (ms),2113
carrollton (ky),4751
cape girardeau (mo),13005
culpeper (va),23224
henderson (tx),22945
hearne (tx),23548
lewisburg (wv),11438
lexington (va),10593
wauwatosa (wi),17092
newport (tn),22479
yukon (ok),2775
pecos (tx),23549
port aransas (tx),23360
pratt (ks),23376
perry (ok),23164
sheldon (ia),23453
sealy (tx),22469
drayton valley (ab),23634
stellarton (ns),17663
front royal (va),777
sano,108449
iwaki,106528
karaoğlanoğlu,718670
hardy (ar),100090
hexham,2712
jackson (al),100175
coushatta (la),718180
mount pleasant (ia),100460
edmundston (nb),11215
canton (ny),711864
parsons (ks),100571
qinhuangdao,79764
rice lake (wi),100660
saint marys (pa),100720
saint-trojan-les-bains,20564
san benito (tx),100731
seagoville (tx),100753
seneca (sc),100757
vega (tx),100887
waynesboro (ga),100926
bancroft (on),7365
bridgewater (ns),3320
cobourg (on),3244
grand falls (nb),12831
port alberni (bc),15177
renfrew (on),11503
sicamous,180914
takeo,108177
unawatuna,182702
kampot,18913
belitung,106046
bangka,106038
saint albert (ab),179852
athens (ga),20735
langho,130778
buena vista (co),99686
byron (ga),22387
clear lake (ia),99785
cordele (ga),14453
ephrata (wa),99937
falfurrias (tx),22961
huaian,105941
nantong,79761
penghu,106001
bow bridge,728402
dezhou,106009
stanthorpe,1517
kupang,105999
wongaling beach,718479
kendari,106013
palangkaraya,106023
mabuun,734776
xpujil,702220
saidia,102525
venus,705363
cortegana,712536
san martin del castanar,713335
alcalá la real,197905
el burgo de osma,198666
villabuena de alava,713438
st james (md),720078
niantic (ct),19878
fort chiswell (va),717799
platres,102665
las galeras,718894
sifnos,105165
ebden,728525
sibu,105987
hiratsuka,107273
bundi,21067
dausa,513193
sotkamo,112696
sungai sekonyer,734783
hosapete,720803
ende,669527
khao sok (suratthani),105996
paka,106036
siargao island,18041
mollymook,106002
pohang-si,106064
mukdahan,17041
kinder (la),22506
canton (nc),99716
antioch (ca),99542
groesbeck (tx),104235
south charleston (wv),104793
fairfield glade (tn),104158
yamaguchi,18822
invermere (bc),5863
timmins (on),13655
north battleford (sk),11606
maple ridge (bc),11160
moama,9179
bawley point,106072
pangandaran,106056
kluang,106063
kaga,106750
takaoka,108668
asahi,106312
sumbawa,17772
yufu,106058
hanamaki,107127
myoko,252022
sanjo,107835
quang ngai,106067
sidney (bc),17640
simcoe (on),8503
terrace (bc),11001
benton (ar),23517
dillon (mt),23246
dodgeville (wi),23316
gonzales (tx),23339
hermiston (or),23306
kodiak (ak),23132
madisonville (tx),23244
mesquite (nv),18852
minocqua (wi),23353
saint bonaventure,151069
peru (in),23445
spooner (wi),23350
springville (ut),22180
fillmore (ut),23170
kishiwada,108123
anuradhapura,18226
tweed heads,5296
nakanojo,107657
kampar,162311
pekalongan,106079
mae suai / wiang pa pao,207668
torre dei corsari,76618
soleminis,88612
matsushima,251413
champasak,106083
niedernsill,70657
tulfes,71790
thakhek,106084
japaratinga,78506
caucaia,78505
mata de sao joao (bahia),671287
sisak,71473
germasogeia,720404
frymburk,67475
lambrechtshagen,703127
landivisiau,77405
fumel,77246
saint-étienne-de-tinée,721415
bad ditzenbach,68335
eutin,86364
getelo,716913
flintsbach am inn,69263
joucas,77321
saarburg,71175
warin,71953
brand-erbisdorf,68664
barneville-carteret,76876
ugine,195195
schmilau,713653
leonberg,6160
vorden,686102
saint-jean-du-gard,78318
pontivy,20532
wangerooge,71944
ahrenshoop,713640
ehlscheid,69114
chagny,7030
montgenevre,77627
vertus,77833
plescop,77752
chateaubernard,20383
barbaste,76870
romilly-sur-seine,77916
kranenburg,86456
langon,99028
catus,686632
sigean,194727
kappelrodeck,69898
ponte di piave,76269
trescore balneario,88636
giarre,75895
scafati,163235
rion,105833
santa cristina in val gardena,88570
settimo torinese,88604
claviere,75774
hellnar,86172
fiera di primiero,75850
roccella ionica,76365
cordenons,164161
stromboli,20008
spotorno,76577
noci,76158
amelia,88331
montecorice,88490
przemysl,72780
koscierzyna,72729
tangolunda,718621
mielno,72752
ełk,513202
wejherowo,72834
zeddam,72614
tinghir,85870
ghazoua,712107
barata,167487
valletta,11774
súdwest-fryslân,713268
odda,70757
chexbres,67893
eskilstuna,8624
los escullos,87915
agua amarga,73357
sollentuna,67838
brissago,67877
reichenbach,179335
grimentz,67930
carboneras,79533
ponga,667381
tudela de duero,73910
arbon,99434
biar,87800
axelstorp,167217
wiesen,68083
alingsas,19111
argonos,87785
polokwane,102968
greenock,16803
long whatton,131026
kirkby fleetham,723035
spean bridge,71517
porthcawl,70929
gebze,67766
datca,19787
portree,79287
brent knoll,68686
seascale,71382
merevale,723128
calapan,106122
wuhu,79779
exeter (nh),88070
hwaseong-si,106089
huzhou,23746
polonnaruwa,21396
baoji,79913
kitulgala,106119
biedenkopf,6459
skive,11122
altafulla,671792
sainte-agathe-des-monts (qc),78527
bagno a ripoli,167336
inarcs,67708
foca,67764
montecatini val di cecina,715786
sauze d'oulx,76508
grusch,67932
karlstejn,67486
magaliesburg,513105
vastervik,15978
dongying,106102
chaoyang,106103
ponzano veneto,14053
kalutara,10803
jining,106111
koh phayam (ranong),292835
ranong,1037
tangalle,20010
chungju-si,212326
rossano,15051
lahad datu,105650
mirissa,512866
rombas,193684
karawang,161814
jengka,533800
sungkai,211965
gerik,208245
laiwu,106007
rizhao,106106
jember,161749
bengkulu,161623
garut,106057
narooma,213230
linyi,161132
jervis bay,213232
tangshan,79775
yuzawa-shi,256191
frechen,20415
oberstenfeld,86526
uilenkraal,711559
olaibar,713423
argentan,76818
hatten,120680
neochorion,102285
braies,513620
el morell,73540
burbach,68747
walldorf (thuringia),713490
kezmarok,99325
breviandes,76968
calalzo di cadore,168916
stockach,71577
oberwald,68003
kambanite,720256
oberhaching,70719
curno,165150
tasch,19828
ottenhofen im schwarzwald,70815
santurce-antiguo,200008
hohwacht,69745
vršac,99321
kaunertal,87044
worgl,87103
middelhagen,70443
vidsel,183194
praesto,87745
casnate con bernate,668648
le lude,77437
warmensteinach,71955
kalbe,69884
allos,76789
freiamt,69289
casalmaggiore,75657
albernoa,720261
kalaat m'gouna,719058
mas-blanc-des-alpilles (alpes-côte d'azur),99038
bukowina tatrzanska,72678
valencia de alcantara,73921
aabenraa,4766
alezio,102291
florsheim am main,69267
give,87723
munstertal,70536
naousa imathias,73067
nerviano,76150
nova siri marina,76162
risskov,72659
rivisondoli,76355
les contamines-montjoie,87414
rieden am forggensee,713464
zell an der mosel,72213
gambassi terme,75886
gosau,18744
bento goncalves,79509
frauenwald,86369
dorchester,12647
hauenstein,69593
chum phae,204562
jeffreys bay,512835
chuncheon-si,17829
pantai remis,211629
tawangmangu,214881
boquete,20648
bitung,669494
bondowoso,246854
akumal,1331
amadora,88680
gizzeria,88447
grandola,73223
marsciano,76043
melgaco,73243
monguelfo,76084
monreale,76087
montalto di castro,76092
motta camastra,76130
pineto,18130
petralia sottana,76232
andermatt,4341
behram,718860
wolfenschiessen,665122
simancas,73875
stoten,102153
chatham (ma),88057
pian di sco,76235
voeren,544550
mustafa kemal atatürk,720273
lauda-konigshofen,70112
olesnica,72767
santa cruz huatulco,86230
peer,70861
guidonia montecelio,715366
perivolia,85908
bárcena de cicero,198125
cremia,712813
solenzara,78460
castrocaro terme e terra del sole,715553
varde,98978
torrecuso,76622
banovci,712559
villandry,18404
meyrueis,87452
almograve,688399
primorsko,86949
coti-chiavari,87306
niska,718957
jedburgh,69863
werfen,729695
purwakarta,14472
yancheng,106006
limbang,162433
treiso,712883
arrach,68266
baltrum,68442
bellegarde-sur-valserine,76899
bellona,75524
beze,76917
bramberg am wildkogel,87001
bruttig-fankel,68725
dreieich,20674
ennistymon,18553
fermo,102297
innervillgraten,69839
kasterlee,69908
langeoog,70098
lans,70104
duque de caxias,718261
ayios athanasios,110602
lay-saint-remy,714037
safed,16195
saint-amand-montrond,20546
schmalkalden,86579
tulungagung,256216
tam dao (vinh phuc),230398
nasugbu,720020
bridgetown,143424
thanh hoá / sầm sơn beach,105661
madiun,161752
cepu,246860
bruny island,102360
bijainagar,710266
lumbini,16965
subic (zambales),18217
pilanesberg,18212
bien hoa (dong nai),105991
bowral,3590
lang son,204064
sing buri,214610
alstonville,141367
furano,247905
dumai,390130
tanjong malim (selangor),716262
tulbagh,78711
hillsboro beach (fl),88083
camerota,163068
bad segeberg,2053
brixham,68705
biggin,719578
sepulveda,87997
chateaulin,77061
new norfolk,102388
st albans,16467
jastrzebia gora,72707
wookey,133372
la giustiniana,164537
cheshunt,68832
hope,130439
ilam,130533
edlbach,729782
gravina in puglia,75912
briatico,75570
tignale,76607
mae salong (chiang rai),671811
astypalaia,235649
pragpur,21055
pinnawala,711921
conjola,141511
grafton,21392
cavite,18870
vonyarcvashegy,115612
eyre peninsula,292832
palampur,21041
delemont,170222
mersing,106026
jamestown (ca),100178
fossacesia,162649
castel giorgio,75681
gopalpur,21085
fukushima,18824
pailin,281649
haldia,114786
bellbrae,142885
rantepao,513025
miranda,21609
palopo,709496
oga,252926
taizhou (jiangsu),105954
thuận an,718883
aizuwakamatsu,246968
nilai,162268
denmark,18939
puchong,162489
jiujiang,79654
mishima-shi,251690
haumoana,718601
tenom,212181
roldal,544825
gumi-si,17830
kotohira,107167
keningau,211346
lennox head,292862
kumagaya,513328
yueyang,79794
zuienkerke,86922
tarrant monkton,711546
einsiedeln,86118
altavilla milicia,75451
sandon,132138
tarcal,67738
palaios panteleimon,105822
morgins,67991
iowa city (ia),23017
salbris,99061
koudekerke,72429
novate milanese,88503
scheggino,76522
spijkenisse,14867
lichtenfels,70172
castelpetroso,512815
saint-palais-sur-mer,78358
lamlash,86771
hohenau,69735
kirchhundem,69962
nervi,76149
le malzieu-ville,87396
le hohwald,19981
los gatos (ca),21836
weiterstadt,72004
atcham,722745
diafanion,72981
gonen,87116
san vito dei normanni,76456
oestrich-winkel,70761
pen-y-cae,131738
trutnov,85902
florina,14614
alpirsbach,68191
besenova,99324
bogarra,73444
burunchel,87808
darlowo,72687
drobollach am faakersee,69038
gablitz,69320
gradac,21467
kinvarra,72906
krumbach (schwaben),76726
leibnitz,70140
moustiers-sainte-marie,77658
orte,76181
pola de lena,73773
regen,86551
pinswang,729804
sarno,88591
schriesheim,71354
senec,71418
vila do bispo,88736
hinwil,173560
penarth,70866
alsdorf,68193
ronneby,23100
nauvo,85937
stachy,67519
wadowice,88215
sungai petani,106032
jalousle,719191
brodski stupnik,292849
buhlertal,68742
arcugnano,8994
cuntis,292852
don benito,198634
gross-umstadt,69486
jamsa,85927
kibaek,87734
la roda,292853
le barcares,77418
mafikeng,78667
oshawa (on),22403
pringle bay,78690
svingvoll,4873
reifnitz,71034
les pennes-mirabeau,77485
stams,140992
upton snodsbury,132946
swinbrook,292848
kuhmo,21386
sawahlunto,390127
shimoga,292834
sant miquel,713375
camiguin,105961
kudus,292865
pacitan,390119
san fernando (pampanga),180098
parepare,292837
higashiomi,248547
jindabyne,19402
sorong,390120
casares,73482
nui thanh,728012
banjarbaru,161765
bình dương,115678
sort,200057
broulee,706219
gorontalo,390132
brandon,79582
great ocean road - johanna,671572
taicang,79772
liaocheng,161130
armidale,5128
laidley / grandchester,142271
south mission beach,102398
murray bridge,142633
badger creek,710204
great ocean road - port campbell,9463
sarina,142408
strathalbyn,142682
agnes water,19546
bermagui,390157
hat kham,725719
lao cai city,106068
chambretaud,77037
terrasini,76604
silea,180951
skawina,88205
kumkoy,99457
ayvalik,19789
methoni (messenia),88293
fåvang,732472
hofn,19178
saldana,73813
benajarafe,87795
sully-sur-loire,87641
zamosc,16976
iglesias,75925
martinsicuro,76046
stribro,67521
chelmno,99276
saint-witz,20565
montone,76127
bonnyrigg,128455
silandro,88609
little bay,719251
isera,668702
stuhr,71618
loket,67495
cutro,162851
surbo,181816
nottuln,70698
castenaso,75710
samedan,68035
hafar al batin,99314
pokhara,5733
xining,79786
ca mau,115629
chitwan,19542
merauke,390164
ornans,192792
wanning,511631
benissoda,390205
anyang,106097
eastern samar,256218
pandan,728042
anyang-si,166833
yonago,108642
nakhon nayok,17789
rosignano monferrato,390211
swan hill,589
beruwala,14632
phetchabun,16089
towada,106567
munakata,251963
tasikmalaya,256223
abashiri,106700
iluka,78911
sarolangun,390221
guspini,172831
songkhla,17392
daqing,79924
leggiuno,715718
meylan,20499
civitella in val di chiana,75771
ossuccio,76187
santa susanna,21111
dolny kubin,69011
nieuwpoort-bad,70667
spezzano della sila,163004
tarporley,132682
sotira,707639
criccieth,68907
dramalj,69032
augustow,88171
thassos,14819
pfunds,87071
waterville (me),19836
rimbach,71085
gumpoldskirchen,69504
wernau (neckar),86630
saint aubin,716402
cento,75737
kungalv,67816
mieroszyno,704942
immenstadt im allgau,69833
weesen,68079
ashover,128057
grafenhausen,69420
mangalia,68107
zgorzelec,72849
domazlice,67471
gressoney-saint-jean,88451
samara,513634
drayton bassett,722855
castiglione delle stiviere,75715
trakai,72632
isafjordur,86174
gundersheim,69507
calceranica al lago,88363
gammelby,713598
sussen,71632
lavena ponte tresa,715716
alveringem,68223
lidzbark warminski,72743
lomazzo,75992
abbadia san salvatore,75427
orreaga/roncesvalles,713433
celle ligure,75736
vrchlabi,67528
kamakura,107284
ag. pelagia,718565
qingyuan,101011
taiyuan,79914
vis,71888
warkworth,21621
boca chica,18338
miyoshi-shi,251801
jiaxing,19373
nagaoka,107818
binzhou,161108
kadavu island,512727
apia,105623
jinzhou,390223
shiyan,160606
kalianda,709819
espinal,726990
tianshui,159851
methven,17398
kumbakonam,114719
kalasin,17788
cauayan  (negros occidental),390224
koka,250793
bovino,168411
ballyliffin,720497
naracoopa,728671
cowra,10850
kurrimine beach (qld),728377
mardin,21279
mahasarakham,214043
yercaud,19541
bigues,390247
mozarbez,73721
esztergom,67696
marawila,17330
east point (ga),104125
oxford (ms),20932
calamonte,99350
maardu,86234
sant' ambrogio di valpolicella,76484
zelezna ruda,21150
wincanton,72106
borgarnes,19124
piekary slaskie,88198
petrignano,76233
umkirch,71824
holzminden,69763
dossenheim,69028
balderschwang,68428
grasten,72643
terme luigiane,669052
ispra,16032
isernia,75932
vrhnika,85922
syvota,242447
wörth,140235
anthering,98801
thakudwara,737041
nazelles-negron,87490
belmonte calabro,75526
al masnaah,720515
yuzawa,106278
nam dinh,204065
jeongseon-gun,212719
chamba (uttarakhand),513244
madagui (dalat),226261
moradabad,30368
palakkad,21059
nileshwar,512679
bhaktapur,16964
english harbour,105621
reamstown,153377
ondangwa,671097
walvis bay,665609
katima mullo,671094
rand rifles,179237
frixe,667003
muxia,667266
skoura,85866
marion (va),23484
martin (tn),100362
greenville (il),100064
torremenga,667606
cobreros,717545
la baneza,199068
fornos de algodres,669327
drama,72982
sant'anastasia,163231
goudi,664298
elatochorion,236397
bevilacqua,167902
mutare,5816
playa hermosa (guanacaste),713169
potrero,102428
cassino,12014
sakon nakhon,214070
chirk,68838
tortuguero,102782
panchalimedu,724594
miaoli,287008
shirakawago,512701
yamanashi,18000
dhaka,1390
ella,106095
polpully,718748
cascante,512702
chachoengsao,127844
goondiwindi,10745
suphan buri,127898
donghae-si,212401
nalagarh,21061
ji'an,106087
kirishima,102506
highlands ranch (co),104277
simonsberg,716981
buraydah,21379
chaiyaphum,214879
karijini,512707
linkwater,718132
gympie,6207
gua musang,105937
semporna,106021
miyakojima,108228
cai be (tien giang),219881
savannakhet,512726
petralia soprana,178567
port sorell,390219
palaia epidavros,240632
dietzenbach,19154
kings beach (ca),104345
carperby,725543
poggio-mezzana,77765
lauterbach,86467
spitz,139376
saturn,68114
avelengo,88343
munnerstadt,70532
cabezon de la sal,73454
partinico,178407
trevélez,717474
riposto,88540
grandes-bergeronnes (qc),671617
lipno nad vltavou,67494
toro,11714
campbell river (bc),2380
zdiar,72204
cetraro,75747
tsangaradha,105848
arbizu,87780
aeschi,67848
hechingen,69619
wattens,87100
zuoz,68085
frondenberg,69304
bad bergzabern,124233
sungai liat,669640
seri manjung,718048
calamandrana,75587
portopalo,76293
cadegliano-viconago,715478
westerburg,20653
byhalia (ms),78747
lesa,75967
canino,75621
damme,68939
capaccio,163073
burythorpe,708098
aberlour,68134
saint-geniez-d'olt,87573
stavros,242329
almadén (castile-la mancha),718423
mariazell,10342
muang xai,710708
muar,106028
jinzhong,427167
dien chau,221398
chefchaouen,213229
thai nguyen,115754
haryana,114510
susice,110197
amés,197982
oyster cove,717662
tegal,161741
salatiga,106070
duri,161798
tentena,512743
herceghalom,115282
steyning,71574
baishan,79853
kangar,88779
fraser hill,105644
aluthgama,166643
tokashiki,108069
serifos island,105163
west wyalong,1620
wonga,728657
badli,718780
xishuangbanna,479183
mai chau (hoa binh),226263
coles bay,102369
changlun,208190
hawley beach,728395
kudat,162414
teluk intan,162350
bergama,21517
dourdan,77163
podebrady,67509
mühlbach im pinzgau,729712
lapalisse,87387
mellau,70401
bad klosterlausnitz,86300
coings,187754
bozi dar,67466
medveja,86960
frauenau,69285
cerveteri,88398
torpe,182350
ron,71116
portel,21129
vatra dornei,86223
eforie nord,19155
pirgos,241175
arnedo,73396
la marina,73623
kylemore,719659
vama,86222
santiponce,717481
ennetbürgen,171030
brigels,168548
lenzburg,67970
macanet de cabrenys,73677
lenox (ma),9643
spalding,1182
west tisted,133131
howlong,390166
jerantut,162280
capestang,187072
sofiivska borshchahivka,723606
naga city,177217
fentonbury,512754
ridgedale (mo),104694
mae ai,205432
ha tinh,230985
villersexel,77866
bengbu,79707
lianyungang,79755
greater noida,739538
maebashi,21511
zhangjiakou,160417
jiuquan,159830
stewart island,17216
innisfail,142253
jingdezhen,79741
yasugi,108330
taketomi,108061
uenohara,108859
ichinomiya,106178
minami-alps,251526
shunan,254466
tsuruoka,108750
yonezawa,108755
shinjo,108742
toyota,106239
himi,108647
daisen-shi,247607
odate,106265
chikusei,247516
koga,106472
hitachi,107003
yurihonjo,256175
joso,249581
noshiro,106264
misawa,106291
yuki,107065
nanao,107088
ichinoseki,107130
yatsushiro,107411
iga,249033
gotemba,248097
galkanda,739640
satsumasendai,253753
chengde,79711
ou chrov,716359
edwardsville (il),22025
hikone,108269
chichibu,108193
fukaya,108194
honjo,248860
taranna,512779
nagambie,143200
huangshi,160591
young,15343
machida,108559
misasa,710690
hachinohe,21378
tateyama,108747
osaki,106953
ishinomaki,107527
huaibei,159509
yap,18092
tawonga,720970
st marys,513654
gerroa,512778
perintalmanna,718737
yiyang,160755
kyotango,251215
kalibo,174484
cozes,547657
surigao city,702026
ordu,178000
ageo,108186
nakatsu,106491
itoigawa,107782
joetsu,21627
panawuan,719283
suwa,107672
iida,107005
komagane,250811
kashiwa,106335
niihama,106406
saijo,106414
suzuka,107509
tsuruga,106449
yukuhashi,106519
shirakawa,108050
nakatsugawa,106598
kani,250126
tajimi,106605
nobeoka,107605
ena,108676
saku,107667
minokamo,251655
seki,107504
fujioka,106614
shibukawa,106628
debre zeit,512768
diu,512765
meerut,114759
kadiapatti,718788
thames,387
cheonan-si,169528
phayao,127871
my tho (tien giang),214967
nagarkot,512862
imouzzer des ida ou tanane,512799
west kilbride,133110
chomu,711933
test city,688637
cangzhou,160335
princetown,728473
westbury,512757
pambula,705305
sidbury,723885
sorsogon,102475
gundagai,214878
roxas city (capiz),20002
kibbutz inbar,512792
mount dandenong ranges,143180
valle di casies,512896
rahway (nj),22130
lekki,175541
nkob,102523
gerringong,512810
kalpitiya,390125
uleila del campo,667627
pisac,159007
wondai,142487
blyde,734627
wattala,183562
cachi,102532
pasikuda,512859
chiang dao,204495
general santos city,172137
mallacoota,512959
silivri,180955
langfang,79754
anqing,79703
shangrao,160898
kota tinggi,162112
kingaroy,21434
iriga city,174145
manzhouli,160776
pemalang,513061
dahme,118039
longyan,79758
thoeng,207412
cserszegtomaj,67693
balthali,711915
kulim,162149
orlen,157757
joshimath,513129
muang khong,512736
morahalom,115011
wonju,280660
miyazu,19661
cariati,162816
burra,512885
inle lake,16931
guarapuava,105300
pangkalanbuun,710778
liuzhou,79757
almondsbury,68189
rathnapura,702167
portarlington,106003
gorokan,141608
hazeldean,718158
bribie island,142355
kuala lipis,211407
zaozhuang,161168
chizhou,159500
xianning,160614
midgham,99485
cheongwon-gun,212304
hadano,107267
waterval boven,512982
banlung,106085
szilvasvarad,512824
kratie,19821
pasir putih,162159
kinmen islands,286060
tiszaujvaros,67744
oiso,107317
cilacap,161718
rubielos de mora,667449
vitry-sur-seine,195681
agnone,165648
puer,161408
bowen,106109
hamada,108298
kurume,106477
ozankoy,718672
charnock richard,132451
moruya,512785
san juan del sur,21105
batu pahat,162093
banting,162443
aksu,79701
forge creek,512979
jiamusi,79735
maydena,512898
caramoan,709101
bozhou,159496
donsol,709105
tripi,182496
fang,127848
guzelyurt,512913
mokpo-si,18093
harthill-woodall,719555
gimpo,711249
matrahaza,512914
poulithra,241422
alotau,512977
shimanto,253981
polomolok,671675
numazu,108387
jiangmen,79737
shaoguan,79768
gorakhpur,21084
mandarmoni,702307
san javier,199904
bardiya,710241
sasan gir,17299
bhuj,671731
ravangla,513326
samut songkhram,214543
omapere,512974
gulmarg,30356
sao roque do pico,669380
madla,724505
yongin-si,78907
dhariyawad,711935
deer lake (nl),170189
winton (qld),671560
jiaozuo,105939
gunpo-si,212537
sebersdorf,140720
pontian kechil,211697
hay,6936
samborondon,725854
binangonan,167971
la union,175256
kiso,106926
agkali (nileas),719958
pacific palms,512958
purwokerto,161737
vlassada,718591
mount glorious,512947
tigre,21930
ciudad evita,671801
penguin,142806
iwakuni,108774
ashton,733262
ureshino,108182
rogoznica,512944
monte san giusto,165578
gero,106573
golden bay,17884
bhavnagar,19531
n. begur,718725
srikalahasti,513067
bela bela,513102
tiruchendur,513064
kempsey,10854
chittagong,512855
north haven,141809
les chapelles-bourbon,191090
hirado,107703
jozini,665209
amami ōshima,247084
modimolle,78675
tsuwano,255452
bluff,719145
seongnam-si,213000
gangi,171985
vailankanni,17305
arugam bay,390178
entroncamento,171041
heralec,513055
junction city (or),100200
jinju-si,174360
cassano d'adda,165091
bhilwara,114687
ladysmith,512758
uji,107461
lukovit,512783
boonah,712238
valmontone,164670
casas del monte,666820
katra (jammu and kashmir),512985
pegognaga,163783
yeosu-si,213193
ag. georgios (irakleia),719946
bourke,19496
coopernook,141517
babakan,161781
aidipsos,72984
ponorogo,513014
bekal,512980
chamba,21068
piombino,178683
thanjavur,114737
merville,77585
dechu,710361
olympic valley (ca),79895
tahoe vista (ca),78883
cuiseaux,512981
nepalgunj,513090
pataias,688421
petacciato,513141
pakbeng,21266
ha tien (kien giang),21673
nagato,108797
dalby,142191
minamioguni,710687
koh sriboya (krabi),105960
graus,198926
baluwapati deupur,718155
taungoo,720521
kalwad kalan and khurd,718084
tirunelveli,114740
pelling,21057
long xuyen (an giang),115622
nishimuro,252616
pemba,105405
keetmanshoop,21632
cao lanh (dong thap),204059
laragh,72908
bueng kan,513148
ozieri,178232
antipolo,166818
tuguegarao city,182541
aanyor,718798
green island,702188
namhae-gun,177241
athol,728255
narrandera,141796
shellharbour,513304
ait benhaddou,513156
roccalumera,76363
cherkassy,103018
newcastle emlyn,70636
san carlos (negros occidental),180078
salem,114730
tiruppur,114741
camperdown (vic),18894
besut,513165
saly,513153
vinh yen (vinh phuc),115735
bhiwadi,513176
shodoshima,717900
samosir,512968
angono,166772
dikwella,738757
ganzhou,79727
bellingen,512776
weligama,106093
bandipur,688618
musina,513205
avoca (vic),105611
qionghai,79765
trebic,110417
hulun buir,513233
adaminaby,713745
meinhard,663690
taihape,513290
gangneung-si,19041
ibusuki,107196
santo domingo (albay),709099
avinashi,720442
wadi rum,105930
balti,513197
phatthalung,214338
ophir,513219
zhuzhou,160766
kashgar,79753
altopascio,75454
suqian,160829
ganktok,513223
rourkela,17945
jurien bay,246857
stanford,78705
sorhakor,718779
sarlat,194535
richmondville (ny),151045
unchagaon,21045
bareilly,114750
jeonju-si,17831
graaff-reinet,513529
taghazout,513100
shirahama,254308
pasuruan,8026
jincheng,161221
canisy,513353
udawalawe,390180
cheruthuruthy,718078
chuzhou,159501
artvin,115933
bagdogra,724252
embilipitiya,170959
kanadukathan,513500
gimhae-si,212494
lake macquarie,372478
athirapally,513289
yamanakako,255885
beregovo,167791
sainte-croix,665071
mukteshwar,513347
scarlino,180604
unzen,255582
kimberley,7598
libertad (antique),728041
arnay-le-duc,721137
ambala,114505
oshima district,738876
sipalay,710902
manolo fortich,702236
bucine,105195
montecassiano,165582
hurley,69809
ain taya,718895
beng,725722
pathum thani,127869
dilsen stokkem,513235
mutsu,106293
kasaragod,702040
snowy mountains,17919
lai chau,18867
cavareno,513398
devdholera,718712
paki paki,719864
tarapith,513537
kashipur,114770
digha,710373
comacchio,163500
otjiwarongo,513412
wutaishan,471361
ise,249298
toora,513518
sen monorom,513400
hyde park,148028
devens (ma),717833
orsogna,162674
toba,107512
tahara,106225
murillo de gállego,717684
dapoli,514523
saputara,513029
howick,78651
kapit,211316
south hackensack (nj),100803
normanville,102391
yanbian,79805
kineta,238312
sainte-tulle,513425
karwar,30360
minakami,251524
machadodorp,693907
banaue,19476
shinshiro,106217
teda,719826
raiatea,18162
lao bao,225574
chandelao,718771
ilocos sur,390245
ankleshwar,114478
kumbalgarh,16853
recco,164876
baddi,390154
kanatal,513274
probolinggo,21721
market rasen,70346
linlithgow,70198
dunbar,86717
burton (pembrokeshire),131443
ticehurst,71717
maesycwmmer,131133
larne,79552
eckington,129547
hillington,722983
egerton,129572
gairloch,21328
ganton,69331
waterfoot,133033
evershot,69208
balloch,18923
glenshee,86740
powick,131846
carrutherstown,68799
hever,130328
muir of ord,70523
tarbert,103339
chittlehampton,708114
cumnock,129260
ballynahinch,86660
nether heyford,723158
lanark,99482
forres,4265
kirkcudbright,99481
larkhall,70106
alstonfield,127976
boston,18966
appleby magna,68257
wishaw (warwickshire),718808
saxmundham,71273
draycott in the clay,722854
thrapston,103340
holmrook,103274
pembroke,70864
eshton,129640
ilkley,9638
newton stewart,3065
billinghay,722614
comrie,708125
kingsbridge,69942
northallerton,70693
huntington,130495
hackness,69519
andover,68235
highworth,69693
strathtay,129803
altarnun,127977
ludlow,70280
penkridge,70869
coleraine,86701
delph,129329
dorstone,129006
eaton (cheshire east),721593
surfleet,132630
alresford,103226
wooler,72159
peebles,11846
laggan,86769
banchory,7662
pensilva,131734
willington (cheshire),721604
crummock,131052
arrochar,18919
holt (wiltshire),721510
leverano,175610
aberaeron,68125
hartington,130202
tideswell,132783
lydney,131107
worplesdon,86884
pillaton,131762
stillingfleet,132527
thornton-le-clay,721568
warwickshire,19581
galatone,171930
baler,671651
dunmurry,129444
carryduff,128797
caerleon,128729
newport pembrokeshire,671131
cruden bay,719306
hanborough,130154
orford,131609
rousdon,708479
north cornelly,131504
gullane,130095
bampton,68445
barnetby,128188
skidby,723291
thorpe-le-soken,663982
lingfield,130878
west lulworth,133114
corfe castle,129105
arbroath,128017
newtownards,131485
streatley,132591
cropton,708140
bishops castle,128366
wishaw,72129
aldbourne,127948
hindhead,130373
scarisbrick,132165
maldon,131145
hulme end,130484
dronfield,129408
daventry,12566
stonehaven,132555
dulverton,69049
goudhurst,129967
wedmore,133054
boscastle,128466
winchfield,133279
kingsley,130687
chalfont saint giles,128851
upper beeding,718814
albinia,75444
alleghe,75448
arcevia,75468
arcore,75471
azzano decimo,75496
miola,719116
calcinaia,19746
bossico,75562
branzi,512986
bresso,715351
campogalliano,75612
capo d'orlando,75632
cassano allo ionio,105199
castel guelfo di bologna,88383
castelfidardo,88386
castellaneta,169306
ceprano,75738
cercola,75739
cesana,165862
cetona,75746
colli del tronto,105204
colorno,163498
concorezzo,75795
crispiano,88421
canale,165815
fidenza,513069
cavallino,75725
celadina,719113
fiumefreddo di sicilia,512962
foiano della chiana,102298
fonte,75865
formia,105209
gallicano,88440
garbagnate milanese,75887
grassobbio,88450
ivrea,75939
lanciano,19201
lizzano in belvedere,671743
lonigo,75996
macerata feltria,88461
mattinata,8262
pontassieve,12176
montagnana,105221
montecchio (terni),672902
naturno,76144
belpasso,105191
noli,164841
opera,18795
orio al serio,76178
hansi,513452
sasso marconi,76505
porto tolle,76291
pennabilli,88514
pradamano,88525
san marco argentano,76431
san vito (cagliari),716022
pinzolo,76253
vermiglio,669115
siderno,8837
san giovanni in fiore,76420
porto san giorgio,14953
patu,105228
pizzo,19252
noventana,719140
pinerolo,76252
piraino,76255
ripatransone,76352
pieve a nievole,513207
quarrata,76316
bagnolo in piano,715416
san lorenzo di sebato,76428
tramonti,163256
vogogna,105256
volpiano,76705
bagnolo del salento,715415
tonadico,719076
bertinoro,163311
arvier,668659
boara polesine,168168
aci sant' antonio,715376
acri,162784
airasca,165760
altamura,162734
andrano,166744
angera,164966
corteno golgi,715249
aprica,164972
atripalda,163046
aversa,163048
avezzano,162569
balangero,165771
villaga,716158
bard,167504
bedonia,164693
bellano,164995
bellosguardo,167744
berchidda,167787
bereguardo,164997
bisaccia,163055
bitritto,168029
agrate conturbia,715382
borso del grappa,168359
boscoreale,163058
breno,165028
brugherio,165034
brusasco,165804
buggiano,168708
san giovanni d'asso,76419
buriasco,165805
buttrio,164122
caerano di san marco,168889
caldaro,168929
caldonazzo,168936
nomi,177512
campagnano di roma,164436
campo di trens,169020
campodolcino,164725
canelli,165819
canicattì,169068
canosa di puglia,169081
canossa,163371
caprarola,164446
capriva del friuli,164131
capurso,169127
carate brianza,165063
carbonia,169153
cardano,169155
carisolo,169168
carrù,165829
casacanditella,162595
casarano,169264
castel san giovanni,165096
castelbellino,163433
castorano,165537
castrocielo,164473
cavriago,163453
cazzago san martino,165105
cellino san marco,169377
cermes,169403
cerreto guidi,169410
cervignano,164151
chiavenna,165115
cittiglio,165124
coccaglio,165128
cocconato,165869
aramengo,715405
codroipo,164157
colbordolo,163492
conco,169824
controguerra,165548
corbetta,165137
corigliano calabro,162841
corridonia,165549
corropoli,165550
cortemilia,164767
crema,165145
crespano del grappa,169994
dattilo,170155
domodossola,165158
fauglia,171362
feltre,171403
ferentino,164507
fiume veneto,164183
fivizzano,164783
flaibano,164184
follonica,171576
fondo,171577
brez,715470
montefelcino,715793
formigine,163557
fortezza,171668
francavilla fontana,171693
frascineto,162869
gambara,165177
gambolò,165178
garlenda,165708
sturla,164920
godega,172313
gordona,165198
grezzana,172550
grisignano di zocco,172579
grosotto,172602
grottaminarda,163130
grùmolo,172667
illasi,174012
jesi,165561
laces,175275
lagonegro,163133
lari,175426
lariano,164540
latisana,164213
laveno mombello,165224
roccamorice,715952
lido di spina,163656
loiano,163657
lonato,165239
lu,165942
magliano sabina,176091
maida,162901
maierato,162902
manoppello,162660
manziana,164551
nocera terinese,671263
martirano,162908
maslianico,165263
matino,176447
meina,165266
melfi,176530
melzo,165270
mentana,164554
merate,165271
mirabella eclano,163152
molfetta,176811
monclassico,176843
mondavio,163720
monsano,165575
monta,163723
montale (pistoia),715781
montalto uffugo,162927
monte san savino,176892
montecarlo,176895
montecorvino rovella,163158
montecosaro,165583
montegiorgio,165587
montemagno,165970
monteprandone,165591
monterado,163737
monzambano,176957
morbegno,165285
mormanno,162931
albosaggia,715389
villaggio resta,183283
nardò,177273
noale,177488
nove (vicenza),715832
novello,165980
novi ligure,164842
alfedena,715267
oppeano,177981
orbassano,165984
oria,178011
ortona,162675
paderno dugnano,165320
palagianello,178267
santa maria di licodia,716033
vigo di cadore,716151
piana degli albanesi,178605
piccione,178621
poirino,166007
polesine parmense,163813
polla,162769
pollone,166008
pomarance,178793
pontremoli,164868
carema,165826
pont-saint-martin,165728
porto torres,178917
porto valtravaglia,165356
brezzo di bedero,715471
portogruaro,178921
postal,178935
pragelato,166011
pralormo,166012
premeno,165360
recoaro terme,179308
refrontolo,179323
rocca di mezzo,162695
rosate,165383
rozzano,165389
sabbioneta,163883
sacile,164331
salzano,180012
san biagio di callalta,180076
sant'elia fiumerapido,164631
san ferdinando,162977
san fior,180102
san genesio atesino,180111
san ginesio,165621
san giorgio in bosco,180114
san michele all'adige,180167
san pietro vernotico,180199
san prospero,163942
san salvo,165681
san severo,163948
santu lussurgiu,180455
sarentino,180541
sassoferrato,163973
savigno,163974
savogna d'isonzo,164350
scala,180598
naz-sciaves,715828
sinalunga,180998
sirolo,165632
solferino,181336
spiazzo (trentino-alto adige),725692
staffolo,165634
stradella,165427
tarano,182013
tassullo,182031
maissana,164818
teglio,165433
telgate,165434
borgo valsugana,715464
tenno,182094
teramo,162712
terlago,182115
termeno,182118
terricciola,182129
tires,182224
torno,165435
torre santa susanna,182359
tortona,166088
transacqua,182435
treviglio,165444
tricase,182481
trino,166092
triuggio,165446
tufino,163257
turriaco,164386
turrivalignani,162723
urbania,164034
valdobbiadene,182870
valenzano,182886
vazzola,183079
vedelago,183087
venzone,164393
vercelli,166104
viagrande,183164
vicopisano,183177
vignola,164054
villa cortese,165481
villafranca in lunigiana,164942
vipiteno,183353
vittuone,165492
zagarolo,164678
monterotondo marittimo,715806
montegranaro,165588
borgo a mozzano,715459
barolo,713181
albaretto della torre,713763
umbertide,76647
corbes,99012
anduze,103495
barjac,105677
bartenheim,76880
baume-les-dames,87229
danjoutin,20397
belley,6903
bourbon-lancy,292831
verrieres (alsace),713829
sainte-terre,194042
cavanac,714434
pont-scorff,687222
caudebec-en-caux,77016
chablis,21168
chateauneuf-les-martigues,77065
tourlaville,78204
cluny,87297
colombey-les-deux-eglises,77101
courban,103519
cuers,77143
gruissan,11750
hazebrouck,77300
la roche-bernard,77372
la seyne-sur-mer,20453
la toussuire,103543
laguiole,1013
le menil,77439
saulce-sur-rhone,194570
santa-reparata-di-balagna,687456
locronan,77504
loriol du comtat,103558
luynes,4920
saincaize-meauce,714811
montagny-les-beaune,77613
montauroux,87463
arbouans,185742
tulle,18403
nevez,77678
orgon,77704
pezenas,77735
pierre-buffiere,77738
pontlevoy,103575
rambouillet,20535
rochefort-en-terre,77912
royat,77928
saint quentin sur isere,103593
conca,686700
saint-maximin-la-sainte-baume,78352
saint-jean-pied-de-port,715225
schiltigheim,3101
sisteron,1169
vars,77821
vesoul,6740
veyrier-du-lac,77836
villars,77851
pléneuf-val-andré,718106
saint jean en royans,719258
saint-georges-sur-cher,194094
selestat,14807
durgapur,21640
kakinada,513015
roorkee,114774
corcubion,87841
rockingham (nc),22486
northwood (ia),104575
dickson city (pa),23578
brockton (ma),21975
clinton (ok),23181
toukley,19829
maize,146862
polyanytsya,665509
didim,67761
çavuşin,719212
cumhuriyet (izmir),720275
ozdere,86002
kamenets podolskiy,103024
kayseri,20718
kucukkuyu,85998
tasucu,717441
akyaka,166369
rovno,103035
yaylabağı,720884
samsun,180051
van,292843
rajula,671658
brezice,111106
four mile creek (tasmania),733829
climping,9152
polyana,671634
raposeira,720263
kombornia,669502
stare babice,158303
faberg,103386
pisz,157875
kaliszki,88181
geiranger,322
alfarim,705238
vila real,73345
miranda do douro,14652
kedzierzyn-kozle,72716
aljezur,88675
rauland,103401
slupsk,72797
lysomice,72748
zblewo,72846
serta,73312
walbrzych,9228
angelbachtal,86290
babenhausen,68313
fischerbach,103193
neuenkirchen (heidekreis),717018
nehren (tubingen),713654
neuburg an der donau,116679
savonlinna,102674
jonsdorf,713604
punkaharju,102673
schonau an der brend,68759
kajaani,12143
neuenburg,121122
dahme/mark,717102
mayen,70383
laukaa,102670
dammbach,513218
vreden,71900
list (sylt),671120
bad bodenteich,68330
weingarten (baden),716743
steinach (bavaria),716817
dranske,69033
kirchheim,69957
ducherow,69043
ellenz-poltersdorf,69134
weilheim an der teck,86627
enzklosterle,69166
schortens,71350
nidda,119216
ludwigslust,70282
rodenbach,8428
kronach,70046
erwitte,69185
bayerisch eisenstein,68481
kobuleti,512695
dobel,69002
coesfeld,68869
senftenberg,71420
borgerende-rethwisch,68635
sagard,71179
bayerbach,713652
ahtari,85925
beetzsee,716834
deutsch evern,713669
malchin,86483
kloster lehnin,717097
korswandt,70027
altensteig,68211
rimsting,71086
korpilampi,718948
rendsburg,71047
blunk,68607
eschede,86360
homburg,69766
philippsreut,102189
leinsweiler,70146
stein (furth),716782
randersacker,71002
trittenheim,71774
klotten,69993
asbach-baumenheim,86294
schrobenhausen,86584
hiddenhausen,86415
bad lauchstadt,68372
borchen,86318
oelde,70759
schiefling,138764
wolfsberg,138824
strass im attergau,720488
jochberg,87037
altmunster,68218
hochrindl,16601
walchsee,71914
großkirchheim,719042
himberg,69702
stall,87092
grundlsee,69492
mariapfarr,70338
neuhofen an der ybbs,70599
tranas,99431
vasterhaninge,102856
leksand,102845
ramnicu valcea,19267
zalau,19337
ardez,102859
amal,102827
nassjo,102846
hallsberg,102835
filzbach,102873
tanumshede,102154
martin,103372
motala,1938
arboga,102828
ullared,182672
loddekopinge,21117
katrineholm,102839
alba iulia,19932
brzeće,719925
kelebija,723542
albula,716273
solvesborg,102852
emmaboda,102833
dio,67801
vogorno,721661
terchova,136153
zinal,102901
sezana,67665
hjortkvarn,173590
alpnach,725916
sankt niklaus,86158
leskovac,105438
uri,716294
bacau,13488
nidau,177442
tomelilla,86085
tschierv,68064
askersund,102830
val-de-travers,665106
ljubija,718918
hassleholm,102836
smarjeske toplice,19801
baile herculane,86198
dorneck,716288
rajecke teplice,86930
velka lomnica,19775
dunajska streda,86925
stalden,86162
ulricehamn,99432
horná lehota (banská bystrica),719721
undersaker,67845
palic,79694
åkerby,166352
ekero,86027
slatina,20007
moss,15469
orkanger,5789
batumi,11350
gorinchem,19168
den dungen,145860
donore,72889
agii apostoli,12893
chorefton,105106
aridaia,79321
árnessýslu,728019
leros,21377
zabljak,105453
skyros,105168
klavsion,238370
siauliai,87707
annascaul,732578
zalacsany,99137
votsi,243168
keramoti,238090
areopoli,236552
uden,102226
kampos,237452
oroshaza,85971
paralion astros,240879
artemision,235554
san gwann,180122
baja,85957
oldenzaal,72485
monodendrion,105815
saulkrasti,87152
haarlemmermeer,713229
stoupa,73115
amfiklia,105730
howald,720382
struga,103056
zeewolde,72615
kidjaberg,709976
castricum,72313
hella,18202
rosslare,15164
asprangeloi,105740
kardamili,237552
huizen,72417
kalamos (argalasti),719948
vestiena,87156
paxos,236897
skogarfoss,86177
hvammsvegur,734965
miloi,88294
lamia,105136
katerini,73026
sesi (grammatiko),718585
vestmannaeyjar,86179
ibi,199001
alhama de murcia,197950
santomera,200005
pravia,79541
nambroca,73730
mairena,199376
torre del compte,103809
mairena del alcor,199377
bullas,198279
ibarrangelu,73596
estepa,73558
la fresneda (aragon),717679
burriana,198288
sopelana,73880
camargo,87822
burela,198284
talavera la real,200082
villena,200358
san miguel de salinas,199931
alzira,15129
laguna de duero,199195
baza,198164
camallera,198332
los palacios y villafranca,73669
la garriga,102422
minas de ríotinto,199466
beniparrell,198212
cocentaina,198549
ubrique,200170
pechina,199674
cobreces,666873
valdaliga,667641
beasain,198168
elorrio,198739
gipuzkoa,718264
olula del río,199605
torredembarra,88009
premia de mar (maresme),713415
quintanilla de onésimo,717532
portomarin,716443
cartes,198413
tomelloso,200115
ourense,19419
villanova,106081
cazalla de la sierra,712055
pizarra,199717
burgohondo,103659
larraga,199206
cubells,198611
montemayor,199505
rus,717470
caravaca de la cruz,666801
fortuna,198825
berchules,73431
valdes,200211
motilla del palancar,199530
benalup casas viejas,73427
san esteban del valle,73824
hospital de órbigo,198981
villarrobledo,200350
los arcos,199311
laias,103715
sorbas,73881
motril,10907
olaberría,199591
bergondo,198222
ablitas,103637
alcala de guadaira,73363
alhama de granada,73375
archidona,21112
villanueva de los infantes,73599
cacabelos,198309
mataro,102415
puente viesgo,73789
pont de molíns,199730
velez de benaudalla,512738
alcalá de los gazules,197904
najera,102260
arenys de mar,198030
campdevánol,198346
massanet de cabrenys,73688
vilallonga de ter,667675
la palma (murcia),727478
jumilla,199051
arzua,73402
gibralgalía,727643
ontinyent,717637
los corrales de buelna,73666
cercedilla,198501
tafalla,200074
peñafiel,717533
urretxu,667634
pozoblanco,199748
finestrat,79464
alcaraz,197913
villanueva del arzobispo,103827
san celoni,73822
ermúa,198752
villacarrillo,200307
bollullos par del condado,198249
anglés,197992
puente la reina,103762
chantada,73498
balaguer,198103
cabezabellosa,717707
mancha real,199385
villaharta,200314
meis,199452
alhaurin el grande,102313
gaucin,711744
olivella,199600
la nucía,199141
grinon,87878
santa barbara,199964
mijares (castile and león),717531
mocejon,73698
ajalvir,197884
calatayud,9408
miguelturra,199462
benifallet,198203
la ampolla,199063
tarazona,103804
la puebla de arganzón,199156
el pont de suert,103689
valverde del camino,200252
soto del real,73884
miguel esteban,199461
san juan del puerto,199911
prades,199753
moncada,199485
galera,672877
algarrobo,197941
monasterio,199484
vilamaior,727189
ikast,103616
buzet,136285
stege,197477
kromeriz,102626
mikulov,102627
telc,102631
blagoevgrad,68590
benice,109366
dendermonde,68965
novy jicin,102628
gammel skorping,72642
loucen,85890
melnik,110254
březiněves,720326
paliseul,70839
ugljan,686350
pyla,720414
erondegem,69183
zdar nad sazavou,85905
ricany,98963
velika mlaka,136404
oudenaarde,70822
potamitissa,719165
pano lefkara,85907
doksy,545119
strazne,67520
kranevo,86947
elverum,4493
lubenia,157417
kirkenes,4831
stokmarknes,103406
são pedro de tomar,733054
zgierz,158804
evenskjer,103385
paredes,73266
bielany wroclawskie,667952
myrkdalen,720556
jevnaker,103392
mandal,103397
nordfjordeid,16110
kudowa-zdroj,72737
jugowice,72711
evje,69210
matale,176435
ben tre,204056
tullah,669529
schwarzen,71369
klingenberg,7693
ljungby,7186
herleshausen,1629
derwent,142737
mangonui,512710
whangamata,17883
pyay,513491
dahej,78899
dieng kulon,728076
vizzini,183401
clyde,513497
bauang,713198
tokamachi,107858
mandalay,9299
richfield (mn),585
rio hato,103838
connewarre,142960
roxburgh,706211
vrindavan,114763
dong ha (quang tri),204067
ranchi,8976
crayfish creek,513524
matamata,21608
phong nha,228387
nemberala,734855
geoje-si,212469
manihi,18160
awara,106427
ross creek,728485
meishan,160276
liuan,159522
ngwesaung beach,513478
thai binh,115753
tongling,159543
goyang-si,212527
rangiroa,19728
motta de conti,513626
sukaresik,719782
mayiladuthurai,513632
selce,18323
hampi,30357
sidney (mt),104771
bonnyville (ab),168309
minoh,108133
wirrina cove,513168
lido degli estensi,512933
great ocean road - wye river,143397
chatillon,169511
muswellbrook,5427
nanyang,79762
port shepstone,178880
levin,110699
kampung raja (terengganu),720986
tsumagoi,255402
mukah,211578
beqa island,18300
hangatiki,718130
gellibrand,513616
te kuiti,102482
si thep,214600
puyang,160533
kruger national park (limpopo),737747
tutukaka,14181
dipolog,19958
catarman,702288
borongan,702289
masbate,176409
valencia (bukidnon),702234
ormoc,178025
maasin,702262
sogod,702264
baybay,702249
ipil,174130
ozamiz city,512939
pagadian city,512930
sabak bernam,211836
liposthey,513604
shahpura (jaipur),718768
aire-sur-la-lys,76780
ahipara,513296
bukfurdo,19092
wellsford,702171
swakopmund,1869
taean-gun,181896
kotapola,716205
heze,161118
lakeway (tx),100249
troutdale (or),22198
pricedale,153367
narbethong,728425
arau,207750
ragalna,688286
tikehau atoll,18164
neerim (gippsland region),143205
hinoba-an,711076
agios vlasios,234777
kota belud,211363
xiangtan,473186
namwon-si,177254
xuancheng,159560
meizhou,159981
lauf,175462
point lonsdale,143247
kryvy rih,103028
avatele,710200
geraldine,21597
khirasra,718713
xinxiang,160558
thellakom,719789
musselburgh,86805
palapye,512991
selibe-phikwe,513655
badulla,167320
deogarh,669522
kenton-on-sea,513676
veli losinj,71866
hitachinaka,712969
rudrapur (uttarakhand),513647
ujung genteng,669520
truth or consequences (nm),23179
alvarado (tx),99522
donegal (pa),99881
mathews (la),717984
george west (tx),514346
bonifay,200784
alpine (tx),23307
sweetwater (tn),23184
sylvan lake (ab),98938
tomahawk (wi),100865
torrington (ct),19834
tunkhannock (pa),23281
tybee island (ga),100874
vidalia (la),100893
evans (co),99948
farmville (va),4992
fort scott (ks),23463
franklin (nc),5996
franklin (va),100001
government camp (or),23430
grand lake (co),104222
lake city (ky),720058
groves (tx),104239
guerneville (ca),104241
harpers ferry (wv),100095
havre (mt),104264
hempstead (tx),100114
hinckley (mn),100129
hodmezovasarhely,115004
incline village (nv),17510
international falls (mn),22639
jewett (tx),100187
johnson creek (wi),104319
kadoka (sd),23183
kelseyville (ca),104329
kenai (ak),23134
geneva (ny),20841
lake mills (wi),100243
lakeport (ca),23373
lavale (md),20459
lexington (tn),23485
lexington park (md),864
lillooet (bc),98885
lincoln (al),100291
mendocino (ca),104466
louisa (ky),100318
lytle (tx),100334
mandan (nd),104431
manor (tx),100348
linda (ca),717741
menomonee falls (wi),100395
middletown (ct),100404
midlothian (tx),100407
mifflinville (pa),100409
millville (nj),100419
chesterville,151838
naugatuck (ct),100479
new florence (mo),104543
new london (wi),100493
westfield (nj),100947
scituate (ri),720159
northfield (mn),100513
okoboji (ia),23348
old orchard beach (me),12287
oskaloosa (ia),23436
palmer (ak),104609
peosta (ia),104627
phillipsburg (nj),100593
pineville (la),100603
plover (wi),100613
port hueneme (ca),100621
post falls (id),23290
riverside (al),100677
rochester (in),100680
rogersville (tn),22522
savoy (il),100746
somerville (tx),100799
cross lanes (wv),155635
spindale (nc),22864
new port richey (fl),23289
fort indiantown (pa),718507
meriden,70422
ottobrunn,3560
new smyrna beach (fl),22451
pentre halkyn,721535
santa ynez (ca),104729
allendale (mi),99516
anadarko (ok),99530
antlers (ok),103865
elkton (tn),717836
ashland (wi),17802
battle mountain (nv),103895
bellefonte (pa),22347
belleville (ks),99603
berea (ky),23567
bluffton (oh),99641
bowie (md),14023
bradley (il),99659
bridge city (tx),99668
cabot (ar),99698
cache creek (bc),14750
camas (wa),21991
camrose (ab),98848
canton (mo),99715
carlisle (ar),99721
castlegar (bc),17459
hanover (nj),718017
chalmette (la),104007
chanute (ks),99749
charles city (ia),99750
clarendon (tx),104030
clinton (mo),13244
clisson,187723
winchester (tn),100981
decorah (ia),23344
defuniak springs (fl),22014
demopolis (al),22740
dyersville (ia),23495
eddyville (ky),104128
eldon (mo),104139
east ellijay (ga),667814
emmitsburg (md),99934
estevan (sk),103168
waterville valley (nh),149934
hazlehurst (ga),23507
red oaks mill (ny),717890
avon (in),671152
cherry point,151348
suwanee (ga),11620
hutchinson (ks),15703
hamilton (al),100079
bryan (tx),23569
covington (va),99830
milledgeville (ga),6704
bastimentos,706751
torrey (ut),17674
ridgway (co),21480
mooresville (nc),20911
orange (va),22976
weed (ca),100928
warren (oh),22902
hudson (wi),23590
brinkley (ar),14491
madras (or),23408
munising township (mi),718237
richmond (ca),23719
elk mills,147758
northeast harbor (me),78849
rantoul (il),23237
scottsdale,142823
celina (oh),22532
decatur (in),99859
rockport (ar),717962
pottstown (pa),22124
arkadelphia (ar),1088
northwood (oh),22100
rialto (ca),23149
brandon (mb),21755
la grange (tx),23431
mont laurier (qc),98892
white bear lake (mn),104988
thompson (mb),20668
warren (in),100910
westminster (ma),11053
westmorland (ca),100948
whiteville (nc),22508
parkers crossroads (tn),720162
williams lake (bc),7079
winthrop (wa),100988
wisconsin rapids (wi),100989
zion (il),105033
zumbrota (mn),101009
belle vernon (pa),4820
mc kean (pa),100378
so. sioux city (ne),104785
tysfjord,513673
oak hill (wv),22654
opotiki,21615
vinh long,115734
seymour (mo),514149
mcgregor (tx),514255
calera (ok),514432
california city (ca),514430
dayton (tx),514381
latta (sc),514282
henrietta (tx),514320
west helena (ar),514098
johnson city (tx),514301
lawrenceburg (ky),514281
paris (ky),514205
mansfield (la),514262
greensburg (ks),514335
caledon (on),168937
spring hill (tn),514144
walkerton (on),514114
colfax (wa),514397
sooke (bc),9142
richland (ms),514174
red river (nm),150366
taylor (tx),514131
dexter (me),514380
avoca (ia),514460
nashville (in),514232
stanton (tx),514139
high prairie (ab),514319
twain harte (ca),514123
joaquin (tx),514303
fort davis (tx),514354
union pier (mi),514121
ilwaco (wa),514312
nashville (ar),514233
carrizales,719637
fairfield (vt),514361
piney point (md),514193
captain cook (hi),514422
lacombe (ab),514287
milton freewater (or),514243
livingston (tn),514276
kahaluu (hi),732180
melbourne beach (fl),514251
centerville (tn),514412
red lion (pa),514177
monkey island (ok),720197
lakeville (ny),514285
oxford (md),514208
haysville (ks),514324
norton (ks),514219
bernardston (ma),514450
mazamitla,514258
osjakow,514209
winhall (vt),718303
goshen (va),514338
mcminnville (tn),514252
glade spring (va),514343
kasane,922
somnath,711819
amakhala game reserve,719244
wallaroo,514508
guaymas,19897
kiari kham,718804
putian,105632
wenchang,160301
vattavada,724740
everest region (nepal),669595
klaten,512875
nanyuki,103843
rach gia (kien giang),106012
wolfurt,141117
karlsborg,174593
storlien,181689
hovet,136618
smithers (bc),12005
aysgarth,99463
fevik,136541
kyustendil,136188
sarzeau,194553
hirschegg (vorarlberg),671581
villa de leyva,102625
kvilda,721628
vielsalm,71878
lebanon (nh),23169
seligman (az),78871
bach,140262
falmouth (ma),3821
elkton (md),15240
karis,111718
haparanda,173132
golden (bc),12533
alsóörs,115526
alvdal,136738
kfar giladi,87120
pirapozinho (sao paulo),671296
bocapán,719348
tuckahoe (ny),718694
la pulente,716405
bathsheba,103153
bransford,128531
samana,5745
devizes,68979
brough,68718
nea peramos,240259
auchterarder,18920
leven (fife),672893
gestingthorpe,703210
hodenhagen,99083
puerto nuevo,718632
lac la hache (bc),17533
meredith (nh),100397
saint simons island (ga),100726
tollard royal,132814
chelan (wa),104016
amherst (ma),99526
playa conchal,102429
grimbergen,134973
paliovarka,728321
tilos,668464
tornio,112811
celakovice,109859
inari,111584
raritan (nj),22132
lugoff (sc),100324
rio das ostras,179489
gordonville (pa),100043
san fernando,103001
breitenbrunn,138446
desert hot springs (ca),21788
anamur,671088
teresópolis,7161
utne,137115
sao sebastiao (sao paulo),512976
uitenhage,182659
san pietro in cariano,672955
kiveri,238359
sinoikia kato trikalon,105838
mercato san severino,163151
llanbedr,723061
neckarsteinach,119201
hanko,111445
canela,105281
pamhagen,138511
tequesquitengo,103122
yvoire,195808
kalkara,174487
águas de lindóia,166287
gemla,172124
ulvila,112835
povljana,86965
abcoude,184101
mitikas,240064
mar de las pampas,102557
salto,19012
cupra marittima,75814
sinop,181045
taboão da serra,181886
edlitz,138903
ladbergen,70072
budenheim,124301
dullstroom,78634
cabarete,16715
jois,138472
herrnbaumgarten,139024
iphofen,69843
aarberg,166122
chomutov,110319
klatovy,110158
malacky,135923
tremonton (ut),100868
jantar,156938
sandomierz,158173
zagórze,158734
hatzendorf,140416
koroni,238618
postbridge,131834
grinton,708230
hawes,130240
otwock,157791
dabrowa gornicza,156602
jirkov,110330
reszel,158076
krasiczyn,157250
zapopan,78576
kahl am main,116160
pereira,118
triptis,127711
ostrau,125671
100 mile house (bc),1278
dumbarton,129427
abha,9894
roubaix,8886
fort mcmurray (ab),78517
penedo (rio de janeiro),671293
mehamn,136706
tajo alto,720865
brusson,88358
keimoes,709276
mouresion,240142
santa cristina gela,180349
cammarata,168987
faedis,513375
agulhas,78602
czechowice-dziedzice,156565
memmingerberg,116563
malling,196974
uderns,141006
maasmechelen,134514
nueva palmira,720905
windham (ny),105007
busalla,164717
plesio,76259
ziano di fiemme,184023
san vero milis,706143
povoletto,164294
rickenbach,179437
ruderatshofen,663772
tuffbad,138797
gargellen,141058
wiler (lotschen),716298
tienen,135215
ochtrup,123496
kelheim,116206
kamperland,184572
jan thiel,688463
nassawadox (va),514231
burns (or),99694
caldwell (tx),671162
eloy (az),20402
mableton (ga),88113
novato (ca),1234
saint george (sc),100714
stonington (ct),104857
south boston (va),22533
fort smith (ar),19851
arborea,21774
pramanta,241441
avlemonas,235698
angvik,137131
curtatone,715624
annapolis royal (ns),514470
frydlant,109757
tombstone (az),4404
kappl,140913
bayahibe,11854
aliseda,717711
krynica morska,157289
pasym,157825
hoeven (north-brabant),728692
soesterberg,185103
serra negra,672950
roncegno,179626
borgo,76946
civitanova marche,105202
mina clavero,102558
bouxwiller,186748
beaver creek (co),103903
ballena,672925
heinola,111486
kiskunhalas,114816
paipa,21246
dalen,138156
vejen,98979
nefta,12544
mounds view (mn),104505
buren,144626
terborg,145242
nieuwveen,184794
beatty (nv),17437
zonguldak,115964
wurster nordseekuste,713695
hardeeville (sc),22155
saldus,144203
tristach,141003
tafi del valle,102574
sesriem,103061
templeglantine east,732598
maishofen,140122
çorlu,169884
summerland (bc),98936
langogne,190410
lalbenque,547931
alleins,185594
daux,188173
colombiers,187778
vouvray,195714
zuberec,136164
chamois,75748
marsaxlokk,176378
konstancin-jeziorna,157186
gorzno,158877
lake country (bc),98882
hintersee,140080
copacabana,102635
new stanton (pa),23603
rydzyna,158140
sarcelles,5463
ollantaytambo,105047
piura,105051
santa elena,671145
puerto guadal,21287
paterna de rivera,199671
elafonisos,236379
pujaut,193369
ligist,140523
fendels,140868
stadtkyll,124950
nolay,192637
la leóna,719223
rehovot,143870
mozyr,110582
fliess,140873
magnolia (tx),100342
hainzenberg,140891
lompret,191481
tunuyan,21230
kolmården,174892
passade,126971
fitjar,136912
tennevoll,138288
nógrádgárdony,513009
zirc,115580
napanee (on),20723
vista (ca),100898
steinbach (mb),103177
aristi,235495
konjic,127792
hogansville (ga),100131
bukovica,110951
prebold,111190
rudolstadt,127629
stallings (nc),717759
ciudad valles,99216
birch bay (wa),672231
vogelgrun,77882
åshammar,167062
munkedal,177133
thum,125819
rossland (bc),10710
barbezieux-saint-hilaire,186090
charlieu,187400
borgomaro,164705
lednice,109601
antei sant'andrea,715402
garzeno,715674
bretigny-sur-orge,76967
mozzagrogna,162671
racines,179158
guillaumes,189292
pretoro,162689
sauve,194591
melendugno,76057
ceriale,164748
falcade,171297
hauteluce,189373
pollica,513622
cogoleto,164756
tregnago,182451
culleredo,198620
sandhausen,117938
nazare paulista,716241
valcha,110421
besigheim,167874
leidersbach,116412
kaltenengers,124570
asni,78579
ouzoud,85864
tiznit,18800
namsos,137479
rio claro,179488
oppurg,127575
rjukan,86984
laax,175263
portalegre,102309
bomporto,163319
rothesay (nb),86269
pamelia (ny),719415
sand (rogaland),735866
aarschot,134821
winston (or),100987
torsby,182381
sancoins,194506
salla,112595
piriapolis,103363
tito,162779
santa paula (ca),100734
assis,167101
savannah (tn),100745
le bourget du lac,103545
narragansett (ri),23487
conway (nh),514393
schwarzenfeld,117301
ingelfingen,174073
gardelegen,126022
milford (pa),23235
beach haven (nj),99584
seljord,138207
johannesberg,116147
marsascala,16935
heiligenroth,124492
eden (nc),20815
veliköy,728895
thornybush game reserve,19695
joniskis,195953
warka,158555
lake kathlyn (bc),725992
alla,166500
amasya,115895
haarby,196532
càbras,168857
vikingstad,183218
jystrup,196770
jelling,196752
dunmore (pa),79642
gnesta,172303
pucallpa,159055
bacalar,512762
itapema,21730
ingelstad,174076
tecoh,512827
copiague (ny),88063
saquarema,180535
schlierbach,139897
perleberg,118282
oberpullendorf,138503
vrbno pod pradedem,109841
aars,196035
kumla,175067
scheemda,145450
sankt anna,701901
tapalpa,23645
yanque,671234
jaroszowice,156942
tschagguns,141111
oberasbach,116749
poniatowa,157925
pond hill,720861
scansano,180602
montebello (qc),17740
rigaud (qc),86268
saint-charles-borromée (qc),718040
granby (qc),86252
sainte-adele (qc),9700
eskilstrup (falster),726924
ihtiman,136228
sainte-marie (qc),78531
île-perrot,174001
baie-sainte-catherine (qc),17429
vara,182969
louhans,191539
wofford heights (ca),514086
munkebo,197013
boolteens,159282
fort saskatchewan (ab),23633
vasad,115339
springbok,181514
krimml,140106
pillberg,140962
marstrand,176382
wells (me),21016
kamariotissa,237420
sande,121332
hvide sande,196719
ronciglione,13913
knivsta,174842
ramberg (nordland),735742
oceano (ca),514215
cervione,187225
brekstad,137999
orsa,178036
puck,158007
moutsouna,240164
otomin,157787
bear mountain (ny),21964
gniew,156759
szprotawa,158438
penafiel,73268
de queen (ar),23468
são vicente,180522
steinsland,137852
markovo,136265
cornebarrieu,187887
stadthagen,121440
partille,178406
sebastopol (ca),22432
swartzville (pa),720147
reichenberg,179339
targu jiu,103015
bernbeuren,167850
zeliezovce,136016
nussbach,139779
heiterwang,140898
waldsassen,71925
kist,116247
nymburk,110268
presov,136045
prusanky,109628
steti,110288
vyskov,109657
prostejov,110058
rychnov nad kneznou,109707
korinthos,73035
nadarzyn,158923
bergneustadt,121913
port salerno,203066
limeni,239202
golfito,102763
vara blanca,726344
mullion,131390
karavostasion,237549
capilla del monte,102534
tepoztlan,514129
villa general belgrano,102584
strengen,140999
marau (bahia),671286
visconde de maua,671313
sao bento do sapucai (sao paulo),671305
garibaldi,172016
monte alegre do sul,712320
lindoia,672949
cunha,105292
são pedro da aldeia,180515
santo antonio do pinhal ( sao paulo),671304
socorro,105348
bocaina de minas,729429
bavay,186160
talange,194900
witry-les-reims,78232
bocas del toro,21100
khamis mushayt,3844
honefoss,21572
wolkersdorf,139481
sint-pieters-leeuw,135189
messini,239890
halbturn,138464
lohja,112068
langenselbold,119116
brenna,156393
myszkow,157610
annweiler am trifels,124219
ville,195556
bouzigues,186752
craon,188024
tourves,87654
thoury,195027
gouy-sous-bellonne,189142
bonneville,186588
mantry,191734
plougonven,193123
la gacilly,189958
belvedere,719192
gualdo cattaneo,172718
gennes,189010
zimmersheim,195817
champagney,187315
south brunswick (nj),104792
allex,185597
cabanaconde,719346
erquy,188464
reignier-esery,193514
laholm,175312
atherley (on),167117
louis trichardt,175882
machecoul,191622
morlaas,192416
rosheim,77922
bierne,186425
thouarce,195023
eching (landshut),716793
neuler,177392
entlebuch,171038
zelking,139492
gremsdorf,172536
geretsried,172155
marzling,116538
loiching,116466
tarp,127130
markt taschendorf,116526
vollenhove,185282
wallhalben,125007
stemmen,121454
wolfratshausen,117813
hammoor,122687
hausach,173270
wallern,138540
dornstadt,170480
wiernsheim,183682
friesach,138594
unken,71826
frammersbach,171690
neuweiler,177403
pulsnitz,125707
moosbach,116627
wernstein am inn,139993
brotterode,127276
herbsleben,127416
arvidsjaur,167021
otavalo,6030
ramos arizpe,103107
lavik,137002
vallon-pont-d'arc,77814
flers,188698
lucinges,191576
plogastel-saint-germain,704200
plouguerneau,193127
sampans,666258
roquemaure,193706
les loges,191196
auxonne,185959
auberville,185869
fleurance,188702
le portel,190872
aups,76848
cugnaux,188102
velaux,195355
meung-sur-loire,192060
vourles,195712
bischwiller,186454
wilsonville,203936
taunusstein,119451
privas,193336
beynat,186405
cazals,187180
albas (midi-pyrenees),720664
ungersheim,195196
eyragues,188576
audincourt,185893
donnazac,188271
megalo chorio,711674
szarvas,114891
rimforsa,99424
tau,137861
west nipissing (on),718035
thiendorf,125816
lindesberg,175704
tczew,158463
ljungsbro,175754
borghetto di vara,164704
lanvollon,190439
cucugnan,188099
rognonas,193667
ingwiller,189551
elne,188393
rochechouart,193637
uzerche,78224
neuvic (limousin),720729
heudicourt-sous-les-cotes,77306
banca,186066
correncon-en-vercors,87305
blaye,186495
clermont,102230
montluel,192326
marseillette,191853
mirande,192113
sommerau,715161
saint-gery,704280
champtoceaux,187343
mauriac,191930
ehrenhausen,140307
hankasalmi,111444
kausala,111762
les arcs,4577
ciudad madero,99215
los barriles,103093
tarma,105054
aguas de sao pedro (sao paulo),671268
seeheim-jugenheim,119413
heiligenhafen,126694
hyllinge,173894
hancock (mi),100086
menites,239807
lauro de freitas,712321
ploneour-lanvern,87511
meauzac,191959
riobamba,3003
lachen,175276
pirineo catalan,21346
can cartro,666786
playa flamingo,13624
tulancingo,182545
krathi,736887
gangelt,122512
jacona,719435
valle di cadore,182910
ifrane,106143
saudarkrokur,18205
collingwood (on),312
sitrusvlakte,734555
gries im sellrain,140882
buch am erlbach,168663
gaziveren,725783
polkowice,157918
bicknell (ut),17441
weymouth (ma),100951
benderloch,712384
san antonio de areco,102567
hasparren,189355
vendenheim,195365
brzeg,156407
havelberg,126074
radziejowice,158043
sandved,197306
velez-blanco,73930
ostheim,192810
l'anse-de-roche (qc),726040
chateau richer (qc),78513
ouirgane,102524
langeais,19202
dieulefit,188216
baud,186148
shawinigan (qc),17638
belmont,186286
pringy,193334
sierentz,194721
landen,135062
pfungstadt,119329
formello,102346
marmoutier,191826
pabianice,157805
zonnebeke,135853
bertem,134859
cimitile,163103
paal,134542
beerse,133613
sint-truiden,71470
toritto,182338
zwevegem,135854
taino,165431
kruishoutem,135472
bretzfeld,68687
cashel,627
canal san bovo,725586
alhama de almería,197949
balvi,144141
bandholm,196128
geersdijk,72371
salinas,19011
barrydale,167573
bcharre,390213
parry sound (on),9656
quinte west (on),718363
santa cruz,21474
obernberg am inn,139792
wieden,72073
otterfing,116873
parrita,102772
lac la biche (ab),98880
lloydminster (sk),9879
bomlitz,68631
obervellach,138709
leerdam,184664
finsing,171464
efringen-kirchen,170703
jachenau,116134
mariahof,140532
achslach,86281
mehring,116556
hirschegg (styria),103411
rhede niedersachsen,671125
kleinostheim,116264
schlitters,140984
furth an der triesting,729783
cártama,198411
kythira,238946
plouha,193128
tylstrup,197663
cabries,186988
kronstorf,139703
gorham (nh),8035
slite,181229
miramichi (nb),17562
tacna,159053
aksaray,166364
malahide,159219
west frankfort (il),19841
kato gatzea,237782
deshaies,103144
molinos,672941
tesistán,182134
masaya,176408
tzintzuntzan,103125
anna maria (fl),200539
rulewo,723818
rodney bay,105093
haselau,126671
concordia,102537
bichlbach,140846
schwerte,123820
flirsch,140874
elbigenalp,140863
geta,111389
langenlonsheim,124639
tidaholm,182181
vilsteren,185261
cabeça gorda,720925
muleshoe (tx),104530
saint mary,102426
osdorf,118274
gatten,196447
eggiwil,170727
gardnerville (nv),22054
vorchdorf,139973
rantasalmi,112508
kea,238023
ranua,112512
kemijarvi,98993
aparecida (sao paulo),166841
kalundborg,196779
nyksund,732467
sorsjon,685713
horse cave (ky),20856
gálvez,718422
tarija,110500
pedro abad,199679
novelda,199579
pisco,105050
bad durrenberg,68337
anyksciai,195935
clamecy,187682
sault (provence-alpes-cote d'azur),719257
frickenhausen,171769
tannheim,141000
valasske mezirici,110476
waiblingen,183484
chocerady,110218
caudry,187153
barlinek,158846
helferskirchen,124496
hartberg,140410
hainburg an der donau,671713
sassenberg,123750
greding,172525
raaba,140645
hard,141065
kaufungen,119050
gleisdorf,140362
kozina,110986
nordstrand,99092
heideck,173333
hellwege,120712
mulsanne,103570
cucuta,102623
barooga,78909
amden,166686
sakarya,179955
elati,236395
przechlewo,157971
balsthal,167439
bauska,144143
osterhofen,116865
metlika,110994
kamenice nad lipou,109495
levis (qc),7567
korschenbroich,123114
reykholt,18204
merchweiler,125137
bibbiena,75538
concon,16660
tequila,182110
padborg,197177
breckerfeld,122061
mortsel,133801
buchs,168691
torres del paine,665305
oreshak,136267
kintzheim,189742
sogel,71485
covasna,169967
shkoder,102917
villares de la reina,717616
tumbes,105055
werlte,121607
dabrowa tarnowska,156603
trinita dagultu,88637
khemisset,106147
montmorillon,192338
angerville,185673
sexbierum,144799
wissant,195769
porrentruy,178857
pontgibaud,193217
uyuni,102637
apizaco,166851
jiutepec,103086
seltz,194649
bopfingen,168319
doesburg,144971
melissa,162914
aschau am inn,167048
mertingen,116572
tour-en-sologne,195083
graulhet,189206
castellane,721409
orvault,77710
thouars,195025
hattenhofen,173254
mutterstadt,124735
surselva,716279
edirne,170689
moquegua,159043
sumperk,110065
elsloo,144655
amstetten,138849
hoogezand,145386
chrastava,109867
los naranjos,726524
mszana dolna,157600
sistranda,138108
frutillar,12616
galanta,136105
huaraz,19764
gomaringen,69405
hallbergmoos,69544
la neuveville,175226
maasbracht,145642
furth im wald,171860
bergkirchen,167815
handewitt,126667
contadora,9000
gibswil,172214
grosspetersdorf,138462
ebersbach an der fils,170640
bodenwerder,120208
esterwegen,120465
mancora,672918
cesvaine,144155
gudhjem,196518
teisendorf,117465
san josé ixtapa,724948
wahlrod,124994
bexbach,125071
ylitornio,113003
rednitzhembach,117051
ennigerloh,122366
bonheiden,133627
iruya,105984
inowroclaw,513519
rzepin,158151
eibelstadt,170753
karlsdorf-neuthard,174595
gaming,138598
ledec nad sazavou,110395
aartselaar,133602
russbach,140167
thierhaupten,117486
schenefeld (pinneberg),716988
attinghausen,167139
kastav,136371
son del pi,687937
cajarc,187012
guilvinec,715208
cepagatti,162609
lapua,112003
la bouille,189791
ampuis,185646
celles,133940
lipsheim,191422
sebes,180742
ovalle,102995
sao jose,180493
eforie sud,68095
divaca,110959
naucalpan de juarez,11089
dorfen,170462
fuentespalda,73570
scanno,671734
barrancabermeja,109348
uherske hradiste,110472
ochsenhausen,103212
michalovce,135961
macedo de cavaleiros,73236
la turbie,190224
tarnowskie gory,158460
ossana,715855
medinaceli,73692
niemcza,157645
vernon,195429
frikes,236875
hinte,120744
lazne libverda,712714
moutier,177063
kalivia (kardhitsa),728300
olesno,157733
machala,3225
carate urio,715509
zalesie,158748
poltava,23559
roseto degli abruzzi,76375
mszczonow,157601
paralia tyrou,240877
braedstrup,103612
maria lanzendorf,139158
eitting,170810
czarna,156549
schwabenheim,180710
rodalben,124879
trostberg,117523
la valle,715247
trzemeszno,158505
wagrowiec,158552
ezeiza,108882
povazska bystrica,136145
siewierz,158219
mangaratiba,176228
el fuerte,103077
orneta,157758
vrgorac,136311
cachí,719229
luhacovice,110457
sardinia,19569
drake bay,718611
tequisquiapan,103123
wolhusen,183759
kampen,126761
grisolles,189238
roeser,109232
arles-sur-tech,547383
leudal,713240
vertolaye,195453
seewalchen,98822
muiden,184753
zeltweg,140827
altenkirchen (westerwald),68208
neuburg am inn,86509
lathen,120957
charny,187411
neuvecelle,715123
manigod,191721
brumath,186907
buchen (odenwald),672854
roerdalen,713264
aystetten,167237
arnoldstein,138558
altheim,139515
gundelsheim,172795
renningen,179379
casabermeja,99351
caderzone,715479
kornik,157197
presidente prudente,105333
brugg,168616
otrokovice,110464
el viso (andalusia),717490
goldbach,172339
giron,664001
brtonigla,136284
andorra,16487
filisur,171451
tammisaari,112758
suben,139929
blansko,109556
boskovice,109561
brorup,196244
kleszczów (lodz),723820
kleidonia,238372
celaya,201
reinfeld (holstein),127003
murska sobota,111074
bindslev,196151
winklern (carinthia),672972
tepic,103120
puyehue,7560
girardot,109318
trzebnica,158499
nepomuk,110172
santarem,10505
vierkirchen,117633
buckow (markische schweiz),716832
wil,183690
valeria del mar,664227
petropavlivs'ka borshchahivka,723608
bolszewo,156366
chachapoyas,158996
peralillo,719330
baierbrunn,167357
valkeakoski,112874
erbach,118836
wardenburg,121576
terlano,182116
glauchau,125365
kulmain,116341
erdek,67762
peitz,118280
kalbach,119047
hausen (wied),105979
schwieberdingen,180725
auggen,167162
teufen,182141
bassum,120141
schwabstedt,127065
alvdalen,102826
ed,170671
sandoverken,102850
vindeln,183336
raahe,112484
farstad,137147
cape may court house (nj),514424
toriza,242590
puerto maldonado,14362
baru,712118
tampamachoco,718629
aluksne,144135
almaza bay,738804
marion (ar),100355
weissbriach,138817
tieschen,140761
kitee,111803
vaxholm,183074
newbridge,159308
lindsay (on),175709
novopolotsk,110591
malindi,13466
kingsburg (ca),100217
brisco (bc),168552
orono (me),7758
alert bay (bc),166461
saugeen shores (on),718033
alma (qc),103163
hope (bc),17506
altinoluk,19785
sao lourenco (minas gerais),671306
aberdeen (ms),671147
middlefield (ct),202520
coram (ny),718691
west columbia (tx),100938
west point (ga),104975
osann-monzel,713571
east marion (ny),150613
armstrong (bc),166967
domingos martins,170434
attica (ny),671151
wakefield (qc),103178
farnham (qc),171339
rosdorf,121310
merelbeke,135508
pupukea (hi),732188
bruce mines (on),168600
mulheim-karlich,124729
peace river (ab),178453
atlanta (tx),671150
chemainus (bc),169525
bear (de),99586
chicoana,719220
rockport (on),179569
gibsons (bc),172213
boron (ca),200795
pictou (ns),3464
sobral,181263
caraguatatuba,169131
syracuse (in),671216
mahopac (ny),150837
qualicum beach (bc),9586
oliver (bc),177922
nova lima,177645
bryson city (nc),99683
essa (on),514363
gros islet,5656
saint thomas (on),98926
bertram (tx),154186
east wenatchee (wa),155410
penfield (pa),671206
saint-andre-de-roquelongue,193880
la membrolle-sur-choisille,714977
roberval (qc),179550
passos,178430
greenport (ny),150703
brookfield (il),671159
colusa (ca),201145
markham (il),671197
carlin (nv),149800
aracruz,166879
san martin (ca),104727
arnprior (on),166977
francisco beltrão,171697
greenwich (ct),9614
healy (ak),671186
waakirchen,117651
rouyn noranda (qc),103176
rosamond (ca),203227
granzay-gript,721397
cap-chat (qc),169101
minden (on),176695
dunsmuir (ca),104112
ossipee,149912
waldkappel,119495
esterel (qc),171199
castelo de paiva,705249
greenwood (bc),172528
pouso alegre,178949
ludorf,119829
bundenbach,713672
formiga,171614
glen ellen (ca),100032
philomath (or),152568
são joão del rei,180488
hohenkirchen-siegertsbrunn,116036
lichtenau (rastatt),671119
weilbach,119519
ochsenfurt,116842
dorris (ca),104106
lesznowola,157378
itaguaí,174191
guararema,172732
gilford (nh),104211
nova friburgo,177642
oaks (pa),20925
gainesville (va),100012
la habra (ca),202194
vigneulles,195525
palmeiras (bahia),671290
high springs (fl),201934
calabogie (on),168915
taft (ca),203583
fish creek (wi),155930
indian river (mi),22536
são leopoldo,180498
lambari (minas gerais),671284
itajubá,174199
gross-zimmern,118925
pomerode,178794
beveren (east flanders),718208
jacareí,174263
caxambu,169358
itatiaia,174226
linhares,175714
mantes-la-jolie,715001
odenthal,123498
arapongas,88659
marechal floriano,716223
flores da cunha,171544
fridingen an der donau,171773
wachtberg,124067
sept-iles (qc),17635
uedem,123982
lipová,109921
esteio,171197
samorin,135933
lages,175301
portneuf (qc),178900
montmagny (qc),17565
barbacena,167489
val-d'or (qc),182871
postbauer-heng,116983
cariacica,169165
mariana,176321
ivanic grad,136397
campo bom,169018
jataí,174335
golub,156777
weissach,183608
peruíbe,178548
bark,68460
paducah (tx),671205
immokalee (fl),202030
saint-eustache (qc),179902
st andrews (nb),17657
hawaiian paradise park (hi),732145
port stanley (on),178881
pacific (wa),671204
tempio pausania,19308
waldstetten (baden-wurttemberg),716751
möckmühl,176775
hofheim in unterfranken,116013
vetraz-monthoux (rhone-alpes),714300
elsterheide,717191
claresholm (ab),169684
repentigny (qc),179382
villers-les-nancy (alsace),714500
rathdrum,732567
lexington (mo),671192
long sault (on),175819
cabrieres-d'avignon,715227
novo hamburgo,177655
pato branco,178434
abbeville (la),671146
wellfleet (ma),148170
vassouras,183012
garopaba,172021
margaretville (ny),150851
mayne (bc),176472
meaford (on),176496
moosomin (sk),176965
mirabel (qc),176710
salaberry-de-valleyfield (qc),179959
sorel (qc),181406
les coteaux (qc),726056
lincolnville (me),104401
manson (wa),671195
wartenberg-rohrbach,713645
wawa (on),183574
new bedford (ma),100487
oak view (ca),202782
ohkay owingeh (nm),104583
greenwich (ns),718024
piwniczna,157878
montclair (ca),202575
bacliff (tx),154167
paracatu,178347
nedozery,136140
comox (bc),169806
speightstown,103157
tlacotalpan,182244
olímpia,177916
itanhandu,174205
prado,105330
maracanaú,176279
bezerros (pernambuco),671274
cascavel (ceara),671278
penha (santa catarina),671294
gonçalves,172361
marzagânia,176401
mountain view (ab),671108
sanger (tx),671213
waterford (ny),671224
nebel,86507
trent lakes (on),718243
lebanon (or),100265
plymouth (ca),203034
highland grove (on),726060
prairie du sac (wi),156084
milan (mi),100410
tielt,135828
jeffersonville (vt),671190
bloomfield (ia),671154
lunenburg (ns),6124
shandaken (ny),667910
place-laurentienne (qc),718389
blanchard (id),671153
gore (ok),152292
moose pass (ak),104496
tecumseh (ne),671219
dobson (nc),99878
talkeetna (ak),203587
saint central,718199
caeté,168891
tazewell (tn),671217
brandon (vt),671156
swanzey (nh),149930
westport (on),183651
gulfport (fl),671182
litchfield (ct),104405
crestline (ca),201206
norwich (vt),671201
bass lake (ca),103892
cumberland (bc),170061
lakefield (on),175326
brighton (on),168549
bigfork (mt),103924
timbó,182205
tuwanek (bc),725983
hastings (mn),104260
ourinhos,178176
cashmere (wa),155384
neepawa (mb),177345
bristol (ri),671157
ferndale (ca),23322
krishnagiri,513204
ruidoso downs (nm),100698
dover (vt),717948
alice town,718662
mogi das cruzes,13340
zadelsdorf,713522
waltensburg,183522
langeskov,196896
truro (ma),711707
westpunt,103625
bogen,136685
buggenhout,135336
hesselager,196618
corps,13077
alto boquete,726541
bracebridge (on),14259
mogi mirim (sao paulo),671288
la mothe-achard,77358
ganado (tx),154347
fairport (ny),21873
mifflintown (pa),100408
storm lake (ia),100826
long branch (nj),2117
texing,139405
sivas,181079
hohenems,141068
gelibolu,664616
bykle,136537
puerto angel,672910
cornwall (ny),514390
sao caetano do sul,20575
camilla (ga),99709
la garde (provence-alpes-cote d'azur),713893
guines,189298
moncofar,73703
santa teresa,664565
port colborne (on),514188
quesnel (bc),8728
templeton (ca),514130
cieza,198531
sousel,16453
cercal,88691
castalla,103672
san gregorio di catania,715999
simondium,685821
nysa,157693
gennep,145566
america,145505
casalbordino,162597
seroki wies,671232
campagne-les-hesdin,694172
folkling,188738
radepont,193449
naxxar,177316
durtal,188335
isle,189563
ligny-le-châtel,191396
cellettes,187192
uchaux,195193
palaja,192863
quesmy,193410
fours,188827
liblice,109920
varennes-jarcy,195294
zbiroh,110206
glennville (ga),23527
bin el ouidane,102520
grand-mere (qc),17498
bila tserkva,167958
gormanston,105070
moira,86801
herzogenburg,139025
orcieres,77702
floridablanca,663999
oaxtepec,177706
coporaque,688081
itri,164535
alma (ar),99517
rifle (co),100669
theni,669485
gansbaai,669486
tengchong,390169
te mata,728262
chivay,716341
east glacier park (mt),17480
gustavus (ak),104244
sertãozinho,180846
ostrzeszow,668130
otacilio costa,669231
otavi,665605
galeria,701995
ouddorp,184879
ovaro,668796
ranemsletta,718838
owinska,157794
pacone,669232
pacy sur eure,665899
leilani estates (hi),732157
paks,115482
tywardreath,71803
robleda-cervantes,717543
parentignat,665914
paripueira,669234
parpan,665045
paquera,664556
passy,192912
patince,544579
patnow,668097
patrimonio,513215
paty do alferes,669235
pavlov,545225
pawlowek,668098
unquera,667630
pedoulas,664315
pedro bernardo,667353
pellizzano,668807
penaflor,667356
penausende,667363
bedwell harbour (bc),718969
cardwell (nb),718246
perast,669455
pergine valsugana,178530
pernes-les-fontaines,192960
petit rocher (nb),663352
petite-riviere-saint-francois (qc),663353
petronell carnuntum,544979
pettneu am arlberg,544980
photo,665607
picada cafe,669238
picos,669239
pierrefitte nestalas,665925
dro,668578
pirenopolis,669242
pisticci,14541
plansee,544983
planura,669244
tinteniac,78198
ploce,544717
peračko blato,732385
plouigneau,665947
poblacion de campos,667787
podzamcze,668123
pogorzelica,668124
pointe-a-la-fregate (qc),663355
polanczyk,157912
pomarolo,668956
pontacq,665987
falaise,10997
ponte arche,668959
pontida,668961
poppel,544525
porcieu-amblagnieu,665963
pornbach,663786
port albert (on),663357
portiragnes,665964
sao miguel dos milagres,716217
porto sant'elpidio,668967
avrig,729916
possneck,663787
bykovice,705518
hautot-sur-mer,715231
przybrodzin,711763
sennybridge,71422
welshpool,133070
pozo de los frailes,667390
prados,669248
praia do rosa,669249
frabosa sottana,688207
presidente figueiredo,669251
propiac,665986
piuro,715899
prostredni becva,545242
przewoz,668105
psematismenos,664318
puelo,665295
valderrueda,717525
puente genil,667399
puerto lopez,665140
pulawy,668109
la teste-de-buch,20454
pyrgos dyrou,668422
quentar,667404
queyrac,715102
quiche,664574
quincy sous senart,193431
quintanar de la sierra,667412
quintanilla san garcia,667415
quintero,665299
rabenkirchen-fauluck,663745
racalmas,115069
radocza,668112
ragogna,668984
rainau,663747
rajec-jestrebi,545245
borovnica,110947
signau,180941
raon-l'etape,665999
pianoro,76240
rathnew,668259
ravascletto,668988
ravna gora,544721
libin,70168
reguengos de monsaraz,669372
rehlingen–siersburg,663751
reken,663755
reville,193561
riano,667426
ribeira de piquin,667432
vall de cardos,667433
ribnik,544723
ridala vald,665722
rieste,663759
rila,544635
rio negro,664021
bubaces,706606
riol,663760
strp,733925
pavia di udine,164281
riversdale,665234
rivoli veronese,668857
robel/muritz,663763
robion,193631
wheeler (or),717768
rodding,197244
rodengo saiano,668870
rodonya,667446
rödental,117126
rolim de moura,669255
romano d'ezzelino,668872
romeno,668873
ronneburg,127623
ronzo chienis,668874
ronzone,668875
rorvig,197271
rosbach v.d.h.,663768
rosemère (qc),179660
rostanga,664754
rot an der rot,663769
saint-claud,687302
roure,668878
rovanjska,544724
rudnik,545251
rugando,667451
ruhen,663773
ruidera,667453
ruisenada,667455
ruma,669439
rusava,545252
russenes,544829
rustico (pe),663374
north rustico (pe),672204
ruthen,123738
rytro,668133
rzezawa,668134
's gravenmoer,547331
sahagun,667461
sahun,667462
saint-aubin-sur-mer,666056
buxy,186978
saint-calais,666058
moutiers-les-mauxfaits,704088
saint-dier-d'auvergne,666074
montaigut,192209
saint front de pradoux,666088
saint jean de sauves,666096
castillon-en-couserans,715209
saint laurent sur sevre,666104
saint loup,194245
saint lys,194250
saint medard d'excideuil,666184
saint pavace,666199
saint peray,194345
saint peter's (ns),663380
saint pierre canivet,666201
venaco,718649
saint-auban,666208
conques,105681
sainte foy la grande,666109
segre,87625
sainte hermine,666112
sainte-eulalie (qc),663389
sainte-flavie (qc),663390
sainte-sabine,666125
saint-felix lauragais,666128
saint-fulgent,666131
saint-genies,666133
saint-hilarion (qc),663396
montclar,665811
saint-jean-d'alcapies,666144
courcelles,187954
saint-julien-en-beauchene,666149
saint-lambert,204048
riez,193595
souvigny,666283
saint-michel-de-fronsac,666166
saint-pierre-la-garenne (upper normandie),714990
sajazarra,667463
leuk,175598
salins-les-bains,666254
salt spring island (bc),663406
salto grande,664059
saltstraumen,544832
san martino in passiria,668914
caldes,715484
sampatiki,668424
san antonio de banageber,667475
rioverde,665658
muelle san carlos,719228
san cesario di lecce,668894
san ciprian de vinas,667478
san fedele intelvi,668899
san giorgio ionico,668901
san pedro la laguna,733451
san lorenzo in campo,668908
trodena,716109
san mango piemonte,668910
valverde del fresno,667663
san maurizio d'opaglio,668918
san mauro cilento,668919
vico del gargano,76681
san nicola manfredi,668924
san nicolao,666260
san nicolas de los arroyos,664220
san pietro di feletto,668928
san pietro in cerro,668929
galliera,163578
san zenone degli ezzelini,668936
sanquhar,663973
sant llorenc de morunys,667511
sant llorenc savall,667512
sant marti vell,667514
sant mateu,667515
sant sadurni d'anoia,667517
santa ana la real,667767
santa catarina de cuevas,665664
santa cruz de la zarza,667771
santa fe de antioquia,664027
santa lucia di moriani,666262
santa maria coghinas,668942
santa maria del paramo,667520
santa maria leira,667522
santa teresa di riva,668946
santa vittoria d'alba,105239
santadi,668990
santana do livramento,669258
san clemente (rimini),715985
sant' angelo limosano,668994
santo antonio de jesus,669260
santo domingo de silos,667528
santo stefano di magra,669001
sao francisco do sul,669263
sao miguel do gostoso,669267
sao tome das letras,669268
puerto viejo de sarapiqui,672845
sarbinowo,668137
satov,545253
sauris,669004
savines le lac,666371
schemmerhofen,663802
scheyern,663803
schrocken,545005
schulp bei nortorf,663795
schwartbuck,663798
scottburgh,665237
sedziszow malopolski,668138
segura de la sierra,667538
selles-saint-denis,666341
cabuerniga,103768
gavere,135395
semur-en-auxois,666342
senohraby,545258
senov u noveho jicina,545259
laplume,87388
sermersheim,666352
santana do riacho,669259
sesvetski kraljevec,544728
ilha do mel,712322
settimo milanese,669021
laissac,547930
sewen,666357
sezimovo usti i.,545260
sfantu gheorghe,180874
shaqra,246060
shefford (qc),663409
shermans,665700
skhidnytsya,665524
shlomi,144046
sidirokastro,668427
sieroslaw,668141
sierra de la ventana,664223
signy-l'abbaye,666359
siguer,666360
silbertal,545009
sillavengo,669023
sint denijs,544535
sirako,668428
siurana (girona),713359
sjobo,181086
skulte,547288
slatinice,545264
fjerritslev,11026
slok,668144
sluderno,669027
smardzewice,668145
tomaszow mazowiecki,668165
smith's cove (ns),663415
smrdaky,544583
smrzovka,545266
snezne,545267
sober,667554
sobienie szlacheckie,668148
soderakra,664763
solanas,669028
soma,664669
somerset east,665239
sommerach,663807
sommerda,127669
sordevolo,669031
sorico,669032
sorreisa,544842
sorvagur,162530
mirambeau,103566
soultzeren,666370
sournia,666281
south daytona (fl),667912
south river,181450
southold (ny),667914
spiekeroog,663809
spiss,545014
spodnje skofije (koper),664342
spontin,544541
sremski karlovci,669441
sroda wielkopolska,158289
saint-andré-de-la-marche,721295
saint-clement-des-baleines,714975
st gaudens,666295
saint-germain-du-bois,666298
st julien en born,666302
st loup lamaire,666306
saint-marcel (centre),713863
st michel de maurienne,666316
saint-meen-le-grand,712441
saint-palais-de-phiolin,194335
saint-seine-l'abbaye,714039
st zenon (qc),663421
st. georgen am langsee,545019
sankt lorenzen ob murau,71242
checker hall,719237
st. mary (mt),667918
st. veit im pongau,545029
stavroupoli,668434
stegna,668157
stemnitsa,668435
sternatia,669038
stiefenhofen,663815
saint-jean-de-matha (qc),718388
st-luc,665070
stomio,668437
stony point (ny),667920
storen,544844
stotzheim,666334
strachur,663979
stratford (on),21192
strettura,669040
st-simeon (qc),663437
stutzerbach,663821
stymfalia,668438
suchitoto,665640
suderbrarup,663822
suderlugum,127122
sudlohn,664191
sudureyri,665168
sueras,667571
sundre (ab),663438
surnadal,544847
sutrio,164368
suze la rousse,666373
svelgen,544848
svente,547291
swidnica,158382
swidnik,158383
sylvania (ga),104871
syracuse (ne),667923
syssleback,664773
tabant azilal,664144
taberno,667573
taboadela,667574
tafraoute,513161
tain-l'hermitage,666374
puerto viejo de talamanca,23662
talayuelas,667579
taliouine,664146
tallya,664539
tamara de campos,667582
tamasopo,665671
funasdalen,171843
tappernoje,197564
tarbena,667584
unfors,182709
tarnaby,664776
tekirdag,182072
telavi,665344
temascaltepec de gonzález,719466
termas de rio hondo,109098
teșila,665423
thrussington,663983
thüngersheim,117491
thury-harcourt,666394
thyboron,197583
tilaran,664569
tingvatn,544849
tiscamanita,667591
tiszakecske,114826
tlen,158472
tluszcz,668164
todos santos,665686
toila,665741
tomino,667597
tonder,197611
toque toque grande,669279
toreboda,182330
torino di sangro,669061
tornos,667600
torrao,15937
manduria,176226
torre del campo,200125
morciano,176980
ardres,185762
tournon-d'agenais,666401
trakoscan,544746
trattenbach,545041
penacova,99292
troodos,664321
trun,665093
truskavets,665531
tryavna,544644
ziwani,719218
tschappina,665094
tula de allende,21629
tulln an der donau,545043
turawa,668171
turzno,668172
tutoia,669465
tvarozna,545292
tverlandet,544852
udias,667626
myczkowce,157606
ulrichen,665098
moltzow,717135
pôrto união,178918
oberelsbach,717074
unterroth,663915
unterspreewald,663916
untervaz bhf,665102
upper galilee,547241
urdazubi/urdax,713409
ursberg,663917
urubici,669356
urzulei,669087
ústí nad orlicí,110125
utrillas,667637
vaison-la-romaine,666431
valcarlos-luzaide,667640
el tejo,87860
valderrobres,667647
valle de carranza/karrantza harana,667656
pola de somiedo,199727
el salto (mendoza),720501
vallouise,666563
valoria la buena,667661
valprato soana,669105
varano de' melegari,669108
varese ligure,669109
vaxtorp,183077
nuñomoral,717703
vegreville (ab),663450
vela luka,544748
veldenz,663918
velez rubio,667668
velke mezirici,110423
vendin-le-vieil,195370
vendryne,545303
vent,545050
ventspils nov.,547295
verceia,669113
vernante,669116
vethuizen,547336
viadana,669119
brioude,186873
modave,134283
vieux port,195509
ortelle,715849
vignieu,666458
vikyrovice,110073
vila flor,669395
vila pouca de aguiar,669399
vilademuls,667672
vilafames,667673
vilches,667684
villa del dique,664233
villa pehuenia,664240
villa san secondo,669128
villafranca de los barros,667691
villafranca del cid,667692
villamena,667697
villanasur rio de oca,667699
villandro,669132
villanova d'albenga,669133
villanueva de gallego,200331
villanueva de la condesa,667700
villanueva de la vera,667701
villanueva del rio segura,667703
villar d'arene,666460
villard reculas,666461
villars-colmars,666465
villarubio,667710
oneta,727205
villecroze,666467
villefranche-de-rouergue,666469
villefranche-de-lauragais,666472
villeneuve-minervois,666482
morteau,192429
vimperk,109540
vinuesa,667722
vir,544751
valreas,195280
visnjan,544752
vivario,666503
viverone,669142
volkermarkt,545053
courpiere,187974
volpago del montello,669145
vorderstoder,545055
vratsa,544653
vseruby,545309
vuorela,664399
vynnyky,665541
vysoky ujezd u berouna,545312
vyssi brod,109545
wachenroth,663925
waging am see,663927
wald,665109
wald am arlberg,545057
waldbrunn,119492
walenstadt,665111
wallmerod,663933
grossschonau,69485
wanderup,663935
warberg,663936
warsow,663938
wasaga beach (on),663454
waseca (mn),104951
wasowo,668178
wasserliesch,663939
watamu,667779
weisstannen,665116
wendlingen am neckar,183631
wenigzell,545062
hinterrhein,716274
wesenufer,545063
west dennis (ma),667935
westfield (ny),23496
wielki gleboczek,668185
wierzchowiska drugie,668186
windwardside,669464
winsen (aller),717146
winterspelt,663953
wittenbeck,663956
wodzislaw slaski,513341
wolframs-eschenbach,663958
wolmirstedt,72150
xinzo de limia,667729
yasuni (orellana),665149
brûlé (ab),725998
yngsjo,664790
youngstown (ab),663462
yvoy le marron,666516
yzeures sur creuse,666517
zacler,110015
zagan,158730
zalla,667735
zaluski,668192
zapresic,136353
zarraton,667736
zarza de granadilla,667737
zazriva,544596
zelbio,669146
zglobice,668199
zlobice,545319
zoldo alto,669148
zugarramurdi,667740
zussow,120009
habere-poche,547816
lohme,671121
gran,544906
hallkirk,663874
haltern am see,663602
hamburgsund,664710
hamilton (tx),100082
hampton bays (ny),667845
harads,664712
harboore,196560
hardbakke,544788
haren,120660
haroy,544789
harrison mills,663277
haselunne,120674
hatne,665463
hébertville,173302
hechthausen,663606
hellin,667072
hennebjerg,666567
herbstein,663612
hericourt en caux,547824
heriot bay (bc),663280
heroldstatt,663613
herradura,102430
hesdin,547825
heuchin,547827
hiendelaencina,667078
hinojosa de duero,667082
hjarnarp,173585
hnanice,545140
hochfugen,544919
emstek,120447
hojby,196646
hojslev,196655
hellenthal-hahnenberg,663609
hollersbach,544923
honda,664003
honrubia,667084
hoor,173730
horby,173738
steckborn,181576
horni plana,545146
horve,196689
hoznayo,667093
huacalera,664264
hudson's hope (bc),663283
huescar,667095
huevar del aljarafe,667096
hugelsheim,173811
humanes,667097
humilladero,667098
hvalso,196712
hvammstangi,665162
ibarra,665125
iecava,547256
iguape,669201
ilawa,668003
ilha de boipeba,669202
itambaraca,716230
immerath,663634
inderoy,544796
francisco de orellana,726579
killeany,737080
innertkirchen,664923
innhavet,544797
irgoli,668701
iriri,669205
isla de tabarca,667103
galapagos,171927
giglio island,668704
itaparica,88662
itapoa,669208
conceicao da barra,105287
itterswiller,547842
ivy lea (on),663285
jaligny-sur-besbre,547844
jarvso,174332
jazan,665676
jiquirica,669212
jiyeh,665263
jonotla,665645
jonstorp,664721
josipdol,544683
jouey,547849
grabfeld,717223
jupiter,665369
juromenha,669335
kadan,110331
kalamakia,668339
kalambaki,668340
kalvag,544800
kamanjab,665600
kankaanpaa,111694
karatara,665210
karczowiska,668074
karibib,665601
karolinenkoog,663640
kastania,237662
kaupanger,544801
kavlinge,174654
kazanlak,544617
hogg (on),726066
keminmaa,664363
keramoto,668355
kfar yuval,545338
khafji,665677
ein harod,545340
beit shean,545327
paralia kimis,240871
king city (on),663294
kinnitty (offaly),668254
kirkel,125121
kladesholmen,664740
klietz,663648
klovsjo,174834
kluisbergen,664116
kokstad,665215
kolback,174885
kongen,174905
konigsbronn,174911
konigstein/sachs. schw.,116292
koropi,161937
kostrzyn nad odra,668018
kothen,126140
koufonisia,668362
kowerich,124617
krakauschatten,544937
kraliky,545175
kralova lehota,544568
krapina,544691
kremmen,118198
epse,144999
sundvollen,720500
krotoszyce,668024
krzywaczka,668029
ksiaz wielki,157320
ksiazenice,668030
kussnacht am rigi,175117
kwilcz,668033
kyparissos,668366
la brede,547864
la bree les bains,547865
la breille-les-pins,547866
barrio de arriba,727148
la cavalerie,547869
la chapelle en vercors,547874
mortagne-au-perche,665869
la chapelle sur dun,547876
la coquille,547878
la ferte imbault,547881
la foret-fouesnant,547883
la joya (tx),667852
la libertad,665637
la merced,668212
la paloma,664049
torre de capdella,687949
la puebla de los infantes,667351
la puebla de roda,667108
la rothiere,547903
la santa espina,667111
la tremblade,547908
la vall de bianya,667115
vall de uxó,200223
la vid y barrios,667119
labarthe-inard,547913
lac superieur (qc),663298
saint-amans-soult,706131
laroquebrou,704061
foster (qc),718383
laczki,668036
ladna,668037
ladysmith (bc),663301
lagoa das furnas,669337
lagos de moreno,103089
lagow,668038
l'aigle,547928
lalin,667126
lamalou les bains,547933
lancaster (nh),667854
laneffe,664120
langasjo,664734
langendorf,664952
langnau,175388
lanslebourg-mont-cenis,547945
lanton,547947
lapinjarvi,111991
larbro,664735
laroya,667131
saint augustine,694013
vega de valcarce,711568
las infantas,667141
las leñas,664204
lask,668043
latacunga,702296
lauenen bei gstaad,664961
sissach,181076
laurens (sc),667856
laveissiere,547958
lavras novas,669213
pouzauges,193281
tence,194945
le gavre,547981
le mele-sur-sarthe,547985
l'abbaye,513169
le poujol-sur-orb,547995
le vernois,548002
lechaio,668370
leezdorf,663661
tsoukaladhes,242778
legny,548005
legutiano,667149
lekuk maly,668044
skjern,197363
lembach,548006
livadi (tiros),719966
les crosets,664970
les echelles,548014
evolene,664888
riudecols,199831
les salles-sur-verdon,548024
leubringhen,548030
leutkirch im allgau,663663
lewiston (ny),667865
l'horme,548035
lichtaart,544510
liessies,548037
abizanda,197854
khronia,238294
puerto limon,19923
linas de broto,667162
lindow,663668
lindwedel,663669
linter,544514
linz am rhein,663670
lipnik nad becvou,545191
kreuzlingen,67959
liscomb mills (ns),663309
lithotopos serres,668379
little dean,705694
llinars del valles,667166
vicoforte,668685
locquirec,548051
locust grove (ok),100306
lokken,196945
lopuszna,668049
lorenzago di cadore,668687
lorris,548060
los azufres,665647
los fresnos (tx),667858
los naveros,667176
ruynes-en-margeride,666035
loucna nad desnou,545194
loudenvielle,548065
lucas do rio verde,669215
lucerne (ca),667859
lucivna,544569
campagna lupia,719138
lugueros,667188
luis correia,669217
lumiar,669219
luquillo,667025
lusk,668257
lussac les chateaux,548071
lutisburg,175984
lutjenburg,663679
lutzerath,663680
luzino,668053
lykodromio,668386
lyrestad,664741
madeira park (bc),663314
magnac sur touvre,548075
saint-germain-les-belles,666332
magreglio,668716
mahahual,665648
mahora,667191
mailberg,544952
al majma'ah,244531
makrigialos,668388
malgas,702986
malbuisson,548080
male,176160
maleville,548082
mallaig,663899
malmkoping,176188
malosco,668718
mandas,668720
mandatoriccio mare,668721
mandra,161940
manganari,668395
mantello,668722
manzac sur vern,548086
maxaranguape,708908
marano lagunare,668723
mariano comense,668727
marieville (qc),663319
marigny en orxois,548092
marigot,701997
marija bistrica,544702
marina di modica,668732
marina di ravenna,668733
markt hartmannsdorf,544955
marktleugast,663687
marsh lake (yt),663320
marssac-sur-tarn,191857
martello,668828
schimberg,716999
marxen,663689
massarosa,176421
splugen,665066
mejillones,665287
hitra,138043
melbourne (qc),663324
melgar,664010
melissourgoi,239786
melturi,547271
aubenas,10930
missolonghi (aitolia kai akarnania),719929
messy,665763
metis-sur-mer (qc),663326
metkovic,544704
meuselbach - schwarzmuhle,663691
meuspath,124706
meyssac,665770
miajadas,667218
miane,668739
middleton-in-teesdale,663903
midyat,513200
miedzywodzie,158919
miguel pereira,669224
mikulcice,545201
miloslaw,668064
mimice,544706
mindo,665131
miranda del castanar,667222
mirhleft,664139
mitchelstown,668274
san pablo villa de mitla,718644
mojkovac,669452
mokopane,665224
molfsee,126895
molle,176820
mollerussa,667229
molnlycke,176827
meltina,715753
mompos,664011
monesterio,667234
monfero,667236
monflanquin,665787
monroyo,667240
mont pres chambord,192352
montafia,668749
montallegro,668752
montanita,665133
punta blanca,719715
savigneux,194607
monte san giovanni campano,164564
monte verde,669226
montemor-o-novo,669350
montenegro,664012
montenegro de cameros,667245
monterenzio,668768
monteria,109306
sover,716063
montevecchia,668773
montieramey,665820
champdepraz,668526
montreal la cluse,192355
monzon de campos,667249
mora d'ebre,667250
moselkern,663704
moso in passiria,668838
mosteroy,544815
moules et baucels,665873
moureze,665876
mouxy,665881
mthatha,665226
muhbrook,663707
muhlbach,544961
muhlbach sur munster,192493
munana,667261
munchweiler,663708
munchwilen,177120
konolfingen,67957
munzenberg,119193
marcillac-vallon,694257
murray harbour (pe),663335
mussolente,668841
mysusaeter,544816
mitilini,105147
nafels,177214
nagua,545078
nailloux,665909
nautla,665651
nava,667267
navafria,667269
ndangane,669402
evron,188564
neckargemund,177324
kirchlinteln,120870
neerglabbeek,544520
nekla,157627
nemina,667279
nendeln,668219
neubulach,663715
la fresnaye-sur-chedouet,189953
neustadt bei coburg,663720
neuveglise,665831
neuvy sur barangeon,665834
neve shalom,545359
niaga,719225
nieblum,663723
niechorze,668079
niederzier,123432
nisia floresta,669229
nohant-vic,665846
norinkyla,664377
north wildwood (nj),104574
north branch (mn),104563
notre dame de bellecombe,665849
nouilhan,665854
nova lesna,544574
nova palmira,177647
novaglie,668782
novedrate,668783
novi becej,669435
nowa wies,157665
nowy dwor,157683
noyelles-sur-mer,665857
lizzano,175748
nuorgam,112267
dubino,165163
nuqui,664013
nykobing mors,197089
obermarchtal,663734
oberndorf bei kitzbühel,544972
oberpframmern,663736
oberschona,663737
a estrada,20042
oden,667295
okahandja,665603
olafsfjordur,665163
olawa,157695
oletta,665858
petreto-bicchisano,687189
olm,664261
olon,665134
oltarzew,157696
ome,668792
opalenica,157750
opuzen,544713
colledara,162623
orskog,544817
orzivecchi,668795
setre,136652
osmo,178075
osno lubuskie,157774
a teixoeiras,667031
abalos,667032
abaran,197850
abela,669285
newmachar,723171
abondance,547346
abries,547347
acre,15870
adrspach,545088
afjord,544762
afourer,664122
gárdony,115049
agarn,664796
paralia agion panton,728302
agios dimítrios,161969
agios germanos,668280
agros,664290
aguada,667023
ahnsen,120037
ahorntal,663466
andatza,727665
aichtal,663468
aillant-sur-tholon,547355
thermos (aitolia kai akarnania),719971
ajangiz,666602
unayzah,243812
ala,668655
albalate de zorita,666608
alban,185569
alburquerque,666611
alcala de la selva,666612
alceda,666613
alcoleja,666616
alcorisa,666617
aldealengua,666619
aldeanueva de la serrezuela,666621
aleksandrow lodzki,667941
blairhampton (on),726061
allanche,547362
allmannshofen,663469
almarza,666630
almazan,666631
almeida de sayago,666633
almiruete,666634
almodovar,669295
alopronia (sikinos),668293
alpine northeast (wy),717912
alpujarra de la sierra,666636
altenkunstadt,663472
altenmedingen,663473
altura,666639
amargosa,669152
ambram,668294
ammeldingen an der our,663474
ammerbuch,663475
amontada,669153
angerberg,544863
antirrio,668306
apriltsi,544597
araripina,166893
montferrer,73712
arcahueja,666657
arcas,666658
arcos de jalon,666661
vermenton,666457
aremberg,663481
areponamichic,718627
argamasilla de calatrava,666667
argenbuhl-eglofs,663482
orma,240571
arild,664680
aristobulo del valle,664163
ano doliana,728331
arnschwang,663483
arpaillargues-et-aureillac,185796
arques la bataille,547387
lantz,87905
arriach,544864
arronches,669303
arsonval,547390
arsos,664294
arta,161911
artres,547392
artstetten,544865
asslar,118658
atanzon,666684
atienza,666686
santa catarina palopó,719180
atlacomulco,665612
auberive,547398
volonne,715092
aubigny-sur-nere,547400
aulnay,185902
aulum,666547
avis,669305
ayl,663486
san adriã¡n,719922
azanuy,666691
thenon,704693
bad kreuzen,544870
bad schlema,663550
bad vigaun,544872
baile tusnad,665565
baio,666693
bale,544656
balje,663551
balneario picarras,669156
bankfoot,663836
banos,665329
banska wyzna,667944
barban,544657
barbentane,547425
barczyzna,667946
bienenbuttel,717163
barenstein,121835
barisciano,668662
barra de carrasco,664038
barra de santo antonio,669159
barra de sao miguel,669160
barriolacuesta,666702
bascara,666704
jarnac,189604
bastelica,547434
beaujeu-saint-vallier-pierrejux-et-quitteur,714940
beaumont (qc),650674
beauvoir sur mer,547443
beceite,666705
belchatow,667948
bella vista,19797
belleville sur loire,547452
bellwald,664820
belmullet,668229
beloeil (qc),663211
belver gav,669308
belvianes et cavirac,547456
berastegui,666725
berg bei neumarkt,663490
bergeres-les-vertus,547461
berovo,665590
bessines-sur-gartempe,547468
bhalil,664127
biedrusko,667951
laruns,547952
bietigheim,167944
bijagua de upala,664546
bilgoraj,667953
birr,99142
birri de santa barbara,664547
birx,663496
bischofszell,664824
bislee,547476
blainville-sur-mer,547477
blavozy,547479
bleneau,547480
blonduos,168151
bogense,196182
boleslawiec k.wieruszowa,667957
bom jardim da serra,669184
borcz,667958
bordeira,669310
chubyns'ke,718233
borken-hessen,663501
bosau,663554
bosdorf,125233
bot,666742
boulder (ut),667799
vencimont,71870
breclav,109563
breitenberg,663506
breitenworbis,663508
brezovica pri ljubljani,664327
brihuega,666747
cohade,714514
bronchales,666748
lubz,70274
brosarp,664684
ilstorp,174025
bruck an der mur,719048
bruff,668231
bubal,666749
bubion,666750
budingen,118747
navarrenx,77672
bühlerzell,168717
buniel,666758
burt,668232
buschvitz,663557
busturia,666763
cabuya,664548
cachoeira,669351
cadeac,547535
cadrezzate,668490
castelnau-de-montmiral,87276
castel san niccolò,163432
cajazeiras,669165
cabo rojo,103627
calaceite,666774
sena de luna,667541
caltabellotta,668493
camarinas,666779
camino,164125
campos,169040
cananeia,669168
canedo,666793
cangas del narcea,666796
caninde de sao francisco,669171
cannero riviera,668623
cantalupa,668627
cantavieja,666797
huete,198995
caraiva,669173
carchel,666804
cardenas,169156
carino,666807
caps-de-maria (qc),718987
maria (qc),17553
carolina,669174
carre,668639
carrickmacross,105060
cartavio,666812
casadaga (fl),667805
casas de los pinos,666817
casas ibanez,666821
marcaria,176296
cassville (mo),23493
castell de castells,666830
castelladral,666831
castellazzo bormida,165849
castello d'agogna,668495
castellote,666835
castelluccio superiore,668500
castelnuovo don bosco,668506
castillo de bayuela,666839
castro caldelas,666843
cavendish (pe),663231
cazeres-sur-l'adour,547565
celadna,545104
celles sur belle,547567
celorico de basto,669317
cerdeira,666855
reocín,103769
cerro veronese,668523
chaiten,665274
chakvi,665334
challand saint anselme,668525
chamouilley,547580
chaource,547586
chapada dos guimaraes,669177
charmes sur rhone,547589
chateauneuf-de-randon,547596
chateauneuf-les-bains,547599
chaufour les bonnieres,547606
chaumont sur aire,547607
chernevtsi,544605
chernihiv,169530
chertsey (qc),663237
brulon,186905
chianni,668527
chiapa de corzo,665621
chichilianne,547616
chiopris viscone,668529
choirokoitia,664295
villa lago rivadavia,724013
chrani,235984
chribska,545109
christina lake (bc),663238
chrzanow,667970
chtaura,665255
pieve di bono,688275
clenze,663560
new hartford (ny),22463
coban,664571
crowsnest pass (ab),718315
collado mediano,666879
colleretto giacosa,668545
colognola ai colli,668547
comeglians,668548
comps sur artuby,547635
conde (bahia),671281
conde,169830
conservatoria,669187
contepec,665626
cooke city (mt),104051
corbera,666887
corcelles en beaujolais,547642
corme,666890
cornella de terri,666891
coronel moldes,664178
cortina sulla strada del vino,668561
corzos - a veiga,666897
costa valle imagna,668563
cotacachi,665332
coulanges-la-vineuse,547650
thizy,195007
coyhaique,665279
aubin,185877
crevecoeur-sur-l'escaut,714777
criquebeuf en caux,547668
cristosende - a teixeira,666907
crochu,668203
cuevas del almanzora,666909
els ivarsos,727318
cumuruxatiba,669189
medel,721668
curon venosta,668569
daaden,663561
dabo,188134
damuls,544880
danilovgrad,669451
phalsbourg,193011
daroca,666914
la peza,718114
daruvar,544666
davos monstein,664866
death valley junction (ca),667808
debica,156619
decin,110322
diakopto,668317
dilofo,668319
distomo,668320
divundu,665597
djupivogur,170385
dlugopole zdroj,667993
dolni lukavice,545122
cerna v posumavi,109477
le chateau-d'oleron,77429
donja stubica,544668
donnas,668574
dorfstetten,544881
cotobade,666900
dorverden,663566
dourados,105295
villamblard,666459
draganic,544669
drena,668577
duggendorf,663568
duhamel (qc),663246
dulmen,663569
dun sur meuse,547703
dunwich,663858
duzce,664611
dwight (on),663249
dzierzoniow,156704
tytsjerksteradiel,713271
east dennis (ma),667813
east harling,663860
eckero aland,664347
edessa,162050
edland,544774
edzell,663862
eggingen,663570
ehden,665258
eibenstock,663571
eichstatt,170778
el berro,666926
el bolson,664180
el gordo,666933
bou tharar,719061
jalapa,21188
elbete,666949
elgiszewo,667983
elgorriaga,666952
elk mountain (wy),667818
lauperswil,175469
emmetten,664879
emporios,668329
emsburen,120446
engelthal,663517
engenheiro passos,669353
enge-sande,663518
engstingen,663519
sojuela,713447
epagne-epagnette,547713
equihen-plage,547715
erechim,669354
eresing,663520
erimi,664297
erl,544890
erlenbach am main,663521
valongo,182935
errenteria,666961
ersa,547717
escalles,547718
la guingueta d'aneu,667337
escalona,666965
eschbach au val,547719
villafufre,718124
escolca,668583
atacames,665323
la broye,716267
montesquiou,192280
etzenricht,663525
everglades city (fl),667823
mezangers,715099
exmoor national park,663863
eynatten,664098
fachbach,663526
fai della paganella,668586
falougha,665259
falset,666979
farigliano,668589
gola,728332
fassberg,663527
faxe,666565
feilbingert,663530
feldkirchen bei graz,544892
la paraya,687787
fensterbach,663532
massiac,548101
filippiada,668345
finkenstein am faaker see,544893
fiskebackskil,171483
fiumalbo,668593
fjaerland,544781
flatdal,544782
flavon,668594
fleninge,664698
fleurville,547744
flix,666989
flocourt,547747
floirac,188724
fockbek,663535
foissac,547748
fonolleres,666992
fonteno,668598
forcall,666995
forcola,668600
fornillos de aliste,666999
fort bragg (nc),667824
fortim,669193
foum zguid,664132
fraiburgo,669194
fregenal de la sierra,667001
frielendorf,663539
deutschfeistritz,140283
fuente obejuna,667006
fuenteheridos,667007
fugenberg,544896
gaby,171885
gafanha da boa hora,669328
gaichel,664257
galaroza,667017
galdakao,667018
galiano island (bc),663261
galinhos,669196
gallbrunn (lower austria),544899
santo stefano in aspromonte,716040
portomaggiore,163828
gatteo,163585
gaujac,547777
gautegiz de arteaga,667042
gazzola,668672
gedre,547778
gemlik,664617
gemona del friuli,668674
gemozac,547781
genalguacil,667044
genelle (bc),663262
gerbe,667045
guernica y luno,198946
gerolimenas,668334
gerswalde ot herrenstein,663545
geus-d'oloron,714269
gialiskari,236986
wethau,713663
giez,547784
gimmelwald,664895
gincla,547785
girod,663548
gironella,667050
givisiez,664897
bourgueil,514486
gjirokaster,665150
glemmingebro,664705
gloucester (ma),148009
gniewino,667989
gochas,665599
god,115275
imbros,728719
ortal,709722
goldap,667990
gonars,164201
gordexola,667052
goulles,547797
eaux-bonnes,686756
gournay-en-bray,547799
governador celso ramos,669197
pendakomo,693686
graberje ivanicko,544677
gratallops,667059
grattersdorf,663582
gravata,669198
greccio,668697
grecia,664553
bayerbach bei ergoldsbach,716794
gremersdorf,663584
gresy sur aix,547808
grossalmerode,663589
grossenbrode,663590
grossenkneten,120611
grossmehring,663593
grosswallstadt,172651
grub,664907
doberschau-gaussig,716957
poggiolo,193148
guanhaes,669200
guanica,103629
guarroman,667062
guazuvira,664044
gudar,667064
gudmont-villiers,714741
bareyo,717232
blaichach,168118
gustavsfors,664708
gustow,663597
gutenacker,663598
gutenzell-hurbel,663599
guttingen,172842
gyongyos,115152
haag am hausruck,544913
bac ninh,115625
naukluft mountains,669484
aigen im mühlkreis,139508
anapolis,105263
beaupreau,186217
audenge,185891
athee-sur-cher,185852
bandirma,669613
barra velha,105268
allègre,185593
bethune,186378
bialka tatrzanska,513370
bombarral,105363
bombinhas,105273
le russey,547996
broceni,144146
budardalur,79511
buzançais,186981
camares,187024
flamenga,706538
campos do jordao,23675
cargèse,187091
caruaru,105285
fronton,188908
cavalcante,105286
pouilly-en-auxois,19262
chateaurenard,187453
la ferte-bernard,77347
chonas-l'amballan,187650
cléres,187708
clermont-l'herault,547623
deutsch wagram,103410
dovre (oppland),672868
rue,193790
fenay (bourgogne),714534
fey (alsace),714188
field (bc),12410
flå,138012
besse-sur-issole,186362
gièvres,189045
guaratuba,19676
guarapari,105299
haliburton (on),7596
icapui,105302
ikaria island,105121
indaiatuba,20436
jekabpils,144170
jørpeland,137776
komarno,136069
la balme-de-sillingy,189751
la chaussee-d'ivry (centre),714400
lagoa santa,105309
higuera blanca,724857
largentiere,190462
le pechereau,190814
le plessis-robinson,190859
le vivier-sur-mer,190974
leognan,191007
l'isle-jourdain,191426
litvínov,110341
livron-sur-drome,191440
saint-jean-brevelay,194151
loriol-sur-drome,191517
loue,191536
macapa,105312
martin-eglise (upper normandy),714481
mödling,139175
mossoro,105317
nea mesagkala,240248
ørsta,137205
paltinis,665390
puerto fuy,693923
parnaiba,105321
petrolina,105324
pöchlarn,139270
pocone,105326
porto belo,105327
porto covo,105378
porto velho,21735
rio quente,105336
rudbarzi,547284
sadská,109970
sainte-anne-des-monts (qc),17661
salacgriva,144201
salihli,102819
santo antonio de leverger,105341
sasbach,180555
lachtal,729743
slaný,110285
søvik,137086
tisá,110363
torres novas,105383
vaia,242825
vardø,136731
zlaté moravce,136017
zlín,110487
kokon (ioannina),719972
thanos,242507
feira de santana,105296
pital,713168
horni becva,545144
kalaritai,237270
eregli (zonguldak),718137
marathopolis,239548
monroe (oh),12002
milas,705723
pavilosta,547276
kalamaki (petalidi),718576
sao francisco de paula,669262
serrieres,194688
roslev,13912
lemvig,13858
kerteminde,3195
veysonnaz,513133
vemdalen,513042
vallsta,12712
osby,514488
mbour,105392
steinhäusl,729736
allenbach,512880
port-vendres,514514
malaucene,513540
paysandu,17156
beit mery,16921
pasto,14244
wetlina,512876
tarrega,164
portbou,513361
carbonero el mayor,513115
norheimsund,5020
nesbyen,11945
farsund,16940
byglandsfjord,3327
ovindoli,513187
margherita di savoia,640
mandello del lario,513621
frosinone,23090
brisighella,11427
taggia,164921
skofja loka,18172
senj,513615
taddamoute,718872
midelt,513118
azrou,513291
agdz,513384
beverino,688128
betim,20345
itajai,20439
cabo,168851
torres,23067
san juan teotihuacan,78571
ha'il,245355
jaffna,174278
lanark (on),671106
slubice,672957
derby (wa),671553
capinghem,187074
bawu,734750
coignieres,77096
massy,5896
kanyakumari,21080
völklingen,125177
turpan,79776
jicin,109699
anshan,79704
alagar hills r.f.,718790
morrilton (ar),100447
newington (ct),717930
kokonoe,250797
agrinion,668285
paleros,105823
peloponnese,240965
selfoss,6267
stykkisholmur,10520
akranes,166363
erbusco,105208
bognanco,715325
bossolasco,715467
comasina,719110
siror,669026
ile sainte marie,105360
rosarito,179653
bernal,665615
tiraspol,143732
ait melloul,720297
mirleft,711804
omaruru,665604
hovden,16454
ypacaraí,720906
tarapoto,105053
kartuzy,102274
stargard szczecinski,72807
albergaria-a-velha,73138
baiao,73163
estombar,73205
brusno,544557
telgart,544590
solcava,67667
matjiesrivier (western cape),723902
st. francis bay,78695
tabernas,88002
urnieta,200187
enkoping,16992
osthammar,178116
mannar,176243
la plata,21696
malargue,102555
admont,68146
attnang-puchheim,139535
turracher hohe,545044
haslach an der muhl,544915
kirchheim im innkreis,729733
lanzenkirchen,87052
bagé,167327
barra grande,167540
cachoeira paulista,168873
pindamonhangaba,105325
orlandia (sao paulo),671289
cardoso (sao paulo),671277
sao luiz do paraitinga (sao paulo),671307
picinguaba (sao paulo),671295
penedo (alagoas),671292
santa cruz do sul,180359
sao carlos sp,105342
vespasiano,183151
sao roque,105345
kardzhali,544614
campbellton (nb),5579
nicolet (qc),177440
saint-faustin-lac-carré (qc),718384
santa rosa de cabal,664028
villavicencio,109328
malpais,672927
gdinj,686324
desná,109871
skaelskor,666581
kittila,111806
ristiina,112546
saint-laurent-de-la-cabrerisse,87582
seignosse,3911
conches-en-ouche,187809
saint sauves d'auvergne,666230
treschenu-creyers,666414
hessisch oldendorf,69682
pottenstein,70940
puttlingen,125152
schwanau,663797
ag. andreas (messinia),719950
rize,19793
aberfeldy,68130
beaconsfield,18004
colwyn bay,18276
newent,70638
par,663967
apple valley (ca),78729
cold spring (mn),514399
idyllwild (ca),100160
natchez (ms),15586
port wentworth (ga),20943
mt holly (nj),720530
bay head (nj),667792
jepara,671622
samut prakan,214541
parit buntar,162341
gairsar,734434
junagadh,114489
nay pyi taw,513501
shillington (pa),104765
shikokuchuo,253954
crystal creek,710350
hita,248770
alibaug,30344
whenuakite,728264
nova iguaçu,177644
fairlie,21594
reefton,669632
dwarka,114487
canandaigua (ny),99712
boyolali,669567
dompe,711916
tsukuba,107060
ciamis,512877
ahangama,19931
ellisras,170935
drakensberg,18208
sa kaeo,512735
suzhou (anhui),512766
duqm,669493
lobamba,719883
borovoe,669627
takhli  (nakhon sawan),207216
vale das éguas,733056
alagna valsesia,75440
cagli,163355
sant'elpidio a mare,165629
sant' agata de' goti,668991
leptokarya (east olympos),718572
comporta,73192
alexander city (al),99510
campana,102533
bussang,76982
eeklo,135372
borgloon,68636
chiasso,169550
três pontas,182469
rincon de guayabitos,665656
ciudad frontera,719426
farellones,728129
nosy be,512891
saltford (on),726064
chalsa,671590
lawas,211447
gampaha,80017
chadarawari,718806
deniliquin,141541
kelso,69919
zipolite,671099
willikies,719689
sumare (sao paulo),672951
catskill (ny),99735
laion,175316
west wycombe,86879
grunau,711073
ustrzyki dolne,158546
ajijic,23647
rondonopolis,7962
salento,664023
tolhuin,724178
zaniemysl,668194
duenas,73533
martos,199415
muriaux,716281
dominical,664550
artena,19271
maraba,105313
itabirito,174188
guaratingueta,19811
spital am pyhrn,545015
nove mesto na morave,110404
nador,19237
san felipe,103113
la chambre,189833
amberieux,76793
anchieta,166733
salinopolis,669256
grudziadz,72702
borgomanero,165014
savignano sul rubicone,88595
soglio,665064
tarsia,163008
zielonka,158813
michałowice (masovian),726843
ihringen,21911
formosa,102544
big sky (mt),4145
mestia,665339
pluvigner,193143
herrera del duque,667075
riebeek kasteel,665233
noyant,192686
tende,194947
latour de carol,547954
neyron,665838
guelmim,106140
redington shores (fl),19844
buritaca,720862
uzungol,705362
falera,171303
juazeiro do norte,174410
montbonnot-saint-martin,77615
tokaj,67745
gluckstadt,126618
velky meder,135942
parnamirim,178392
peronnas,192962
saint-clement (burgundy),714405
mtwapa,726723
breckenridge (tx),99664
saranda,102916
calimera,162808
osorno,9141
falkland,69223
bude,68740
blue water beach (on),718356
rheden,72513
cave creek (az),99737
vingaker,183338
asensbruk,685684
de kelders,685812
van dyks bay,723906
chaungtha beach,514493
janakpur,135860
leeton,512861
gwangyang-si,172849
brian head (ut),9064
warrington (pa),21012
ladybrand,669631
samburu national park,16913
monor,115299
nanping shi,443376
padang sidempuan,671595
oberon,671577
caluire-et-cuire,187023
san jose del monte,711616
muan-gun,177071
te puru,719144
long thanh,669642
al buraymi,513464
kurunegala,175110
toranagallu,718728
suncheon-si,181790
sarima,710874
citta sant angelo,79591
tlemcen,143751
reda,72785
saint-medard-en-jalles,194298
hechi,417464
handan,160359
tarumizu,107241
seagulls,733152
mwanza,162511
danyang-gun,212373
ujlengyel,669660
lydenburg,513653
yangpyeong-gun,183852
buan-gun,212245
kittur,718727
woolgoolga,713156
mae chaem,205433
luang namtha,19347
munhall (pa),717844
nahargarh,718782
dibba al fujairah,719326
tansen,725766
yangjiang,102467
luohe,160526
guri-si,212542
tarutung,671602
otorohanga,860
omachi,107047
gurye-gun,212544
givat yoav,671599
binsar,30347
kawthaung,719351
yuksom,671585
solan,114529
dhangadhi,725061
vila nova de cerveira,73342
yulin,160148
ramakkalmedu,710827
hawks nest,671596
rowland heights (ca),22144
phuc yen,115740
behror,669672
porthleven,70930
grandvaux,669571
tongliao,160778
khandela,710546
lanai (hi),732170
houayxay,513243
hongcheon-gun,212624
mount taranaki,671663
panjin,79763
bli bli,142123
santo antonio,719189
neauphle-le-chateau,192546
beebe (ar),99594
ellijay (ga),23469
geneva (ne),671568
flat rock (nc),22480
cho lach,220366
listikot,725775
candelaria (quezon),671654
upper orara,141980
aghmat,702321
andong-si,256452
stadhampton,132458
burdur,115967
semboku,253804
kadina,142596
sewanagala,716202
pyeongtaek-si,179094
belle fourche (sd),99602
buttonwillow (ca),103971
ocean city (nj),514217
paxton (il),514200
maldonado,133470
shelton (wa),100772
swan valley (id),667922
woods bay (mt),735364
snowbird lodge (ut),672149
ledyard (ct),23236
many (la),23384
torrington (wy),22583
walker (mn),23413
vernon township (nj),719009
bethel (me),14628
bowershall,722663
fairlea,155657
bucksport (me),103964
siesta key (fl),701914
ballycastle,128140
kaufman (tx),100206
sarıkamıs,712165
gargrave,99472
batman,167618
stockton-on-tees,18981
kirkby malzeard,708307
washaway,71962
sumy,103039
stilton,132528
cassington,128804
attleborough,68287
camborne,128753
almedinilla,666632
candelario,73471
abiego,717665
botarell,666743
losar de la vera,667183
carrion de los condes,666811
el almendro,720440
hindas,173539
kil,86043
ljungbyhed,99420
tschiertschen,665095
landquart,664951
mahdia,15482
agva,85983
hohentauern,544921
goya,109009
golem,712912
bad schönau,138867
anguilla,8614
biberwier,68553
steventon,718139
chaudfontaine,68828
bermuda,98833
quixadá,179149
gravatai,21237
luis eduardo magalhaes,669218
soure,669274
cachoeiras de macacu,669352
barra dos coqueiros,669161
samokov,71214
varshets,544645
casar de caceres,666813
rasines,199797
kamnik,85914
argamasilla de alba,666666
ar rass,244858
boltana,87802
donovaly,69019
st helena bay,78696
sremska mitrovica,105445
emalahleni,719657
pongola,78689
winterton,5068
san juan bautista tuxtepec,719457
nuevo méxico (guanajuato),719446
sayulita,513256
tripuí,719468
gol,10257
grong,103387
uvdal,544854
rymanow,158143
siemiatycze,158207
zywiec,158844
almeida,15970
serpa,16137
cacia,168876
montargil,718848
bergues,186317
nissan-lez-enserune,77679
saulxures-sur-moselotte,194578
beauvoir,76891
bagnols,7517
saint-girons,194123
saint-andiol,193875
parainen,85938
la romana,2409
argenton-sur-creuse,185773
sees,194624
nevache,77677
beaufort (rhone-alpes),721437
trois-epis,78220
campagnola emilia,163362
anghiari,11245
cisano bergamasco,99162
pastorano,668804
carpaneto piacentino,668637
caprino veronese,169123
colico,169749
portici,163197
anterivo,166813
zevio,76708
borgo san dalmazzo,165788
patti,76216
san martino buon albergo,79532
camerano,88366
funes,171844
taglio di po,181922
san gemini,180110
cison di valmarino,18106
cerea,169396
castagnito,75672
suzzara,164008
runaway bay,19009
limuru,711751
ludza,547270
tetovo,68120
horvatzsidany,115500
nyiregyhaza,67722
kopavogur,67958
aðaldælahreppur,734967
saurbaer,707590
kilbrittain,668251
zoagli,164950
nimis,164263
caltavuturo,168952
maccagno con pino e veddasca,105219
massafra,88475
scandiano,163976
faver,705068
riparbella,76351
gualdo tadino,163605
villetta barrea,164677
bain-de-bretagne,186041
cordes-sur-ciel,87303
lusignan,191604
chateau-renard,671135
plan-d'orgon,77748
vedene,195344
vezelay,87681
partinello,665915
rosporden,193724
donzere,188278
ussel,195213
muret,77663
lannemezan,190422
filderstadt,14663
bad sulza,68411
albersdorf,126401
wiesmoor,121640
anklam,68242
bersenbruck,86310
vohringen,86619
bernburg,68536
schonach,180673
bad berka,68324
polydrosos,668417
kato poroia,105789
ormos korthiou (cyclades),719947
ano chora (aitolia kai akarnania),719930
pinakates,668412
inje-gun,174093
valdisotto,669095
prutz,140967
loudes,687025
haines junction (yt),663276
iola (ks),100169
kenwood (ca),104335
new britain (ct),22072
tacloban city,702248
radium hot springs (bc),15139
hobro,87726
montezuma,513096
kalopanayiotis,664303
notre-dame-du-portage (qc),17575
scott (qc),718386
chodovska hu,736956
waterloo (on),19911
st. ingbert,663812
destne v orlickych horach,545115
parque tayrona,664016
lincoln (me),667866
dereham,663854
rheinsberg,71066
avalon (ca),88040
bahia solano (choco),663992
bruntál,109739
old chelsea (qc),177910
gautier (ms),104207
glencoe,663867
neiva,109327
saint-andré-avellin,179871
el fosforo,685639
isla mucura,720406
san isidro de el general,718612
san jorge,713165
tambor,718613
rudkobing,197278
shawnigan lake (bc),663408
white rock (bc),1179
willibrordus,669463
munsyari,720801
zeehan,513012
kisarazu,106341
whakataki,718133
rameswaram,513541
piotrkow trybunalski,668101
kuala rompin,211414
sibolga,513047
churu,718781
falkenhagen (mark),671705
benton (il),21967
beaverton (or),14733
stratton (co),100831
broken bow (ne),103957
mosinee (wi),22987
waterbury (ct),5324
thomasville (nc),23725
lonoke (ar),78824
starkville (ms),1612
lewisport (ky),104397
lodi (wi),22278
oakwood (ga),100526
bellows falls (vt),23317
franklin (pa),3369
geneseo (il),100023
carrizo springs (tx),104001
university center,148628
lavasa,512817
saint-brice-courcelles,714055
dibrugarh,114428
kravare,109788
satun,17797
nesselwängle,140944
bezons,76918
bubenreuth,168653
tuttlingen,71797
humpolec,110389
palmeiras,178294
risør,136563
telouet,664148
modlniczka,157570
melrose,86797
campbeltown,68786
hayfield,69608
fontaine (rhone-alpes),713900
barra do garças,167536
safi,21702
pfarrkirchen im muhlkreis,544982
korsor,87737
alpalhao,512975
catalão,169327
osasco,21241
martigny,225
tomaszow lubelski,705344
sierra de los padres,664224
swiebodzin,158386
inn,716275
camprodon,14678
la lechere,77354
orizaba,103100
augustusburg,68299
krumpendorf,87048
tisvildeleje,197594
rochecorbon,103581
premantura,70944
hornafjordur,665161
beernem,68499
punta del diablo,664057
volta mantovana,183425
carlentini,75642
sao jose da coroa grande,669265
stanga,181549
baia formosa,78501
brauneberg,86321
lastovo,544697
solec-zdroj,72799
vigonza,183210
mkuze,719656
breitenbach am inn,140851
samaniego,667470
wroughton,133424
tanicuchi,720886
gillenfeld,69372
sainte-marie-aux-mines,715207
porspoder,193237
kurseong,21646
koya,106929
malpe,720953
wapakoneta (oh),100909
frostburg (md),9723
avare (sao paulo),671270
freyburg (unstrut),69296
lakeside (az),22548
paju-si,19997
vau,719198
temple grafton,132699
ngorongoro,105182
rawang,162490
qualiano,105233
higashihiroshima,248476
mossuril,709725
jombang,513057
alanno,162553
pyin oo lwin,513617
seriate,669013
vandiperiyar,728371
mazamet,191944
koshigaya,108219
chenzhou,160634
kamagaya,249745
sitiawan,211915
tongyeong-si,213092
hwasun-gun,173885
esterillos este,664551
pindaya,669516
moriya,107036
mittagong,17913
yunfu,160075
serracapriola,180834
antiparos,513325
ibri,671742
millthorpe,141748
satna,390152
serei saophoan,716366
mairena del aljarafe,102337
caledon,102954
shangqiu,160544
digos,170340
green valley,734620
buckie,128646
dapitan city,728063
mudumalai,21062
bhilai,114440
tanabe,108708
mullana,718717
mentakab,671788
karnal,17940
wako,108262
al jizah,718896
bhoj balig,734429
calatorao,79565
ujjain,17946
romblon,513608
misato,251678
yanagawa,106517
salvatierra de tormes,687908
klawer,672523
pathounphone,716374
bilaspur,114441
saint-egreve,78275
nakhtarana,710728
izumo,108305
sabya,246001
hubli,102463
arthur's pass,21587
pematangsiantar,512966
ahmednagar,114597
bandipur (karnataka),720959
laugharne,86774
ely,69144
tambolaka,671803
nong khiaw,513609
doun kaev,716349
penola,102394
peone,192948
pietermaritzburg,21890
lubuklinggau,292827
moshi,162510
grittleton,69451
caleta de campos,665618
ay,185999
frome,17736
giverny,19714
victoriaville (qc),514118
linxe,548047
grand forks (bc),172475
saint-macaire,712439
fairview park (oh),99958
west plains (mo),22542
overgaard (az),104601
grande-synthe,77274
thorens-glieres,666391
revel,77901
les rousses,191276
francheville,188842
saint mamet,666192
pleumartin,193093
eddyville (id),735530
fort nelson (bc),98865
chilliwack (bc),935
thetford mines (qc),15257
meursault,77589
saint-alexis-des-monts (qc),17647
yorkton (sk),15539
quartier du port,718904
elmesthorpe,129598
aldergrove,68170
saint-riquier,78381
necochea,108934
clarence (ny),23521
akti idras (argolis),719978
angistron,235152
providencia,664018
lajosmizse,114821
petworth,70882
spiegelau,5829
otura,717472
trindade,182492
americana,21231
sonseca,200056
marilia,105314
elisabeth-sophien-koog,126557
keldur,707125
fertod,664512
osthofen,70798
gawrych-ruda,726839
neunkirchen am brand,671123
jattendal,174338
white haven (pa),100958
bergby,167801
seferihisar,664662
wye,72183
horská kvilda,727842
reykjahlid,79385
peraseinajoki,664383
newel,86518
beddingham,128248
irapuato,22394
tighnabruaich,71720
gladenbach,69378
iskenderun,19786
bishopton,68583
olpenitz,703153
csopak,115537
basiglio,702198
rosolina mare,668876
sorso,181424
aiguines,547354
gheorgheni,172198
plaka (leonidio),719959
olocau del rey,73743
creon,77130
piana,77736
chomérac,187649
ait ibriren,719059
piranhas,716216
itu,174241
verneuil-sur-avre,103603
kragujevac,105436
bizeljsko,664326
limone piemonte,75983
ternopil,182119
moeciu de sus,86209
tamraght,664147
arcos de valdevez,166916
obertrubach,70748
grzybowo,72703
przyjmo,668107
suwalki,513544
blace,544660
solheimahjaleiga,685802
terralba,182127
trecase,76631
vaglia,182844
padula fede,719120
lapedona,668709
tavagnacco,164373
rosolina,76377
verduno,669114
arqua polesine,715409
myvatn,16860
ronchi dei legionari,76371
noordwijk aan zee,16009
paralia (fanari),718586
chinley,128939
carmelo,103359
milton abbas,131297
stokenchurch,71585
mouguerre,192443
karuah,513066
berat,512777
ballymascanlan,719648
castelltercol,666836
monachil,101029
calcatoggio,87265
penne,162680
klodzko,72721
san miguel regla,685910
schonwalde,71343
radfeld,140968
drouseia,718664
gallivare,99416
zapallar,665308
abbekas,166130
petersberg,70879
blesle,186503
leonidion,668372
villaputzu,669135
tutzing,117536
tannesberg,664192
tagum,702181
hanzhong,161043
matara,708966
dodoma,162506
nayoro,106806
matatufu,712003
bagnoli del trigno,165649
gaya,30354
tsuyama,107957
weinan,79922
snowshoe (wv),155802
satellite beach (fl),100739
atwater (ca),200610
petit-saguenay (qc),17594
jersey cove (qc),726226
north hatley (qc),4922
baxter springs (ks),146766
saint quentin (nb),672212
alexandria bay (ny),103854
timmonsville (sc),100860
thayne (wy),156204
davis (wv),155639
hanover (on),173127
clinton (bc),17464
basye (va),103894
charleston (mo),99751
weyburn (sk),183657
summerville (ga),203554
lyndon (vt),736773
les escoumins (qc),17541
barneveld (wi),155855
fox creek (ab),672256
diboll (tx),22016
trinity (nl),672217
portsmouth (ri),672118
saint anthony (nl),672086
littlefield (az),672111
harbour grace (nl),173147
lac-megantic (qc),672184
stratton (vt),6757
wantagh (ny),151208
bouctouche (nb),17445
mattawa (on),176453
calumet park (il),103985
malahat (bc),10711
fairmont hot springs (bc),14484
lampe (mo),149399
maricopa (ca),672112
st. michaels (az),672136
fryeburg (me),104183
pinconning (mi),148540
dublin (tx),672102
souris (pe),672200
port au choix (nl),672248
long neck (de),672143
cow head harbour (nl),672240
shasta lake (ca),203382
fort hall (id),201606
eaton center (nh),149872
kenedy (tx),104332
inez (ky),104303
yachats (or),105025
iqaluit (nu),718025
sedro-woolley (wa),672219
lovingston (va),155178
pine flat lake (ca),672140
hailey (id),104246
garden city (ut),672104
danville (qc),170142
ochopee (fl),736107
cascade (co),200972
sainte-julien (qc),726055
isehara,107282
benson (az),99615
fitzgerald (ga),23166
pleasanton (tx),100612
schertz (tx),22968
sharon (ma),22712
konopnica,157181
cox's bazar,671817
cockeysville (md),23575
bot river,719246
llanharry,130975
panadura,178314
ludlow (ma),22284
alva (ok),152200
timika,709532
nam cat tien,702291
balastya,671820
batang kali,207822
riastuine ah,723887
chino,107625
mutxamel,79442
chemancheri,718742
hayle,86754
bethulie,688610
willowmore,688639
lancelin,711796
helston,69644
sylhet,513022
khulna,513017
tilottama,720361
raglan,102480
hassan,8890
valparai,672977
sennan,253824
kondotty,739489
yelagiri,512705
loxton,688614
karimunjawa,513226
koh rong sanloem,710566
sonapur,734385
bristol (ct),21190
bahia de caraquez,102904
bedarona,727033
isparta,174181
ladis,87051
kakovatos (messinia),728294
zyrardow,158843
yecla,73955
sicily,19446
vaujany,77822
aire-sur-l'adour,719261
cruzy,714846
federacion,102543
mount pocono (pa),100461
dry ridge (ky),20806
archdale (nc),20731
seaford (de),246
villa di tirano,712890
ardea,164419
brisco,128589
fritton,686137
turquant,714362
tegernheim,71673
tayport,132689
morosaglia,720573
fulton (tx),7004
eidfjord,16946
de aar,669498
ombersley,723194
coswig,68892
birini,547249
blere,186500
caicó,168900
cande-sur-beuvron,715156
pouance,193257
concórdia,169829
großenlüder,118917
guaxupé,172742
herberstein,140420
jablonné nad orlicí,110089
jaguarao,174281
jaú,174340
joão,174365
korbin,140484
avigliano,162738
lauria,163136
livani,144180
loheac,191470
luziânia,175991
mairiporã,176121
marges (rhone-alpes),715024
marigny-saint-marcel,714319
melejís,199453
correze,20391
moret-sur-loing,192406
nilópolis,177472
san giorgio di nogaro,715994
olías del rey,199598
paranaguá,178364
perouges,192965
la destrousse,714922
ptolemaida,162028
rellinás,199812
ribecourt-la-tour,714425
riec / belon,666013
são joão da boa vista,180484
cha-re,693965
maroantsetra,707846
myitkyina,671715
elaionas (diakopto),719937
westerkappeln,124135
olching,15301
komarom,67712
bahia blanca,102530
grinzane cavour,713765
hilf,704750
helchteren,134454
campan,547544
unterlamm,545046
buonconvento,168738
oxapampa,668215
lorch-lorchhausen,663674
fort-mahon-plage,77233
subteniente lópez,724982
moixent,667225
spisska nova ves,136048
ljubno,110897
savignano sul panaro,669005
saint-claude,719265
plon,99100
hennebont,13278
vra,197797
cossombrato,715616
evanton,127973
andenes,16267
rechlin,663750
châteauneuf-la-forêt,721209
competa,73508
stazzano,716070
savignac-les-eglises,704672
saint-pierre-de-chartreuse,194356
leme,175548
mesta,105811
liepupe,547268
corbehem,714945
encarnacion,10340
mont belvieu (tx),154517
oppede,192757
enveitg,715171
oughterard,2479
new hamburg (on),177412
crested butte (co),99835
weston (staffordshire),721603
prentiss (ms),149148
plaka (cyclades),718190
contes,187843
carrancas,669175
north wraxall,131527
handley,130157
palomino,664015
orphir,86823
aspen meadows (de),720042
skultuna,181207
burserberg,87002
trsteno,71784
ferreira do alentejo,73210
oliveira de frades,73262
castro daire,88690
ben lomond (ca),21948
ruente,667450
colonia carlos pellegrini,664176
sazava,67515
ustronie morskie,88214
elzach,69145
toloriu,667596
tsqaltubo,685844
akcapinar,685657
feetham,686135
threlkeld,686168
el arissa,685423
lamud,688082
ire,685700
lichtenburg,685817
fouriesburg,685813
sales,688382
gabala,686433
sao goncalo do rio das pedras,688387
luka,686338
zlutice,685539
stadtprozelten,686080
aguas de lindoia,676155
vrith,685791
llanstephan,703226
portugos,687876
chignahuapan,685888
lamastre,87385
guatape,685461
montverdun,687120
vimbodí,200361
pedrera,687864
orihuela,10531
ziemupe,547297
chotowa,687994
verunic,686352
andelsbuch,686382
zarza la mayor,687981
san quintin de mediona,687915
dornum,86338
maria farinha,688367
veruno,688326
bosanska dubica,686115
myrdal,686372
kato pyrgos,685552
ilha comprida,688359
martil,685427
belchin,686271
penamacor,688423
cuatunalco,685889
talladale,686145
castiglione falletto,688170
zirkow,686114
lunahuana,688083
hurdal,686368
larche,190457
aurachtal,713532
cretas,687705
velipoje,685790
guaramiranga,688357
stritez,685521
słupno,723831
gravatal,688356
srebrna gora,688056
bischofsmais,68578
tlatlauquitepec,685916
cabia,687660
wolfsthal,686428
huasca,665642
vallenar,685842
vrdnik,688459
forquilhinha,688354
assergi,688121
zakret,688076
bledowko,687985
saint-julien-en-champsaur,687366
la rabita,687792
suderburg,71620
peyrouse,687193
pianfei,688271
le bleymard,686971
la alameda de la sagra,687778
caunes-minervois,686634
labastida,687796
jagodina,688452
barnau,685955
mazunte,685898
corbeny,686703
kaub,686004
jaroslaw,688014
chacala,685887
ger,687753
sochocin,688053
mineral del chico,685900
ayllon,687632
golssen,685987
la lantejuela,687786
friville-escarbotin,686812
biri,686356
dietramszell,170335
balikesir,685662
docksta,685691
latur,685799
theziers,687509
sainte-bazeille,687310
cancon,105678
loubajac,687023
annagry,688086
la vigueta,719438
yeşilyalı,728791
levenhagen,686017
pinos puente,687869
san agustinillo,685908
areia,688341
paracuru,688373
rio de contas,688380
marataizes,176289
paraipaba,688375
corumbau,688347
saint-remy-de-chargnat,687422
vallegue,687537
magny-en-vexin,714690
montebourg,192258
pipriac,193051
resteigne,686216
brienza,688134
fraisse-sur-agout,686807
le theil,190926
momigno,688242
champorcher,688178
rhemes-notre-dame,688288
brunflo,685690
enanger,685694
rojnici,686346
rechka,685864
bela crkva,688447
stechlin,717089
carmo do rio claro,688346
guemene-sur-scorff,703992
lodose,685706
scotter,686162
santana dos montes,688385
eyrarbakki,685796
terrades,687947
stassfurt,686082
castelletto molina,688163
el aguaje,685891
tarouca,688432
pedras salgadas,688422
schofweg,686069
tlokinia,688062
loriga,688413
el cerro de andevalo,687720
aranhas,688401
nuova gibellina,688258
koknese,686450
velleches,687544
tournay,195088
tofta,86083
les terrasses,191293
confolens,187826
cazilhac,686639
saint-crepin-ibouvillers,715079
la-gripperie-saint-symphorien,686936
bellac,186264
saint-savinien,687431
merris,687078
saint-jean-et-saint-paul,687356
salvagnac,194496
chanaz,686655
saint-hilaire-du-harcouet,687345
saint-blimont,687296
saint-mayeux,687391
luche-pringe,687030
mues,687841
langen brutz,686013
struckum,686085
kirchdorf an der iller,716736
mamming,686022
dourgne,547696
granges-narboz,686840
buire-le-sec,686606
lucmau,687031
hermonville,686859
noyers,192693
sainte-marie-du-bois,687318
ploudalmezeau,193117
carcedo de burgos,727607
wildpoldsried,686107
magyarszombatfa,685616
kilconquhar,686143
dalmally,68937
fehervarcsurgo,685602
emen,686282
kihnio,685569
kulennoinen,685573
kivijarvi,111810
aschach an der steyr,686383
amacuzac,685884
grenivik,676122
suderholz,686087
karkle,687586
castellfollit de la roca,713358
thomatal,686426
hohenkirchen,127430
paradsasvar,685623
sunisi,720231
lonja,686337
suzy,687497
rozoy-sur-serre,687274
bisaurri,687650
eggedal,686360
droblin,723822
saint-nicolas-de-la-grave,687396
saint-arroman,687287
branavieja,704440
montmarault,687116
ademuz,687607
aljucen,687621
senterada,687927
felgar,688409
uayma,685917
pared,687859
brobyvaerk,687596
marville,687063
joal fadiout,734037
balaives-et-butz,686549
puerto angel,685906
sietamo,687933
harmanger,685698
wangiwangi island,735618
mulsans,192499
anaya,197987
gavray,188978
moncontour (poitou-charentes),719266
laranjal paulista,175419
maringes,191810
carentoir,187089
melesse,191975
airvault,185558
saint-thomas,204051
mnisek pod brdy,110257
chateau-du-loir,686659
burkau,125253
gernsheim,69360
sudbrookmerland,86601
taradell,200088
rottenburg an der laaber,117163
quarry hill,685920
villanueva de la cañada,200332
belmopan,103134
soyaux,194844
ramsey,716398
burg (mosel),713557
nordwalde,123451
dietenhofen,170322
grosslobming,140389
spodnja idrija,102667
rawlins,720502
corpusty,717238
playa pelada,718615
braniewo,156388
trzebiatow,158972
chirnside,128948
winden im elztal,125038
grossostheim,172645
pilion,241157
ahuachapan,685877
adria (rovigo),715380
squinzano,181522
skrunda,144205
moraleja,199520
los molinos (madrid),727089
nora,177525
joutseno,111633
vaihingen an der enz,182850
hrusevje,110976
farroupilha,171344
san antonio de los cobres,78484
ituiutaba,174242
itapira,174216
lavras,175486
cianorte,169638
volta redonda,183426
lajeado,175318
capitolio,105284
pelotas,178490
gaspar,172036
nova veneza (santa catarina),729411
araras (sao paulo),671269
alfenas,166475
santa marta de penaguiao,88724
guaíra,21729
imperatriz,174043
uruguaiana,182801
votuporanga,183448
santa maria,180379
trenque lauquen,108965
chilecito,664174
drizzona,715636
cellere,164479
orta nova,178048
azcoitia,198094
skhoinoussa,242099
fier,102913
lilla edet,175651
lycksele,175996
broni,165033
spytkowice,158286
deerlijk,135664
bockhorn,126468
bethel,711134
roman,20001
caransebes,169138
biddinghuizen,144572
la garita nueva,726328
ashdod,144056
mollersdorf,139176
bere regis,128287
tongue,103341
reftele,179324
oleiros (castelo branco),712610
east halton,129493
mohelnice,110053
cleebronn,169693
nea trizonia,240284
uniejow,158539
sanok,158174
cedry wielkie,156458
svit,136054
czosnow,156590
kutno,157336
wees,127180
undredal,137983
beusichem,144909
prepotto,164302
seravezza,180822
gratteri,99168
venafro,164672
granozzo con monticello,165922
cavour,165857
crosia,162848
castelforte,164470
grumello del monte,165207
fonzaso,171595
san piero a sieve,180197
borgonovo val tidone,163336
monguzzo,668748
fumone,164516
stryków (lodz),720518
gmund in karnten,672872
belleplaine,685925
rumilly,513211
hofkirchen,116014
altrip,124216
slagharen,185085
bellignat,186280
epping,103260
trie-sur-baïse,720633
rang,193469
malesherbes,191687
amos (qc),9947
fremont (mi),735496
auriol,185927
mauchline,131214
north bend (wa),23332
peille,192934
lagnieu,190320
saint-jean-d'angely,666145
haliimaile (hi),732172
courlans,187966
cerizay,187212
neufmoutiers-en-brie,192576
vicq,195484
anthy-sur-leman,714100
donneville,188274
cahuita,512903
gien,189044
porquerolles,513666
saint-sever,194418
magescq,191633
laudun-l'ardoise,715196
bo'ness,128453
crouy,188085
guer,189271
aurora (oh),23243
orthevielle,192800
cloyes-sur-le-loir,87296
gavrelle,188979
marseillan (herault),672897
marple,131188
fort irwin (ca),201608
crosne,188082
gif-sur-yvette,189046
civrieux-d'azergues,187673
kelbrook,130591
san juanillo,664563
knob noster (mo),100225
champagnole,187317
port hope (on),6896
cenon,187200
douvrin,188301
shaunavon,180880
lauris,190515
givet,189072
morrisville (pa),22512
romans-sur-isere,99056
boca tapada,726314
kakalioraiika,237219
rians,193571
grans,189198
greensboro (ga),21483
llanbedrog,514485
achnasheen,103225
aiani,234831
hosingen,109114
lubin,157424
jacobina,174267
castanhal,169292
mar de ajo,102556
batatais,167610
sarandi,180537
ambato,166681
gracias,664545
san francisco,103114
sayula,23646
raufoss,137585
gratwein,140384
waltrop,124083
treuen,125829
wehrheim,119514
hasselager,196572
el estor,676120
progreso,179029
uvita,102783
ojochal,671087
mineral del monte,103096
fajardo,23685
la parguera,687602
zujar,103830
arenas del rey,198029
chala,702160
cadrete,198311
grisolia,668699
montefano,165584
colmurano,165544
morrovalle,165594
ficarra,171437
appignano,165509
valenza,166094
cividale del friuli,164155
bredenfelde,119642
rosal,199846
elea (molai),719952
itatiba,174227
aquidauana,166868
piraju,178693
hopkins,103139
feneos,236733
colmenar viejo,198561
schoneck (main-kinzig),716848
abfaltersbach,140833
geetbets,134960
mont-saint-guibert,135117
stainz,140740
elsteraue,717178
zoersel,133884
hartland,130203
freinsheim,124405
kapelln,139065
schwenningen,180724
zirovnice,109549
kannonkoski,111699
musbury,708405
gnarrenburg,120560
svenstrup,197547
sankt gallen,140689
hoczew,156884
leigh upon mendip,130838
hodrusa,135875
grubbenvorst,145578
hillscheid,124515
erkelenz,122381
giebelstadt,172216
nagold,177221
isla violin,685642
huldenberg,135011
broek in waterland,184238
komen,110985
bihac,127778
nadiad,669615
casino,141486
hsipaw,669566
mahiyanganaya,513433
gadag,688612
bhuntar,718093
belgrade (mt),22346
port st johns,733146
huainan,79734
lansdowne,671787
manikaran,710651
karak,185475
moneragala,716203
pocheon,710808
beaufort west,78608
rosedale abbey,132035
longvic,77509
boryeong-si,212243
fenghuang,160352
catanduanes,688629
kollengode,718736
alexandra,21586
batticaloa,167622
jhumri telaiya,739124
awatuna,688620
zhoukou,160573
waihi,281648
uijeongbu-si,106047
morogoro,688622
afogados,166238
afton (mn),514477
sao pedro,180513
évora de alcobaça,736809
aljustrel,669293
alma (nb),17418
alonnisos,105726
anafi,235079
san martino di venezze,712867
aragnouet,185733
araguari,166884
arbós,198017
arkitsa,235514
arroyo de valdearroyo,666675
attica (in),200609
baccarat,186016
reichenau (carinthia),729802
banos de montemayor,666696
barichara,663993
bragança,168440
bay minette (al),23135
belalp,664819
blewbury,128416
blind river (on),168138
bobowa,156337
brixlegg,544877
brookshire (tx),99677
brusque,105274
busca,165808
canoinhas,169079
carvin,103511
caye caulker,103136
charols,547590
chauvigny (poitou-charentes),721362
west dean,133093
clogher,129016
collecorvino,162622
conselheiro lafaiete,169837
coronel fabriciano,169898
pontelongo,178832
coutras,188005
sandford,132135
crofton (bc),663244
crookston (mn),104065
cuautla,170035
cursi,170073
dilley (tx),514379
dirbach,67430
belvedere langhe,715436
dorset (vt),671173
doylestown (pa),99887
dubois (wy),667812
dvur kralove nad labem,545130
geislingen,716763
essex (mt),667821
falstone,129685
farrington gurney,99470
florac,188725
ury,9033
frampton on severn,129819
lasne,664121
hampton township (pa),720158
goura,237058
göttlesbrunn,138966
guasave,172739
gulf breeze (fl),22777
hauterive,189374
henningsvaer,544792
hiram (ga),22674
hopewell cape (nb),672189
hueto abajo,198996
hutchins (tx),100155
irbid,185472
torretta,182370
jarocin,156940
jerichow,126107
juazeiro (bahia),688484
kakopetria,664301
kokkala,238419
laboe,86459
west brome (qc),718382
landau an der isar,116362
pockau,125695
leticia,512746
liskeard,70207
manchester (ia),100346
vichayito,718899
manteo (nc),104433
salto del laja,16656
matinhos,176446
menidion,239803
mezzocorona,176627
minden (rhineland-palatinate),713628
mount vernon (ia),100463
myjava,136076
oregrund,178002
saint-fargeau-ponthierry,715193
ceuti,198513
mesa verde (co),17556
shelburne (vt),79899
los planes,726335
philipsburg (pa),104637
pilisvörösvár,115315
playa grande,102775
plessisville (qc),178739
ploufragan,193122
pomos,664317
popoli,76280
port elgin (nb),663358
porto de sauipe,718546
potton,131841
pristina,105442
raesfeld,70990
rathfarnham,159232
rehau,103214
marchinaickenpalayam,718791
rio do sul,179493
roanoke (al),104702
rotha,125733
avesnes-sur-helpe,547412
maintenon,191655
santa maria del cedro,668943
saray (tekirdag),728894
sassello,164907
sauzet (midi-pyrenees),713833
seaside park (nj),104750
siglufjordur,685801
sigmaringen,180938
skärhamn,181138
skocjan,111208
idrija,110977
springe,121439
sprockhövel,123882
stoughton (wi),100828
svoboda nad upou,545280
tarare,194920
tena,665147
mungrisdale,708404
três lagoas,182466
twillingate (nl),17679
umuarama,182697
várzea paulista,182997
velké hamry,110002
venâncio aires,183112
viçosa,183178
vilhena,183252
villiers-en-biere (ile-de-france),714541
vittsjö,183398
wildey,183697
zuna,185438
oakey,701451
panipat,114515
chai prakan,204438
bagabag,688643
vagamon,688630
ashdot ya'akov meuhad,735878
kaluk,688631
aberlady,68133
kangaroo valley,512775
qiandongnan,447886
kalaw,19818
kuaotunu,737470
enugu,171042
hadspen,142762
oatlands,142800
bathinda,710247
andavadoaka,733714
muang pakxong,710706
yanan,161090
hanwella,390175
campello sul clitunno,725557
stana de vale,688594
sutomore,669461
wendling,133073
swarzedz,88208
szentgotthard,67734
perth east (on),718205
teixeira de freitas,694493
tejeda de tietar,694401
huaihua,160659
yea,143406
great ocean road - aireys inlet,513669
raja ampat,512755
malolos,176192
sagada,688616
manzini,110548
bhusawal,716379
crestwood (il),20797
monclova,18233
libertador general san martin,693594
falls creek,15827
darling,665196
houtboschoek,711851
piet retief,178633
honiara,671776
kulu,718091
makwassie,733247
urdaneta,182782
padre burgos,702265
rudana,710847
nanchong,161314
thrissur,17997
sukabumi,12820
hastings (mi),716190
vilanculos,105406
yarrawonga,143403
daet,170092
chidambaram,512698
mahalapye,694515
jalgaon,114612
gulgong,694523
nitmiluk national park,734651
indented head,728435
sangli,114636
bruay-la-buissiere,76974
luanda,105417
nethy bridge,86809
yzerfontein,669487
powell (wy),156194
mount pleasant (tn),717837
ellsworth (ks),147528
ballard (ut),709132
cushing (ok),713151
goliad (tx),154356
dayton (wa),717350
glenwood (mn),717965
carbondale (pa),718311
yuncheng,161273
karur,114717
igatpuri,30358
kingston,105936
nilamel,724575
kundapur,712030
touws river,513665
bidur,725765
baturaja,694528
jwaneng,690285
basco,690284
tocco da casauria,162714
topolobampo,693994
traunstein,117509
misano di gera dadda,671699
muscle shoals (al),100473
umatilla (or),22202
urke,694130
concha,727153
laisvall,664732
fontaine-les-vervins,714795
villa las rosas,693607
villafranca montes de oca,727520
voi,694415
wegrow,158569
wemmel,135244
bergeijk,713285
westvleteren,686230
wiarton (on),183671
yvrac,195809
zacatlan,693997
zarnesti,512834
princeton (ky),672119
laplje selo,719362
carate,720868
arc-sur-tille,714824
reghin,179328
ribarroja,73805
saint-mathieu-du-parc (qc),17666
saint-cirgues-sur-couze,713933
sakskobing,197292
salto del guaira,694088
san clemente,73823
san juan de los lagos,693988
san leo,88557
san pedro tesistan,693989
santa maria madalena,694490
savonnieres,194611
schalkenmehren,71277
cuverville-sur-yeres,714564
sherbrooke (ns),663411
siebeldingen,124936
maizery,713991
simmern (hunsruck),716940
søgne,138352
marktschellenberg,70354
maroni,664310
mellensee,70403
la chaux-du-dombief,721178
tepotzotlan,103121
milomlyn,694424
moletai,195974
lajatico,715711
mollosund,86056
pantón,717649
acquaviva picena,101021
moroeni,693938
mount olive (nc),100459
moutiers,2662
mucuge,694483
nienburg (saale),717188
niederau,70649
mouy,192480
saint-haon-le-chatel,694294
novi vinodolski,70699
nuevo arenal,693844
stjärna,181635
cocoyoc,15357
ocana,693622
ocoyoacac,177822
olmue,665288
omiecourt (picardie),714176
osmaniye,693859
ouro branco,178179
panguipulli,102996
papallacta,693889
paraibuna,178359
paranapiacaba,694485
parauapebas,694486
damshagen,716872
pinecrest (ca),667893
poasito,664561
polizzi generosa,688279
port carling (on),12242
port of spain,5086
portavadie,694071
nyúl,727897
halle,134982
coverack,129151
herne,694091
nogales,103098
cidones,694347
hinterweidenthal,69711
sylt,672879
huaquillas,693886
kirkburton,130721
hümmerich,513404
idre,173950
viseu de sus,688608
ilha de itamaraca,669203
ilok,694113
innisfail (ab),98879
iwonicz-zdroj,72704
ixmiquilpan,693978
sandy hook,203314
korce,693892
kruje,693894
krummbek,694043
loutra (kythnos),719979
la pedrera,664050
lavagno,705086
el sargento,721694
zoutekuylen,734599
langemark,686196
laranjeiras do sul,694480
laufersweiler,124644
laugarfell,693897
laureana cilento,163135
lavannes,190523
legde/quitzobel,716836
lesina,175592
lillebonne,191401
littlehampton,86780
balfron,128133
locri,175781
los lingues,693918
lozenets,86948
lumberton (tx),100326
machali,693919
penanes,704610
bulacan,168722
karatsu,108167
benton (ky),22352
biga,167947
billerbeck,121948
black rock,102434
blovice,110131
bogazici,115966
borsec,688580
brigstock,128579
brinzio,165031
ganges,547771
bromyard,68716
buttelborn,118758
camaqua,694473
capmany,687672
caravia,694341
roccamontepiano,162696
casteggio,165093
casteljaloux,547556
puerto colombia,712119
ceccano,164475
adorf/vogtl.,68148
aguas dulces,694080
al azraq ash shamali,694151
alsen,693863
altfraunhofen,694034
anapoima,693614
san gerardo de dota,720418
anilio pelion,694450
araguaína,166883
portu maga,719544
gallio,715665
aubange,68289
igrejinha,719758
babcary,694060
babruysk,693676
bagnoregio,164424
bakuriani,21568
barahona,103424
baraqueville,76869
bawiti,78542
benichembla,694336
fort macleod (ab),663256
gardur,665157
genissieux (rhone-alpes),714451
giffaumont,694206
gold bridge (bc),17492
good living camp,693998
graddo,664706
grande riviere,694011
gualeguaychu,102545
laakdal,701761
el limon,694003
emborios,236431
monte grande (buenos aires),732408
east st. louis (il),201408
farindola,162642
fish river canyon,693966
bois-d'arcy (ile-de-france),714180
lugrin,87428
cervena voda,110027
chambord (qc),672218
chamouille,20374
brackley beach (pe),726045
swallowcliffe,132641
chingola,694408
chipata,694409
chojnice,156485
hurn,130501
ciceu,688553
colbe,68871
cornedo all' isarco,715610
vers-pont-du-gard,715220
chapadmalal,723937
campofiorito,715494
coveland (wa),735419
cravinhos,169984
creston (bc),169997
fontiers-cabardes,715141
dalvik,67901
demnat,693567
diepoldsau,170314
domme,514506
kirkburn,708306
eglinton,69109
enshi,160579
schulenburg (tx),100750
bokaro,513440
clear lake (sd),23351
huntington (wv),10122
linn grove,146185
moundsville,155734
spruce pine (nc),104813
chalakudy,711847
had nes,545333
livnim,545354
quzhou,30335
chassieu,77052
aparri,701598
old lyme (ct),514214
castillejos,671627
potchefstroom,178940
purnululu national park,702196
mitchell plateau,728454
king leopold ranges,728551
nirranda,734703
dakhla,85859
yarcombe,72188
callow hill,722727
kington,69948
peralejos de las truchas,667365
arans,694448
este,171195
ponte nelle alpi,178825
pergola (urbino),715881
costalpino,688193
ferrere,688204
tratalias,688322
markdorf,70344
san michele al tagliamento,668921
cornigliano,164764
amarynthos evia,671239
fucecchio,171829
marano di valpolicella,176284
baleal,73164
cervasca,715574
north palm beach (fl),22995
casteldaccia,88385
albareto,715283
borjomi,665333
braemar,128513
missen-wilhams,686028
laufenburg (baden),175464
indian brook (ns),174060
malinalco,665649
cacoal,168877
san martino in badia,668913
ngaparou,669403
wakefield (ma),17690
strongoli,163006
skafidia,105167
dolna banya,69009
rewal,72787
lepine (nord-pas-de-calais),715021
steingaden,686084
puch bei weiz,544986
ricaurte,707518
oracabessa,198
mljet,513410
patreksfjordur,665164
santa luzia,688429
modugno,88483
bechyne,67462
loutra ipatis,239357
belforte monferrato,715433
casalecchio di reno,163409
capua,163078
rojales,87974
martinez de la torre,103094
fraz. padola - comelico superiore,668608
quintin,193438
artern/unstrut,127235
chillan,665275
trikala,105174
nyirbator,115428
kinheim,102180
eldorado,724847
stichtse vecht,713286
comunanza,165545
la calzada de calatrava,687781
santa catalina,694412
perca,178519
pieszyce,157861
kozieglowy,157234
rio lagartos,693986
cartago,19721
cadenberge,120297
soderkoping,67837
henne,196608
selo tatariv,665521
bionaz,668664
calatafimi,75590
roquefort,666025
stromberg,71611
grafling,717063
kirchham,663643
yamachiche (qc),183836
sarrebourg,194542
jeuxey,189628
aiguilles,547353
beaumes de venise,547439
tuscania,76644
condom,77112
saint-raymond (qc),179944
ollomont,668790
grand falls-windsor (nl),663269
jastrzebie zdroj,156958
bad endbach,68341
sete lagoas,180853
tresviso,667618
zumaia,88034
belmar,149962
poronin,668127
kakamas,174472
narzole,668778
kerry,130619
three forks,149663
dunmore east,668238
torekov,664779
serra san quirico,688314
preveza,21376
buseto palizzolo,88360
levidi,718192
rumburk,109965
walker (ca),667931
edina (mn),104130
chernivtsi,103019
drobeta-turnu severin,68094
sucevita,20009
zdar,110020
nove hrady,545215
glyki,237016
bala,68425
forsyth (il),9895
merriam (ks),4390
piscina,715898
chiusdino,75759
leucate,87418
selargius,76532
trichiana,182484
lucija,110990
bachevo,86938
fenwick (de),671178
apalachin (ny),99544
manipal,114560
gopeng,208250
kampong cham,18911
jiyuan,160523
langthwaite,723040
shifnal,71441
cambuquira,701647
vargem bonita,701958
vila gloria,701962
euriapolis,701695
canarias,701650
margaree harbour (ns),701793
wabamun (ab),701975
godbout (qc),701711
maynooth (on),701798
puerto cisnes,701858
huamantla,701729
cerocahui (chihuahua),665619
san juan del llanito,719458
dos montes,724832
cuatrocienegas de carranza,701676
las escobas del venado,701765
sasino,701909
rupea,701887
ineu,701732
campia turzii,701649
lompoul,701780
foundiougne,701701
gracanica,701715
novi banovci,701821
herold,701722
ricobayo,701877
quintanaduenas,701868
pereda de ancares,701843
puebla de alcocer,701857
paramaribo,512691
kulan,175038
johannisholm,701740
utende,725723
richmond (mi),701876
spring valley (mn),701920
ntowololo,701823
sal rei,105425
kumarwarti,719340
tūākau,719146
bandar baru enstek,719778
michamvi,688109
ananindeua,166729
holyrood (nl),173704
coreglia ligure,715607
kematen an der krems,729767
jaboticabal,174261
tramandaí,182425
campos novos,78504
guaramirim,172730
hortolândia,173767
clearview (on),718242
otterbury (nl),726082
rocky harbour (nl),17617
thessalon (on),182159
nakusp (bc),177232
seguin (on),718036
praia,105423
ocotal,713167
coulibistrie,701996
monte cristi,700845
olliergues,192737
saint androny,102243
lafrancaise,686935
saint-pere (bourgogne),713862
cros-de-géorand,720753
villette-d'anthon,195627
cusset,188123
saint-pierre-de-chignac,666176
beaurains,186220
bois-d'amont,186533
faches-thumesnil,714089
la ferté-gaucher,719270
andouillé,721333
montherme,192300
schafstedt,713509
rohr,71109
schlehdorf,71307
redwitz an der rodach,713560
chamerau,716770
herborn,118989
amatitlán,719182
baricella,163303
zocca (modena),716171
megliadino san vitale,715751
aci catena,166179
monticelli d'ongina,163743
piedimonte san germano,668827
arienzo,163043
calcinate,165044
foppolo,513234
poviglio,163830
drapers,685653
tamazunchale,718636
loenen,72443
uggdal,137110
eidsvaag,137145
brodnica,156396
arłamów,705341
siedlce,158198
mniow,157566
olkusz,157738
prudnik,157964
calhetas,712507
lipanesti,175724
gustavia,513088
pinofranqueado,667372
santa eulàlia de riuprimer,717509
almoradí,197963
villablino,200304
vormsele,734088
wutach,716760
severn stoke,132216
bainbridge,128130
somerton,132378
stanton drew,721558
ashdown (ar),200588
burney (ca),200880
gold bar (wa),155432
honesdale (pa),153021
new boston-morea (pa),720157
molalla (or),152551
russellville (ky),23249
whangaroa,512712
hawkesbury valley,17902
bac lieu,204055
sar,734446
infanta,514513
peekskill (ny),514199
jamnagar,114488
sarnano,76499
spormaggiore,706161
sant'antimo,76488
pavullo nel frignano,163782
parrano,76212
serra san bruno,76543
manzano,164230
torrenova,182366
canosa sannita,715501
cagnò,725592
balnarring,712230
fourmies,255
turriers,704707
tallard,194907
sainte-livrade-sur-lot,78278
rockingham,23686
macrohon,702032
entebbe,105411
huerta grande,664265
jarnoltowek,668006
baile govora,665564
sfântu gheorghe (tulcea),729900
kinna,174756
east kilbride,12805
north walsham,70692
bishops tawton,708065
fern forest (hi),732141
canyon lake (tx),717365
victoria,102582
westlock (ab),98948
metabetchouan (qc),176606
duitama,109338
san gil,664025
cakovec,136355
brande,12316
rosrath,71121
hochstadt an der donau,716779
kupferzell,175100
moorgrund,717226
bogacs,664501
thorshofn,665170
seydisfirdi,665165
haukadal,665158
kiryat anavim,735907
monte gordo,672864
chicanna,78559
kriftel,119101
kastrosykia,237694
caspe,198454
sao roque de minas,701907
itanhaém,174204
calatanazor,687662
ladismith,665219
lamu island,16910
witsand,102972
worthington (mn),22839
seminole (tx),154666
phnum sruoch,716361
faskrudsfjordur,665156
dumbleton,69050
martapura,707842
cuttack,30350
porbandar,513225
thirsk,71704
monsampolo del tronto,76089
roi et,17795
zitundo,694525
kargil,512734
bojonegoro,671806
worcester (ma),19522
segamat,162117
lingayen,671710
yeoju-si,213165
jackman (me),667847
nigel,177470
hiawassee (ga),22653
zavazna poruba,686265
cooperstown (ny),22886
paraiso (guanacaste),720869
gutach (schwarzwaldbahn),716750
lichtenau/ westfalen,70170
tineo,103807
yalova,102823
catemaco,169334
okuninka,705388
golden hills (ca),717739
kenora (on),1293
torreilles,195067
annemasse,12584
tarnobrzeg,158455
san patricio melaque,665663
ticul,665684
robertsbridge,132003
marquise,77562
masnou,199429
champigny-sur-marne,77039
novo mesto,19781
cinctorres,666872
krnov,109790
abbeyfeale,88222
krasna lipa,545177
mutenice,109611
nowy tomysl,157689
neochori,718560
titchwell,663984
lurcy-levis,687033
zhytomyr,665552
niedrzwica duza,157638
barriere (bc),103164
amnat charoen,214025
anand,114477
butera,21667
castellana sicula,715280
mercatello,163702
san donato val di comino,76412
pescia romana,668815
falerna,99164
sulbiate,716075
acquapendente,164408
sellia marina,76533
bosco,88354
piedimonte etneo,178627
bagnolo san vito,167338
clusone,165127
ogliastro cilento,688260
trecastagni,76632
varenna,4291
avetrana,167207
gargazzone,172014
campomarino,75613
newton grange,723177
colesberg,702186
chukai,208202
clapham,68849
apolima-uta,718907
maclear,669492
guangyuan,161295
kegalle,513344
hanno,108199
puerto carrillo,718616
awanui,110629
cape coast,700991
faringdon,69225
hausen bei wurzburg,69599
friedeburg,120513
cellarengo,668516
sagron mis,712496
viggiano,669124
isola del gran sasso,162654
ventotene,76671
castel volturno,18103
castrovillari,3879
trentinara,669075
neudörfl,139193
botucatu (sao paulo),168400
tangara da serra,669275
tubarao,182527
sao bento do sul,20573
contagem,16637
marolles (alsace),714904
vic-fezensac,666553
figari,547743
ault,185907
montescudaio,668769
muro leccese,513182
playa de chachalacas,665620
atlixco,78557
san juan cosala,693987
el pescadero,685892
ruciane,158105
karwia,514503
ampudia,717523
erzincan,171129
edremit,85989
termal,719207
wembury,708596
nantmel,723155
hambleton (north yorkshire),722960
burscough,128688
ilsington,130536
lamberhurst,130765
garden view (pa),718505
towanda (pa),23423
san jacinto (ca),100733
keystone (sd),15623
hope (id),701727
mason city (ia),22659
reidsville (nc),22860
moranbah,702045
middlemount,702046
criquetot-sur-longueville,547670
serrungarina,669015
marcq-en-baroeul,87439
kasoa,726613
sierre,68052
helmond,72402
grand-bourg,693999
rodvig,98975
boumalne,102140
varsseveld,145263
montague (pe),17564
trebnje,111038
korytyshche,723678
irece,174142
oberhonnefeld-gierend,713683
la vega,141321
karakaj,719920
the pas (mb),182155
akhaltsikhe,700540
kreuzau,712707
aisey sur seine,547356
jacmel,719231
ponoka (ab),178804
kall,122994
sampieri,180040
rovere veronese,715971
mindemoya (on),726246
chadds ford (pa),22570
paris (on),178382
hohrod,189470
little current (on),175741
grafton (vt),201759
stoughton (sk),726129
pará de minas,729022
guerrero negro,702128
cacador,168863
markt erlbach,116525
big pine (ca),200729
dieburg,118774
gurk,138621
cuéllar,198614
albania,719175
sankt lambrecht,71239
podkowa lesna,88200
patrocínio,178437
jonesboro (la),202082
tredington,132848
melville (sk),514250
lorsch,119148
arudy,185824
valle de manzanedo,718402
guardiaregia,715693
clery-saint-andre,187716
súria,717512
polistena,178788
northam,711410
azilal,513637
east down,129486
urueña,717628
rechberg (upper austria),729810
twisp (wa),155564
itá,105305
pontal do parana,705224
vezenobres,715194
stigliano,76585
agia eleousa,234716
campobello di mazara,169028
thorsby (ab),663442
massuca,176432
bajánsenye,115488
villa canales,720873
muros,712293
rosebank,723251
fort frances (on),171655
sisco,666363
petionville,2436
sala bolognese,163887
voto,718265
lobitos,716326
river ranch (fl),203199
ennis (mt),701690
baillif,736198
kepesovo,668353
waffenbrunn,716775
ahlerstedt,717162
asiain,708967
saint-maurice-d'ardeche,715180
coucy-le-chateau-auffrique,715148
weiler-simmerberg,716796
bad langensalza,127242
valea hotarului,688605
alpen,121722
nestore,163753
acquasanta terme,715378
seaview (wa),104751
ponzone,164869
window rock (az),105009
siruela,727383
emersons green,719573
signal hill,719186
murviel-les-beziers,77664
tuang,513144
herrera de valdecañas,717552
carson (wa),514419
egreville,188380
caulonia,169344
niscemi,177478
colombe-le-sec,714423
mindelo,105420
relleu,199811
campo de caso,73469
moruzzo,715820
osian,710768
currie,142736
hanam-si,173100
sama,114775
kirkpatrick,130735
depok,161893
harburg,173149
gunsan-si,212538
naval,702139
bajana,710211
pomarangai,734629
hutan melintang,208262
turnberry,5758
izu islands,708975
grammichele,172461
ruteng,702150
casapulla,163088
dorio,668575
mignano monte lungo,164555
pieve fissiraga,715894
roana,179544
campiglione-fenile,715493
opi,668793
saint-cyr-sur-mer,78269
la bastide,189760
viviers,195687
mormoiron,77648
ripoar,667441
creve coeur (mo),667820
valley park,149570
hana (hi),201844
castañal,727136
paris (il),100567
ohey,686206
feldafing,69230
maintal,70312
fontanella,544894
chapala,169488
izamal,513222
playa oriente,721675
mario campos,716227
brumadinho,168624
churchill (mb),169633
barsham,722631
nowa ruda,157662
loughborough,15843
rzyki,718608
iron bridge (on),672198
algonquin highlands (on),650667
brampton,103239
kingsville (on),174753
esterhazy (sk),171200
zalaegerszeg,115617
kraymorie,707170
la falda,664198
dabas,115260
humahuaca,664266
bijelo polje,669449
gudauri,665335
dunaújváros,115044
bejuco,706754
arnos vale,719899
habovka,733004
pogradec,513209
sile,86008
eugenio bustos,706979
irig,723539
dugi rat,544672
hyuga,107279
santa cruz verapaz,719181
laziska gorne,156226
venda nova do imigrante,716224
zebras muiza,686463
pljevlja,701418
oliana,199596
bahía kino,719420
roodeschool,145443
nova odessa,177646
vilia,243051
pelham (on),718981
demmin,119667
sarrion,667532
ghedi,165192
el cuco,719333
glashutten,172262
elgóibar,198735
pontevico,165353
ilha solteira,174007
katachas,237696
cornale,715609
beilrode,703064
ploegsteert,134091
haute-goulaine,189372
são tomé,512884
nedvedice,110403
kırklareli,664644
schonwald (bavaria),669568
palacios (tx),514207
corcoran (ca),201166
san giusto canavese,76425
gensingen,86382
rio verde,179501
amqui (qc),14214
val-brillant (qc),726028
foristell (mo),104177
sirignano,181066
neuenkirchen (vorpommern-rugen),663718
layton (fl),719402
croydon (bc),718336
ustersbach,713601
amancey,721188
abánades,727654
igarape,716382
tur'ya pasika,723663
châteauguay (qc),169506
maestu,727458
prat de comte,717503
santa sofia,716037
pieve di cento,18129
moore haven,202585
konary,668016
bastia mondovi,688127
villarejo de salvanés,200346
envigado,109291
la trinite,103047
mefjordvær,720907
beniaia,727302
omaheke,700699
hangest-sur-somme,714622
mazcuerras,667207
punta rucia,719176
golconda,201730
rocchetta a volturno,715954
codpa,728135
chișcău,729906
muneta,727001
claraíba,169680
vagia,718564
veselí nad moravou,110481
somero,112686
lac-etchemin (qc),718990
waterberg plateau,19690
reichenwalde,118307
pauillac,7795
cristal,716235
brembilla,165026
belvis de monroy,666710
trepuzzi,182460
agost,197865
fort-de-france,103046
saint-antoine-sur-richelieu (qc),703049
san polo dei cavalieri,715365
bussy-le-chateau,186970
piedade,178626
nordlenangen,735779
meru,192033
roppolo,715966
mennetou-sur-cher,715061
soigny,694309
san regis,701898
monbetsu,251852
avon valley,143567
dangjin-si,212365
wonosobo,513512
low head,513127
mandvi,18031
kilifi,667752
jecheon-si,21331
ha giang,204060
scenic rim,512953
cathkin park,719242
gapyeong-gun,212458
lahat,702156
wellawaya,669602
liuqiu,702189
grassington,86741
cromford,86708
cauayan,702166
karatu,702033
harrietville,713153
bungaree,142916
manjimup,143486
waigete,728077
mirik,702168
rutherglen,513446
ulverstone,21463
wuhai,160780
kaziranga,30362
vryheid,513312
dagupan,21947
nuku'alofa,105433
kashid,512908
willmar (mn),22605
kasol,718067
simpang renggam,211905
onjuku,106359
vanzaghello,166101
al hamra,513081
jonage,715036
new haven (mo),514228
jasper (tn),100181
muju-gun,177102
yecheon-gun,183860
changzhi,106099
miyako,107145
san jose (mindoro occidental),702158
penshurst,131733
great ocean road - anglesea,390124
bajaura,710212
loudi,160694
upper warren,734683
biloela,15778
kabankalan,174434
salahutu,719583
faizabad,114753
bais,700521
seymour,23687
mundra,669542
wingham,142041
sukteri,718714
amravati,114599
dhanbad,513206
malewal,718081
vanderbijlpark,9481
lalomanu,710603
narrabri,7373
guimaras island,711797
arachchikattuwa,716197
perisher valley,728399
leshan,79863
koh rong,711920
waipu,702169
dixons creek,142987
tenterfield,11083
pench,17944
soriguerola,667563
waipukurau,513389
san fabian,706683
mylestom,713042
evans head,141578
lae,14763
goroka,715236
brunswick heads,141449
pietralunga,76245
subiaco,164649
crescentino,165882
badia polesine,167318
san giuseppe iato,180118
poggio mirteto,164605
corinaldo,75801
pomponesco,163817
san giorio,166051
polverigi,165611
san giorgio di piano,163914
castel maggiore,19747
negrar,177347
aldino,715390
solomeo,181341
bagnacavallo,163290
cori,164499
giffoni valle piana,163126
montescudo,163740
pescocostanzo,668816
bussoleno,165810
santeramo in colle,162776
maiera,88463
nocera inferiore,163169
medolla,163695
monte ortone,176889
furci siculo,171846
sommo,716061
marta,76044
olginate,165305
reitano,179359
cereseto,668519
cameri,165813
pico,164596
rovagnate,165384
spessa,716066
biassono,165006
caprie,165822
santa luce,76472
lenno,18046
tigliole,669058
racale,88536
uggiate trevano,669085
castel madama,164467
san giuseppe vesuviano,163215
inveruno,165925
ramarama,110776
biyagama,168038
majali,718069
dharamsala,21639
altamira,166577
pôrto feliz,178908
paragominas,178355
passa quatro,178421
sao borja,180465
subaio,181756
sao goncalo do amarante,716220
montreal,87471
saint-saud-lacoussiere,687427
west glacier (mt),17695
willow springs (ca),736642
dexter (mo),23303
bryan (oh),23519
wilmington (ny),23529
beaver dam (wi),99589
little river (ca),104406
salmon (id),514155
horta de sant joan,667088
cunit,73525
villalba de la sierra,667694
la codosera,687784
chilches,198522
robledo de chavela,199834
villacarriedo,19331
allariz,73376
navaleno,667270
prado del rey,73781
la cabrera,199078
muro de alcoy,73725
hinojares,667080
molinaseca,99378
benabarre,73425
a pontenova,667030
itziar,667105
algodonales,666627
cruces,687706
norwalk (ct),15666
zichron yaakov,16309
devaprayag,720958
berry,23671
sarangpur,724759
maryport,131207
dinner plain,513450
buffelskloof,723901
paso ancho,718167
la virgen,726338
bayamon,197813
los guineos perdidos,701783
toliara,701113
prince albert,669477
maruleng,723897
san jose pinilla,713170
ostrov u macochy,721641
zlaté hory,110076
horovice,110230
puurs,133822
negotino,700654
elbasan,669570
byxelkrok,86025
toubakouta,719224
comayagua,693839
coco,16685
playa azul,719230
stara pazova,669442
secovlje,111017
begijnhof 's wijk,68503
salamina,693627
san josé,720240
bobacka,168172
crucita,685780
kon tum,204063
emerald park,718391
prairie city (in),720054
na hin,725721
calilegua,724077
macachín,724087
villa union,693609
hochfilzen,140901
blainville (qc),2629
johnstown (on),663288
deep river (on),170188
saint-jean-port-joli (qc),17621
la pocatiere (qc),706267
puerto octay,19723
huasco,728084
duga resa,98956
damnatz,716918
bad königshofen,167305
lalendorf,119811
morschen,706486
zilshausen,713578
oschatz,125669
schwanstetten,716812
rheinmunster,86562
westerhever,706373
schmiedefeld am rennsteig,71320
uphusum,713461
usingen,86612
zweibrucken,72236
agiassos,668300
vasilikon,242932
felipe carrillo puerto,719430
punta de mita,99233
tlatempa,721714
kockengen,728693
lichtenvoorde,72439
ostrzyce,688038
suleczyno,72814
castelo rodrigo,669316
pacos de ferreira,19245
terras de bouro,669384
cornu de jos,665371
neptun,86210
izmit,664633
aboyne,21524
acharacle,663831
weedon beck,71977
swarkestone,723353
duns,86718
healing,130267
ledbury,130830
northwich,21384
great mitton,130030
kemberton,723015
cornworthy,708128
nathdwara,513181
red rock,141856
corindi beach,718480
bonny hills,720967
seal rocks,718470
scotts head,709486
barra do pirai,105267
copey,732820
tera kora,719360
glomel,189084
la chataigneraie,189868
ternant,194955
vic en bigorre,102249
neuville-de-poitou,715066
mirebeau,192115
bras,186777
levie,87419
saint-vaury,721206
bressuire,76965
saint-chaptes,193944
ortaffa,192799
wanfried,119503
sisimiut,110861
bildudalur,701631
garlate,715673
langhirano,163647
san pier niceto,716010
stazzema,181571
pachino,178240
predappio,715924
orvinio,715850
monteforte,176903
montecreto,715789
corte dei cortesi,165141
calvi dell' umbria,168959
baabdat,726822
larochette,67446
tamellalt,720858
carrizo de la ribera,720436
tuixent,727020
a fonsagrada,717653
casarellos,666816
herencia,198967
matillas,713347
alcalà de xivert,718109
sabarigo,727175
camañas,717672
margarida,727663
garinoain,687751
san agustin de guadalix,87978
arantza,726986
el madroño,198695
munera,727348
porcuna,717465
parada de sil,667319
castellar de la muela,198462
castanares de rioja,666824
miño,717660
arenas de iguna,666665
hönö,726451
bellochantuy,722665
stanley common,723323
hamel,201837
wallowa (or),152612
bliss (id),718172
ballaghadereen,72859
weiser (id),203865
ocean park (wa),719015
washington (mo),21656
hilongos,702252
bayingol,393967
chai nat,213492
bao loc,218905
picton (nsw),671561
forbes,1132
matsu island,702190
lisberg,116451
paro,701397
little river,717346
hartbeespoort,513453
merek,718314
alaminos city,706682
ballyclare,128141
pingdingshan,160530
taunggyi,9055
meyungs,719279
katikati,21600
sao mateus,180506
xanxere,183824
aparecida de goiânia,720939
nova petrópolis,669230
curvelo,170077
são joaquim (santa catarina),720798
alagoinhas,166384
camanducaia,168964
fort saint james (bc),702221
dease lake (bc),170175
dolbeau-mistassini (qc),17476
valleyview (ab),663446
espingueira,701693
amberieu-en-bugey,686508
hauterives,715206
saint-raphael (aquitaine),713782
gamaches,188938
saint-lothain,721186
chaillac,187255
baumholder,124241
anröchte,121775
plettenberg,123585
stimpfach,181631
worth am rhein,125054
wissen,125046
bad eilsen,68339
saulheim,713510
fuldabrück,118877
kimolos,238310
kerkini,238113
comitan de dominguez,169802
zabki,158719
nowe brzesko,668085
băile homorod,730106
castropol,198481
villahermosa del rio,667693
church minshull,128975
mevagissey,131263
hoylake,130476
commerce (tx),22935
langley (wa),23288
hisar,114511
mutungo,725730
mojokerto,102465
patan,718769
inver grove heights (mn),100168
crescent head,702278
kampung sepetang,210697
bail parao,719827
nintavur,720507
sahukhanata,718765
pursat,671574
zhangzhou,79850
nannup,143499
fuji,108333
dadra,724329
dongara,702246
serengeti,102458
mcalinden,718500
wheeny creek,719605
nantan,710734
viratnagar,718777
triabunna,671630
creswick,513331
eaglehawk neck,21409
temerloh,212177
zamboanga city,5781
stone hut,728510
klamath (ca),711658
maraekakaho,719156
san jacinto,728047
goolwa,13552
kfar szold,709822
sri aman,211920
bone,161787
kala amb,702268
mulwala,706692
gidona,686437
pki'in,545360
monkton,86803
tbeng meanchey,710960
tanjung balai karimun,705347
hokaran,718061
foster,15491
durg,79623
tuticorin,513220
troina,182502
trawool,143347
glendive (mt),11888
denman,141542
jieyang,425931
bourail,711831
port hughes,142657
nhulunbuy,21425
peshawar,3168
mills,110551
bhurban,513180
rawalpindi,7022
maya beach,23660
redwater (ab),718027
bac ha (lao cai),18865
philippolis,702990
guhagar,710447
konark,710575
chaslands,719160
rewari,114517
greytown,707836
pandeglang,709724
pekan,211646
winteringham,72121
sinharaja,513553
tonghua,508717
nimbhore,724576
kertih,162503
sethumadai,720963
achrol,720964
tampin,162224
oskemen,195887
mesinge,196992
randers,3136
shymkent,195906
canonsburg (pa),20770
greensburg (pa),13501
adrano,166224
arcidosso,75469
avio,167210
belforte del chienti,165513
benetutti,167760
apricale,719077
biancavilla,167909
fratta polesine,715657
capistrello,162588
carvico,165073
castro dei volsci,164472
catignano,162608
chiari,165114
cingoli,165541
monte santa maria tiberina,668759
collesano,75786
cologna veneta,169766
compiano,164762
filadelfia,162863
lenola,688227
patrica,164592
jovencan,715707
grizzana morandi,668700
pasturo,715875
jesolo,668708
lama mocogno,163646
scoppito,716044
lauriano,165932
casalborsetti,719115
argenta,163284
montegrosso d'asti,76107
fuyang,79726
offagna,165597
oliveri,177923
ortovero,165723
orvieto scalo,76182
pastrengo,178431
pelago,178484
plaus,178737
polinago,163815
proceno,668978
russi,76386
sannicola,180314
santa fiora,668939
santanatolia di narco,88578
varallo pombia,76665
villapiana,163023
fregona,715659
sasso feltrio,694462
cava d'aliga,668515
stella cilento,76582
tarcento,164372
teolo,182098
trequanda,669077
drapia,668576
valguarnera caropepe,182891
springton,728516
collie,143435
tekkeköy,182073
pala (kerala),719860
tuross head,141967
samarkand,14617
kidatu,709676
guin (al),514332
jiayuguan,79740
canoas de punta sal,668207
oujda,1508
orba,713391
galmaarden,725716
hoeilaart,69728
avebury,128096
sointula (bc),725987
tarpon springs (fl),14732
oulad teima,693570
tolu,664033
priest river (id),735443
bellevue (id),718171
pianu de jos,665395
gaupne,671735
eyre,129675
sassenburg,121344
mitterfels,70463
karlsfeld,116187
buchenbach,168672
cuetzalan del progreso,685890
medias,19987
ringsaker,136818
shipshewana (in),100777
wartling,703242
guisando,727390
fagernes,10905
steinmauern,181592
posio,112450
dunvegan,694064
nigüelas,199566
abrantes,105361
metzingen,70435
chicheley,128917
pichilemu,665292
kirkham,86768
saint-didier-en-velay,687304
sari-solenzara,720588
tenbury,71683
wyszkow,158709
chylice,156513
calenzana,547538
julian (ca),104325
velpke,71869
petrovice u karvine,545230
saint-jean-des piles (qc),672205
sankt goarshausen,716942
haigerloch,69532
l'arbresle,686952
futaleufu,665282
wimbach,663950
lauchheim,70111
saint-ilpize,714596
kayalar (canakkale),728864
castro laboreiro,73185
langenburg,175375
kivik,86044
hoeselt,134468
coba,23119
allevard,76788
peronne,2441
bogucin,156351
bredasdorp,665193
viladecans,20613
pratdip,687879
targovishte,136250
xochitepec,103129
campbellford (on),168998
cámara,198333
tafraout,102526
comps (rhone-alpes),713839
sliven,136223
evisa,513523
bevers,67865
la bruyère,134756
nowy sacz,7665
cortes de baza,687702
siho playa,720893
cap-des-rosiers (qc),726111
lampertheim,2445
zeiskam,72207
bethel (ct),79872
moberly (mo),22848
north kilworth,70689
medina (oh),20496
rodavgi,241674
wylie (tx),100996
newburyport (ma),23518
mascoutah (il),100366
hennessey (ok),152306
kernville (ca),736632
anson (tx),154156
del norte (co),201281
north kingstown (ri),104568
ballinger (tx),154170
long barn,202328
yorktown (va),14128
point pleasant beach (nj),100615
goldendale (wa),514339
sweet home (or),152598
platte (sd),153907
denver city (tx),154285
carlyle (sk),514421
dauphin,170159
lincoln (on),718031
bonaventure (qc),17443
wilson (wy),100980
puchheim,117003
regenstauf,117054
sant pere pescador,73852
puerto de bejar,73792
fawley,129710
emmering,170975
burlescombe,128679
trabadelo,667613
samos,667471
portmagee,88254
lizard,86781
dorridge,69025
lovios,73672
rothesay,132050
chathill,663848
sant joan de les abadesses,87985
torroella de fluvia,687952
sinzing,117362
ludvikov,685498
yellowknife (nt),3521
lalinde,190348
cuq-toulza,513533
pocklington,131798
balmedie,68440
eilenburg,125322
hoppegarten,68573
lich,119134
blankenheim (ahr),68596
bad marienberg (westerwald),716947
nordkirchen,123446
simonswald,71460
lenggries,9353
au in der hallertau,167149
bodenkirchen,168206
pfarrkirchen,116925
hardenberg,72387
eyam,129669
monmouth,70473
podersdorf am see,87073
st bees (cumbria),663978
lake arrowhead (ca),78815
moissy-cramayel,77602
kingsclere,69943
grobbendonk,69452
filiatra,236754
otrebusy,157789
xiropigado,712891
hambleden,130137
quimbaya,719173
wedemark,71975
sevelen,180863
ginestas,547786
madrigal de la vera,667190
forbach,20414
ernolsheim-bruche,188459
pfedelbach,178585
blucina,109557
linthe,118219
bandon,159094
piedrabuena,687867
arboleas,198016
mar de cristal,73683
la pobla de claramunt,199150
medellin,667208
los tojos,687816
loutraki (pella),719969
mudanya,718857
de rust,78632
hallerndorf,173033
kindsbach,124588
harsefeld,69572
lousada,513229
knittelfeld,140474
bruhl,168622
saint-galmier,78295
kalentzion,237277
chaussy,187517
cartmel,68800
tunja,109344
pelussin,192943
watrous (sk),183559
ballymoney,86659
valtice,545297
le perreux-sur-marne,715122
kensington (pe),663293
geraardsbergen,135398
southill,132424
ruda slaska,158107
furry creek (bc),663259
hatfield (ma),104262
winsley,721583
mesenich,70428
krapkowice,157247
gerasdorf bei wien,138950
sedbergh,663976
kapelle,705659
bad tennstedt,127243
grünau im almtal,729796
lamphey,130770
ano gavrion,235217
clonbur,105062
laxå,175491
wylam,133431
rygge,137673
kotronaki (zacharo),719981
sauternes,78423
ulrichsberg,139945
la punt-chamues-ch,664944
port-sainte-marie,704214
saint hilaire de villefranche,666092
banyoles,73414
zabrze,20633
tremeirchion,132858
karlskron,116189
gonyu,725718
beetaloo valley,142526
scamander,13792
keith,9693
chbar mon,716347
kariofiton,237583
rincón de san josecito,720864
moigny-sur-ecole,714613
buenaventura,102487
yeste,667730
le dorat,190672
beitostolen,16436
kubova hut,721648
beverley,3657
heusweiler,125110
lofou,719163
aroumd,709834
tiruttani,702295
ummendorf,182692
bezannes,186408
duruelo de la sierra,666923
zenderen,185416
saucelle,102265
le cannet des maures,547971
limeray,77497
bemposta,73167
conchal,169821
sao bras do suacui,688386
capão bonito,169096
boituva,168242
barcarena,167499
vinhedo,183340
patos de minas,178436
baia da traicao,669155
passo de camarajibe,688377
esplanada,706456
itaborai,717043
primavera do leste,669252
paulinia,20527
yangquan,161263
tuban,161760
baoding,19937
golan heights,545332
fuzhou (jiangxi),411774
raub,211731
iligan city,174011
alberschwende,544862
sao joao de meriti,716232
cáceres,168870
lokve,686336
slunj,544730
baratang,734534
lantana (fl),711664
montgomery (ny),8539
alcala del jucar,712271
sauerlach,103216
varazdin,18326
tharandt,71695
coldharbour,722810
upton bishop,132941
paterson,717313
girvan,129904
thiessow,713719
chateauneuf-sur-loire,547600
sauxillanges,666271
castrillo del val,87834
muhlheim am main,70521
arenas de san pedro,198028
ziemetshausen,117860
yeongju-si,213184
norwich (ny),100521
zhongwei,490472
sheki,694141
derevnya sula,664287
cerna hora,109569
janov,721625
heybridge,702242
tanete,702284
little battaleys,719738
juan esteban,725961
sainte rose,665697
san antonio palopo,685649
santiago atitlán,733452
tela,21101
treasure beach,718610
priory,685654
rionuoya,720997
la laguna,733876
coronado,702203
vieques island,103635
labinot-fushë,732910
neskaupstadur,19994
vito dʼasio,705193
bagnara calabra,162797
camaiore,75597
riolunato,715276
civitella del tronto,21780
castellanza,165097
cassano magnago,688157
capriolo,165062
diso,170372
star dojran,665594
bitola,68089
niska banja,669434
veliko gradiste,669446
sladkovicovo,136114
kobarid,110983
fjallbacka,171500
sazlı,728863
ghayathi,719329
caacupe,664066
demak,161720
sardargarh (rajasthan),713177
kutaisi,665338
sighnaghi,665343
myeik,513475
birregurra,710275
hidaka,108680
muzaffarnagar,669614
bagani,103057
probus,86834
vereeniging,78715
hermon,720487
otaki,719152
sakleshpur,710858
bharuch,114482
dargaville,6616
ukhimath,737530
copalis beach (wa),99821
speyside,102433
na noi,205767
huai'an,420884
bazaruto bazaruto,105397
puttalam,179089
mount beauty,80021
campagnatico,168991
malakonta,718557
hitoyoshi,107377
crescenzago,165146
bangued,671700
lyndora,153147
st james (nc),720122
yingtan,160916
xingtai,477941
bago,669559
koondrook,718481
ratnapura,179273
sonmarg,669612
airdrie,127942
muang ngoy,671637
elpitiya,710398
aligarh,114749
balclutha,110631
guillermo hudson,723951
castlemaine,142936
kwangwazi,733122
almeria,708968
centre wellington (on),718203
marblehead (oh),671196
mount vernon (mo),100465
kitty hawk (nc),177
lindsay (tx),154457
belleville (nj),718015
manati,197829
alancholai,724221
kaza,114525
bessines,186366
lišov,720328
ampleforth,127993
odiaxere,669359
picnic point-north lynnwood (wa),717882
hohberg,173649
cross hands,129214
ferreiras,701697
wandering,728617
jarretaderas,721710
lessingham,708329
penrhyndeudreath,70870
wildeck,716843
stillwater (mn),22837
south-west oxford (on),718240
leiben,139127
pembroke dock,70865
wipfratal,717214
meerfeld,70391
bellheim,124247
rathmell,131937
port of menteith,70924
coldstream,68873
steinbach am wald,716791
nienhagen,70666
cannonville (ut),17455
wermelskirchen,72028
riedenburg,71077
nittel,70670
sevenum,16955
kerken,69926
beilstein,68506
wennigsen,72016
puerto penasco,23641
gross koris,69460
puerto del rosario,73794
bad camberg,68334
blumberg,118005
kirchseeon,116241
marcham,131165
kirkbymoorside,69967
psathaki,728324
grunbach,172671
freeburgh,728390
cutrofiano,105885
shelbyville (il),672124
sneek,72547
nentershausen,119203
strasswalchen,140197
crandola valsassina,105206
tarzo,182028
thief river falls (mn),104884
thiva,162090
tamtetoucht,726762
avigliano umbro,715411
kastellorizo,718587
milopotamos,240017
mirandola,163712
mönichwald,140548
monserrato,176853
montebello della battaglia,668761
mondaino,715772
montemaggiore al metauro,76111
montreal (languedoc-roussillon),713911
ogulin,86964
palazzolo acreide,178279
paradise (ca),100566
paramythia,240884
agia triada (thessaloniki),719954
prince edward (on),726094
rivergaro,715944
meduno,164238
flonheim,124397
glens falls (ny),100037
fosdinovo,164786
campolattaro,712804
framura,164788
rosehearty,132036
galtellì,171954
gefira plaka,668332
gering (ne),104209
goderich (on),172315
goldthwaite (tx),154355
gornji babin potok,686325
grane,189190
guamare,669199
pacoti,716219
nistertal,713699
hachenburg,124468
horni vestonice,109583
steni vala alonissos,705011
kallstadt,686000
kastamonu,174638
katy rybackie,668093
kythnos,105132
la bernerie-en-retz,547862
la verriere,77383
knowlton (qc),174844
lavant bei lienz,544945
buis-les-baronnies,76979
lierna,165229
espinosa de los monteros,717580
lubliniec,157427
luling (tx),667860
caldarola,165516
calvanico,163066
xangri-lá,729189
capranica,164444
carlyle (il),99723
agliano terme,105186
castiglione in teverina,668511
charavines,187386
lyme regis,131108
chateaubourg,77054
barbiano (bolzano),715422
civita,162617
clayton (ga),99782
lima duarte,720936
couëron,187926
coupeville (wa),104060
czorsztyn,667981
deinze,135349
delnice,544667
dingolfing,170357
steenbergen,72552
domus de maria,75824
duddo,105923
morval,70498
egersund,137722
monte sião,729157
triunfo (pernambuco),729232
agioi theodoroi,234737
caldercruix,128738
alfiano natta,75446
anchor point (ak),672257
anse,185709
casaleone,169259
atlantic (ia),99558
aulla,88342
ballan-mire,715168
barbarano vicentino,167492
poggio picenze,706324
maia de montcal,687819
besalu,73437
bird in hand (pa),514446
borgio verezzi,512872
souk el-khémis dades,719060
ascheffel,713725
briedel,663511
cairo montenotte,164720
batulicin,705374
ashford (wa),19517
srungavarapu kota,724680
mendon (vt),105934
casal velino,75654
spruce grove (ab),181519
bougligny,703847
kroonstad,702981
prignac-et-marcamps,704224
sainte-severe,704271
ambrieres les vallees,703807
châtenois,187476
roddickton (nl),703047
alborea,704403
ettersburg,703084
herzberg (brandenburg),712579
villarrubia de los ojos,704847
vera cruz,183123
itumbiara,705212
oxkutzcab,703019
banteux,703822
canaveral,666791
galende,704518
zalamea de la serena,704852
brécy,186794
beelen,703062
ibicoara,705210
klingenbach,703763
mazzorbo,705101
lessien,703132
kushengesa,723892
tarsus,702546
nove mesto nad metuji,702406
navalagamella,704588
rioseco de soria,704629
pajares de los oteros,704600
graissac,720710
llanbister,703224
bonnievale,702972
ulldemolins,704824
drnholec,702362
cabana de bergantinos,704444
hamdorf,703101
la mata (castile-la mancha),727385
el vilosell,704497
marcoles,704125
cilybebyll,703200
troncones,703032
santa amalia,704650
frankenroda,703086
penjamo,703020
rehainviller,704238
canovellas,704453
ibate,705209
caetite,705200
yenisakran,702548
killeberg,702741
saint-beat,666213
ourika,664141
torpshammar,702930
sant' ippolito,705161
bagnaria arsa,715414
conca della campania,705062
foza,705074
dovadola,705067
marano sul panaro,705097
ratnagiri,114635
zeulenroda,103223
camarles,705528
straumsbukta,735763
huglfing,116080
torquemada,705893
wiartel,705926
soraker,705873
draffenville (ky),705412
neidling,705754
arnold's cove (nl),705402
colter bay village (wy),705410
analandia,705459
ballantrae,705475
bettyhill,705491
jardim,705651
mikolow,705722
piedralaves,705793
montbron,192242
cotronei,162845
fuenmayor,705605
olderdalen,705767
zduchovice,705934
moita santa de baixo,705730
pyhtää,718955
rojals,705828
kamaishi,107133
front,165911
chieuti,705052
astakos,235634
cellamare,169376
yerseke,185400
la roche-clermault,694225
burrweiler,671638
boom,133629
gotzis,87021
péruwelz,134086
ried,119355
chiampo,169546
tan-tan plage,702341
kronoby,736821
plitra,241297
vansbro,182963
livanatai,239289
warpe,121581
lüdinghausen,123253
ficarazzi,171436
villablanca,200303
frouard,188910
alegrete,166452
ciekocinko,711185
dracena,170507
jungingen (baden-wurttemberg),713569
brockel (lower saxony),713531
jels,196753
fintel,120492
evry,102325
skog,137389
martignargues,704132
morino,715268
rostock laage,21927
usilne,702440
penarrubia,704611
nahrendorf,717157
neutal,138500
karavostasi (xili),719977
rait,131926
maniwa,251330
vellore,114745
manistique (mi),22834
pollachi,688613
ein yahav,705378
palani,114726
wisemans ferry,669605
hwange,102949
north wootton,86817
guruvayur,712148
vuda point,19097
jalna,114613
bolsterlang,68628
verpelet,664604
techirghiol,68119
farnese,164506
steni dhirfios,242350
sala consilina,163209
capurgana,663995
tropic (ut),15144
kreuzwertheim,105711
kellogg (id),100209
antonito (co),103866
hanna (ab),98872
los organos,668214
telluride (co),13383
gols,69404
magnor,136798
sarroch,180552
russelsheim,71165
leyburn,70166
russell (ks),100701
nontron,77687
lambton shores (on),718982
kyaikhtiyo,669560
balcarce,108867
megali ammos,73053
marigliano,909
moldes,667227
murighiol,665381
ayer (ma),23389
cernusco lombardone,715570
vítkovice,109840
badingham,722633
hinton,69713
bromolla,86024
urbana,716113
promajna,70956
giano dell' umbria,715677
barra de potosi,665614
barrine,142104
lippetal - lippborg,663671
lillesand,103394
luhden,663676
garzon (huila),664000
yopal,109302
bakio,666694
monte isola,715784
melizzano,163149
stolpen,71589
innerschwand am mondsee,719045
sattledt,139883
le bourg-d'oisans,547967
villa maria,102586
castillonnes,547562
bauduen,513660
caviahue,664171
taninges,87644
lehighton (pa),20882
bankeryd,167473
ixtapan de la sal,21301
drumheller (ab),98860
cabano (qc),514435
gaiman,664185
tibau,669278
barnala,717228
la cruz de huanacaxtle,665646
saint-jean-le-thomas,687357
larache,702335
shelter island (ny),104761
bay city (or),717770
novoli,177658
alpine (wy),667780
eyemouth,129671
murrells inlet (sc),22646
cong,719649
elizabethton (tn),104141
geisenheim,7337
old brampton,131594
m'diq,664138
waldbronn,71918
pocosol,718617
playa guiones,726309
las calderas,725970
tardajos,706169
harrietta (mi),706043
urrea de gaen,706179
sabariz,667458
teviothead,132712
toledo (ia),100863
latchford (on),706070
hettingen (sigmaringen),716759
ohrenbach,177874
gasawa,706034
toijala,112800
gangkofen,706033
rosario do sul,706130
xicotepec de juarez,706190
douvaine,188298
matehuala,176440
moirans-en-montagne,706091
opatow,157751
sao miguel das missoes,706147
parras de la fuente,706111
saint-bonnet-troncais,706132
vodskov,197785
igantzi,706050
pollington,131801
albeos,704402
umhlali,16994
sestu,180850
aglasun,705986
john o groats,706052
dysselsdorp,702977
cilgerran,128982
east garston,129490
machynlleth,14777
subauma,105349
tumbler ridge (bc),98942
westgate,133147
shelburne (ns),663410
courtallam,705982
new elm (ns),726006
yoakum (tx),154782
cavalier (nd),151715
espanola (on),171163
chandler (ok),152241
gridley (ca),201799
elgin (az),201459
formby,69271
aba,390252
bat yam,3498
deir el qamar,719772
perambalur,706203
cyberjaya,512812
samut sakhon,214542
uwajima,106423
roselle (il),100692
lebanon (va),100267
choshi,247572
chamarajanagar,724312
yura,106997
ubajara,694496
ibiuna,173938
nova vicosa,706107
boa vista,105271
itapetininga,174212
muriaé,177152
kishangarh,19537
kottingbrunn,139103
leobersdorf,139133
turrach,71794
vrelo koreničko,727953
bajo tigre,720871
saint come (qc),672197
sutton (qc),671114
saint stephen (nb),701890
gravenhurst (on),3536
vukovar,136396
kumejima,251040
hatch (ut),104261
calitzdorp,665194
kortenberg,3145
chaumont-gistoux,134900
dilbeek,134923
neuenrade,70588
saint-savin,194413
tepatitlan,103119
araranguá,166889
pirapora,178698
thorncliffe,723365
vogt,183410
minturno,164556
sabugueiro,73293
holeby,196658
grose vale,728478
delicias,705379
chippewa falls (wi),22988
princeton,131863
podaca,70906
topen,117505
soliera,163995
sent,68050
geisa,127354
longboat key (fl),5990
luray (va),7020
vergennes (vt),21496
funtington,129849
paio mendes,716255
watchfield,133029
kosaka,106588
nichinan,107604
sirok,702519
calvello,705526
bolano,164703
praia a mare,76301
lødingen,137341
real de catorce,665655
vama veche,665435
mazan,77575
bisbee (az),99625
zahle,693911
romorantin-lanthenay,77917
parral,671564
bordils,704439
santiago tuxtla,665666
niksic,669453
björkliden,168073
radicondoli,76324
winamac,146357
titulcia,200111
mompiche,665132
buccoo,694008
neringa,666531
boiro,198246
henryetta (ok),104272
perledo,76225
hostivice,109401
st maries (id),667916
hawkhurst,130244
pavliani,240939
jevany,702378
parabita,76209
tsepelovo,242733
jarmen,119753
sedziszow,158188
offida,165598
roiffe,666021
bialogora,687984
dolores hidalgo,665630
sernaglia della battaglia,180829
presseck,686051
rifflet,732845
ono-shi,253223
glen innes,8983
maclean,706679
esmeraldas,706419
sekocin,158190
san martín,180158
rastislavice,706365
soto,719361
saint-ondras,706352
velamazan,706461
sztynort,706514
buchlovice,110434
bromberg,706482
tahla,706659
lybster,706550
angell (az),706368
new vrasna (thessaloniki),719940
balfour,706566
saint-didier-sous-aubenas,713963
steina,706616
deggenhausertal,514512
bethal,706625
ciudad constitucion,706241
arch cape (or),704855
suak,734807
sowayma,78548
saharanpur,114761
ironton (oh),151932
adoor,706666
chinchilla,513183
pomona (ca),5012
moscow (id),17568
phalodi,18033
tenali,718707
sanda,106957
millicent,717354
beardstown (il),103901
sheridan (ar),514147
kannur,114574
stuart (ia),100833
taos ski valley (nm),104874
codevigo,169724
chenoa (il),99756
dawei,669562
blaine (wa),514445
cruz bay,7157
carrollton (oh),706684
hogestown (pa),720138
barmera,4133
milton,711078
nominingue (qc),663340
trabia,19312
tournecoupe,687517
thibodaux (la),13092
tsarevo,71786
larouche (qc),663307
saint-prime,179941
kolocep,70010
cilipi,136310
pescadero (ca),104632
saint clement,716411
tecolutla,665672
caldera,102987
mahlberg,123269
majunga,669283
germersheim,124428
le rove,190903
peninsula de osa,664558
uhlstadt – kirchhasel ot weissen,663911
malataverne,87434
anixiatiko,728326
rothbury,76744
lullington,131090
retezat,665404
hateg,173252
pontiac (il),22448
eastsound (wa),23193
ballinluig,68435
middleham,70445
tabarka,754
freetown,513545
croviana,668566
kato pedina,237889
lochau bei bregenz,544948
southwest harbor (me),23330
settimo vittone,715309
quettehou,721260
aspres-sur-buech,76840
molinos de duero,667228
khmelnitskiy,174710
san juan la laguna,664576
saint paul (ab),98925
swayfield,703239
chestertown (ny),514405
magomadas,668715
siheung-si,21282
waitara,719150
south west rocks,23668
gunnedah,78910
lingao,433456
meroux,192028
grahamstown,78644
mantamados,239528
praid,665401
koes,702216
kunzak,545181
ile de dionewar,105389
sidi binnzarene,705865
lac,716271
vicosa do ceara,705234
malestroit,191688
montesquieu-volvestre,720607
lopez island,155460
eutaw (al),99947
ephraim (wi),671176
libby (mt),23492
adair (ia),99500
boxmeer,72299
hedeviken,702713
altdorf bei nuernberg,68201
punta mango,719334
le precheur,705687
los andes,175854
mus,664664
wingst,5231
ees,72355
el valle de anton,667744
branik,110948
chase (bc),17462
sutter creek (ca),23262
summit (nj),21828
painesville (oh),23608
old point,707396
zgornja ribnica,707830
budarholshverfi,706795
tirebolu,707693
atenas,706722
bulancak,706799
blancaneau,706776
ribamontan al monte,707515
ballylongford,706746
eniseli,706972
mountnugent,707337
dubingiai,195944
carhuaz,706819
fossatun,706989
eersterivierstrand,706952
sjøvegan,138274
midgardar,707319
snaefellsbaer,707630
las marias,707216
bafoussam,706736
avia terai,706727
foulpointe,706990
urbanizacion buenos aires,707731
vila do maio,720934
le grand-bourg,190715
peshkopi,707429
valganon,707738
caianello,164434
hjardarfell,707068
yanguas,707808
puerto chicama,707470
stokkseyri,707656
gabillou,706997
la javilla,720870
el remate,706965
santa rosa de copan,707579
tann,119450
cochamo,706867
mur-de-sologne,707343
drangsnes,706937
minca,707322
kursumlija,707179
lomnica,707255
rehburg-loccum,121280
vernar,707755
shahdag,707607
los duarte,707258
scepan-polje,707596
kilcar,707132
madre de dios,707274
ribeirao claro,707517
gorenja dobrava,707027
snaith,132361
rohrmoos,117136
malay,102473
mağaracık,728833
grossmaischeid (rhineland-palatinate),713459
bellary,114547
hundar,710474
lancefield,707838
namwon,267982
eaglehawk,143000
changnyeong-gun,169470
kabbe,736788
berau,705380
candelaria (zambales),688641
tiwi,718915
eldoret,200453
bislig,512902
kinlochleven,130699
wareham,133011
ascott-under-wychwood,722682
newtown,70643
blackford,128384
fillongley,129741
loftus,70240
astbury,128069
fatehpur sikri,711854
dunolly,718475
castelfranco di sotto,715540
selvazzano dentro,180790
bauladu,712456
teulada,88624
panicarola,668802
blera,164431
barcellona pozzo di gotto,178959
santa maria capua vetere,163229
san nicola arcella,76436
borgia,162804
mosso santa maria,705117
sangineto lido,668938
cagnano amiterno,705521
martignano,176388
baressa,715425
trappeto,76629
lanuvio,164539
bovolone,168413
badgund,718733
itchen abbas,130569
hindolveston,703219
sesvete,71425
bages (languedoc-roussillon),713840
saint-martin-d'ardeche,715217
orpierre,87500
cerilly,703882
cuarte de huerva,198608
collonges-au-mont-d'or,187766
malagón,199380
conques-sur-orbiel,547640
maizieres-les-metz,191672
es bòrdes,717517
pouillenay,706116
keilor,143085
kampersrus ah,733212
monte creek (bc),86262
varaval,720965
donoussa,705580
lygia,239382
marchtrenk,139728
akcaabat,664587
kala nera,105776
gars am kamp,69334
plataria,241271
limni vouliagmenis,688105
spielberg,545013
treze tilias,21736
itabuna,174189
arapiraca,166887
schladen,121361
irrhausen,709265
wurmlingen,183811
kandel,124571
florsbachtal,717115
wittingen,121661
maulburg,70377
basthorst,126440
stregielek,668159
skarzysko kamienna,668142
sianozety,706216
dabrowno,156609
cornélio procópio,169889
sobradinho,181260
curitibanos,170072
araruama,166894
pôrto real,178915
congonhas,169834
birigui,167988
andarai,688339
rio do fogo,729142
itupeva,98836
st martins (isles of scilly),719305
beauty point / beaconsfield,512809
litomerice,110340
zevenaar,72616
winsum,145489
sinaloa de leyva,724980
rokytnice nad jizerou,67514
de veenhoop,144641
tibro,182178
fundata,665360
kavarna,86945
nobsa,707372
huancayo,159012
yurimaguas,707818
kimitsu,106339
hagerman,201828
williston (vt),23187
valinda (ca),720942
taylorville (il),104878
newark (oh),23604
escalante (ut),706026
ozolnieki,547275
piarco,718151
portobelo,667747
vieux fort,105094
west bank demerara,669420
machalilla,665130
terre-de-haut,685924
levice,135999
halat,726821
kwamsane,723889
parys,78684
isla taboga,667745
cap-haitien,719232
grabouw,78643
tandag,702027
malaybalay,176157
keremeos,174694
tobermory (on),182259
kingman,146845
kamiah (id),202101
rice hill (or),720200
hollidaysburg,153018
algona (ia),99512
wahoo,149785
gerona,737056
dabel,716854
luján (tres esquinas),724148
ardón,718414
ponta pora,23676
whitewood (sk),183668
hellissandur,665159
kuala krai,211402
lanas,715013
anesakhan,726267
lutsheni,733147
albany (tx),708833
bielmonte,708871
muenster (tx),708840
muncho lake (bc),707982
garapua,708905
fischbach,140321
tetela de ocampo,707964
ait baha,719054
sannazzaro deʼ burgondi,708891
vinca,708932
montalegre,88707
san felipe (michoacán),719455
finningen,707994
lagoa da prata,708907
san cristobal de segovia,708818
montpon-menesterol,191989
cariaco,707915
oberfeulen,707856
merklin,707870
sao lourenco do oeste,708912
saint teath,708484
arechavaleta,708791
johnsburg (il),708839
kuala berang,211395
lucban,709110
marysville,709530
ariccia,19745
segni,164637
seùlo,180861
sutri,76590
santa cruz xoxocotlán,724967
yucuruche,707816
szamotuly,668180
baile olanesti,665563
antas,198002
ornskoldsvick,18192
west marmara region,728913
south wingfield,132417
burton bradstock,128698
bluffton (in),22365
williamsburg (ia),100971
hayward (wi),100108
hillsboro (oh),100126
hawthorne (nv),514325
mackinac island (mi),104422
streator (il),100832
raleigh (nl),707985
cardston (ab),169161
vetren,686310
neos pirgos (euboea),728306
methana,239905
gorteen,707033
murrisk,707345
pacentro,668797
windorf,125865
erbendorf,717076
limbach,14334
steimbke,663814
jora wielka,726828
lipsi,718577
nin,70669
cetinje,512728
vierville sur mer,666559
jhansi,114755
gal oya,736605
fosnavåg,137154
bac giang,204053
cunnamulla,19494
amakusa,247083
tahlequah (ok),22632
ibra,708963
kingston south east,142602
changde,160630
gazzada,165184
pieve di soligo,88517
borgofranco,165791
civitella d'arno,668536
crodo,668565
roccavignale,715953
milo,76070
aragona,166882
banchette,75507
voghiera,716168
sellano,669012
felino,163541
sedegliano,164353
valtopina,513505
tortora,163254
tuili,716110
zhaoqing,79852
st.arnaud,18001
kathu,709730
solta,716244
becerril de la sierra,73419
pedrosillo el ralo,713332
risoul,666053
mesao frio,16969
ardagger,729763
faverges,77202
burscheid,68769
maria worth,87062
moglingen,176787
dorlisheim,513311
chaumont,77072
werfenweng,72026
sulz am neckar,71624
cotignac,187909
jarinu,174317
sapiranga,180530
santa rosa,180396
goianesia,706038
crianlarich,86707
pilton,131765
port appin,708453
afumati,688599
zitacuaro,5824
san jose de los molinos,716314
paralia (zakinthos),718189
aliki,234958
vělopolí,721622
zăbala,719238
pinal de amoles,693983
bekescsaba,114871
dundaga,547253
viksdalen,694134
pozarevac,669438
agoudal,705987
harelbeke,135695
strö,181718
monmouth (or),100433
lakeview,736104
georgetown (ca),735332
tagish (yt),672258
hallock (mn),104247
virginia city (nv),514116
montross (va),155206
lake city (sc),22656
sundance (wy),514134
dayton (or),717776
perris (ca),104631
vinton (la),718517
new town (nd),717406
elliot lake (on),170934
sister bay (wi),100785
karnes city (tx),154416
stanhope (pe),718368
gore's landing (on),663267
coloma,201135
tracadie-sheila (nb),726051
orderville (ut),22105
tanay,694517
castara,701660
stampriet,711529
duncans,664579
north palmetto point,710052
trois-rivieres,718906
matsumae,106784
el naranjo,665632
haixi,416662
havelock,110668
bialogard,708983
leigh,70141
siddington,132313
ashton in makerfield,99462
euroa,143010
sablayan,706685
mount burrell,390168
saint-justin (aquitaine),720629
portage,728218
tamedakhte,719057
tortola,10687
lendava,19982
fimela,688441
chiautempan,665622
turda,86219
kirkjubaejarklaustur,18203
stora rör,719287
bekkjarvik,703530
udenhout,185223
alesd,166463
bhamdoun,102982
camp hill (pa),99710
lago puelo,693592
goldegg,69401
mako,115009
horton (staffordshire),721596
gartocharn,722917
kilkeel,130642
odeceixe,513216
rhayader,71058
lympne,102207
rettenberg,140667
saratoga (wy),671214
la feria (tx),100231
flagler beach (fl),22711
estherville (ia),99941
pascagoula (ms),23358
marquette (ia),672113
rociana del condado,717497
los santos de maimona,717731
arens de lledo,708792
colmenar,198559
garai,713442
checotah (ok),99754
palazzo adriano,178276
marino,79320
sesto calende,716056
verzegnis,716143
pietrelcina,163189
carasco,164730
carugate,165072
santo stefano del sole,163233
malo,176191
nicotera,162932
gagliano del capo,75882
palma campania,163174
pomigliano d'arco,163195
barrys bay (on),706291
stettler (ab),98932
santa ana,180323
bajos del toro,726339
visoko,127811
nohurqishlaq,726397
les iffs,704087
buchloe,68735
igersheim,173960
canguaretama,669170
kliding,713528
ortenburg,116857
jaromer,109897
ariquemes,166946
nossentiner hutte,716856
ganzlin,703088
panzhihua,161317
yangsan-si,213160
mussomeli,177171
saint-samson-de-la-roque,715065
karavomilos,237546
vegaquemada,708828
chancelaria,719197
worminghall,133394
gurupi,172829
mercer (wi),149438
wasserburg am inn,716811
santa cruz de la salceda,727070
santa rita do sapucaí,729159
hartmannsdorf bei kirchberg,716978
arzacq-arraziguet,185827
castello-di-rostino,720574
lege,190989
mondonville,192178
becov nad teplou,67463
juliaca,19571
posedarje,390212
mogyoród,115298
rembang,706222
antafondro,709122
moisei,709339
francheleins,709231
mountain view (mo),725415
chatelblanc,709183
andeade,709121
chotynia,667969
baraolt,709135
jurilovca,709269
camacho,709168
bolestad,709155
castlederg,709176
maturana,709324
arnstein,166979
hengshui,160361
temuka,719143
aniam,705989
neot golan,545358
huejutla de reyes,103081
non din daeng,205984
lintusalo,693691
hagenow,119730
bossee,686587
rysstad,136566
karzok,724450
santo amaro do maranhão,729177
ovada,164846
hagi,108767
mattannur,724537
hinggan,418899
charvensod,169502
racconigi,76322
mascalucia,176410
castignano,165536
lequile,175573
gimont,99018
cavriana (mantua),715557
andora,513627
alcaucin,73366
porto viro,178920
torreperogil,667608
dicomano,163517
modigliana,163714
kodanad,711845
gimcheon-si,212493
lake sebu,709119
kukup,211425
payson (ut),711981
goddard (ks),146823
extrema,171252
stamford (ny),23222
blanco (tx),514443
itaobim,694479
camano island (wa),514429
vitoria da conquista (bahia),671314
buchholz (westerwald),716935
karres,140914
yautepec,685919
misantla,709335
konigsbach-stein,86452
rietz,140974
thompson falls (mt),149662
st. marys (ga),667919
veenendaal,20608
colditz,125261
zarzis,11410
trimbak,712159
ruiselede,135791
kytlice,545183
szczawno zdroj,668181
tanvald,109985
sosnowiec,2231
büyükkumla,728919
keiss,69914
bohumín,109735
shirland,132285
moulay bousselham,664140
huludao,160976
iba,670825
marsa alam,78545
sornàs,733301
dana,736070
cacak,105435
saint louis,105394
ragaciems,733567
dolna streda,708641
boscobel,664577
ca na beach (ninh thuan),669620
brumado,168625
moitas,732462
veranopolis,105356
dve mogili,706947
boston bar (bc),663222
lama,715081
romhild,717212
fountain (co),22044
jamul,202065
hoengseong-gun,173607
namakkal,702044
opononi,13916
west jefferson (nc),100940
chandrapur,114604
naro,177277
capo di ponte,169115
trasacco,162720
calci,168927
honomu (hi),732148
sandwich (ma),17631
trevelin,102580
perdriel,724106
deyang,161284
blue river (bc),5094
sombor,105444
beauharnois,167671
presidente franco,732389
mormont,694095
peje,694511
sao teotonio,73311
campina,169006
orlova,109806
krivoklat,545179
lefokastron,239079
axminster,128103
pirtnuora,718965
mtunzini,513316
wicklow,829
chinandega,700745
ellendale,711741
zirahuen,665693
l'espunyola,687802
salzkotten,71211
creuzburg,127290
montejaque,512741
witzenhausen,102201
hofkirchen im traunkreis,139666
wetter (ruhr),716923
burgbrohl,124304
owaka,717265
sakura,106362
oshu,253309
fagamalo,102514
mimasaka,108170
mereau,192015
aiuruoca,166342
bilene,694524
villeneuve-le-roi,77859
empire (mi),735497
ironton (mo),736157
brewster (ny),736402
mgxotyeni,733149
honor,148411
grodziec,156839
cedral,709590
buchbach,127278
mustafakemalpasa,709558
protsiv,723613
los laureles,721681
vígľaš,719341
labrador,717268
hollister (mo),23428
metcalfe,728667
orbost,10212
woomargama,720971
gilgandra,141594
asansol,513045
bagan serai,207769
christmas island,512878
sacheon,272011
balingup,709701
yasothon,17800
cape jervis,21404
bois-colombes,87243
al hillah,244292
carbondale (co),23015
dover (oh),99885
maibara,251283
dholpur,19532
lachung,30366
weipa,706680
myrtleford,143199
kuala kangsar,162339
sungai lembing,211946
radha kund,718797
clarksville (va),201090
glendale (wi),717979
thattakad,710973
tabaco,181878
akhisar,719211
fordingbridge,129793
craigellachie,15249
bolu,2531
lava hot springs (id),104388
jalón de cameros,727606
glossop,69390
duck creek village (ut),706021
hillsborough,69698
kodapattinam,718794
hellidon,130288
courset,715014
lagun,688464
lannilis,190424
taradeau,194919
peravia,700848
bondues,76941
oberá,109048
santiago del estero,109097
cruzeiro,170026
willeman,687578
ferrieres-les-verreries (languedoc-roussillon),714748
saint-didier,715224
funabashi,106317
dooars,30351
vasind,711931
tabouk,181889
filago,715643
rocca imperiale,162774
barzago,715428
naunhof,70557
zehdenick,118435
ostringen,70800
qvarlis,700573
dohma,713661
ostana,715856
zurow,716877
zerniki,158801
cristian,99301
obârşia lotrului,730005
monzi sh,733195
eshowe,719240
pakosc,158930
kwanompondo,709289
yoshino,106425
red hill (sc),717803
morristown (oh),717908
barjouville,714930
balice,156276
lvliang,437105
miranpur,718767
north walpole,720460
ponta do sol,105422
aucazein,709761
oberkochen,177752
bad gottleuba,125203
avon (oh),23565
gouyave,719902
camus,720921
juigalpa,733860
puerto barrios,18185
poindimie,711829
dhahran,18219
kone,710577
taumarunui,671592
spino dʼadda,705171
marciano,176298
sauze di cesana,671688
serralunga di crea,512807
peveragno,165999
lucignano,715725
sala,163886
contessa entellina,169844
campobello di licata,705033
etosha,19684
garz (rugen),717015
harkingen,664954
lungern,18769
muotathal,665003
oberaurach,86523
olfen,123521
waidhaus,117661
gosforth,129964
heyuan,79731
bray-dunes,715186
la grand-croix,189975
courtenay,187982
ennezat,188413
chemery,187555
l'isle-adam,191425
khopoli,114618
serra,105347
itapecerica da serra,174207
mangue seco,88665
santo domingo barrio alto,724976
zeutschach,545069
namchi,709818
ibarguren,704532
hornachuelos,667087
tuineje,200162
ortigosa del monte,713318
andoain,197989
saint george,710854
ansan-si,19387
dosquebradas,706934
malalcahuello,720224
asse,134828
san miguel del monte,664219
san agustin,664024
deoghar,513338
crail,68896
hrubieszow,156888
driffield,99467
znin,72851
cerny dul,545106
palaoi poroi,705777
amasra,102145
ingleton,663880
ano khora,235254
agios georgios nileias,717262
tachov,110198
mandraki (nisiros),719955
wolsingham,133341
south harting,723302
seisdon,132198
kilinochchi,716213
potowa,733125
scotrun (pa),104740
cripple creek (co),104064
grangeville,201767
bethesda (md),20747
wallace (id),23173
locust grove (ga),19876
tilden (tx),203646
shigatse,79770
toyako,255266
hachimantai,248144
gujo,248106
asuka,108716
hoki,106250
shiroishi,107568
barberton,78607
ziar nad hronom,135902
west coast,688642
plavinas,547279
heidelberg (western cape),733261
bijilo,711082
purena,718709
kuttikkanam,724501
ejisu,726606
veles,183104
dobrna,19777
cayenne,14192
porto novo,707452
corozal,665695
eskifjordur,665155
imatra,1690
altagracia,701609
fjall,706988
ang thong,204080
goris,718201
orroroo,718491
kangarilla,142597
hot,204766
tangkak,212139
aske,722749
begles,76895
montchanin,5199
oberding,116763
aksay,195825
petropavlovsk,195892
hibbing (mn),23379
waverly (oh),203851
sado,108737
gyumri,688444
hiawatha (ks),146529
van stadensriviermond,182947
hokuto,248841
neunkirchen-seelscheid,717171
aguaviva,197872
zamami,108087
bautino,195836
somerville (tn),154680
osh,701003
donshiwado,718711
herdwangen-schonach,173430
fujinomiya,247782
fukuchiyama,107417
muldraugh (ky),104529
bruckberg,168603
arujá,167015
aktobe,195829
darbhanga,114436
ekibastuz,195849
rausu,106823
miraj,513413
obama,106443
monheim,1144
montes claros,105316
takachiho,107611
grossposna,125395
blanchland,128404
naruto,108477
newcastle (ok),147592
kostanay,195871
atkinson (ne),149845
badger (ca),146392
daisen,108624
te aroha,514510
seagrove beach (fl),104747
tsaghkadzor,688445
kukes,700455
valle grande,693606
dilijan,688443
colac,14609
coolangatta,15717
coonamble,712237
moss vale,141769
freshwater creek,143028
grovedale,143050
tocumwal,6133
kyabram,102440
legana,142775
yoogali,142075
boomerang beach,718468
murray downs,390167
bakers creek,728378
peak hill,706228
tannum sands,513268
queenscliff,106117
mount hotham,143463
lake tabourie,738900
bundanoon,141456
tuzla,127810
ljubuski,78494
zheravna,686315
sao filipe,105427
san jose de maipo,665302
vicuna,665306
guasca,664002
covenas,663996
villeta,664037
limon,102769
puerto jimenez,693846
quesada,720872
cano negro,19720
brasilito,664559
vavla,664324
kato drys,664306
ry,72661
samso,666578
baharia oasis,18166
dreketi,736202
ruokolahti,112561
arcis-sur-aube,706319
ureki,665345
lake atitlan,513142
álftanes,719286
sandgerdi,728020
raufarhofn,693898
salice salentino,513048
santa croce camerina,76468
tusa,182589
te puna,728166
lake puketi,728157
hahei,718602
amodeo bay,738882
marlborough sounds,17211
waiotahi,728168
rangiora,711868
león,175564
sao bras de alportel,105382
petrosani,178571
agapia,665557
corbeni,688556
cap skirring,513462
kariega game reserve eastern cape,734608
sierra de guadarrama,106120
dili,513073
crown point,711210
rakhiv,685863
khodosovka,706412
rivera,17155
bukhoro,701031
yurihama,711066
hengyang,160655
kurayoshi,108629
tanjung selor,161866
geyre,709911
gesen,709910
keuruu,102669
connell,155395
sultanhisar,710123
oregon (il),514210
lalibela,512847
destrnik,111116
nordkjosbotn,710051
weru weru,710166
west point (ne),100944
wailuku (hi),23543
hillsboro (ks),201942
westport (wa),514096
greenwood (sc),5871
allentown (mt),735372
woodland (wa),514084
bapaume,186080
portage la prairie,178885
lindsborg (ks),146857
motley,148864
manning (ab),726120
watford city (nd),514104
valdegodos,727637
lynchburg (tn),154046
coffin bay,710344
areni,710191
te teko,728164
te awamutu,710961
saint arnaud,710853
bewong,710259
blayney,710276
teyateyaneng,710971
broadford,710290
bulahdelah,710295
bundalong,710298
karaka,710534
balranald,710215
green head,710440
nanango,710731
corinna,710348
langs beach,710607
feilding,710404
childers,710326
kokopo,710570
goolgowi,710433
grong grong,710445
cobden,710343
daulatabad,710359
khiva,710553
brahmapur,710287
tres marias,709522
rudraprayag,702183
bahawalpur,513265
faisalabad,110570
uralsk,711015
dewas,710366
ganganagar,710416
jambughoda,710489
angul,710188
karapiro,710537
milot,733497
mangakino,710649
opito bay,710765
mokomane,710694
murgon,710720
neiafu,737109
labuhanpandan,710599
cheviot,710321
monkerai,710696
seeheim,710879
shingu,106499
rakaia,710825
matjiesrivier,710662
karakol,710535
murakami,107815
herbert,710462
kumara,710587
luskintyre,710630
tully,710996
tyenna,711003
dannevirke,728211
kanthalloor,717274
kaihu,710512
minamimaki,710686
lucinda,719596
crackenback,721002
borenore,728530
barham,709720
bega,11269
inverloch,106005
mowbray,719594
porepunkah,720459
pralognan-la-vanoise,87527
condeixa-a-nova,16242
alberese,75443
campello,165054
stevenson (wa),79904
wyomissing (pa),1585
syosset (ny),23623
ainsworth (ne),99504
hardin (mt),104254
avondale (la),152659
fort erie (on),15750
le buisson-de-cadouin,77426
cainta,168904
kiweni island,719253
iki,249122
omihachiman,253137
kushimoto,108696
zunyi,160216
xinyu,160911
chaozhou,79854
blackwater,142121
katsuyama,106434
polk city (ia),203043
sanderson (tx),203310
friona (tx),154342
windsbach,717060
coram (mt),150565
klinci,733940
ockfen,713603
benesse-maremne,186295
civitanova del sannio,712476
tambo,142431
calice ligure,715485
budir,685795
miles,142305
drouin,106115
rochester (victoria),733841
alveslohe,126410
dimboola,142985
wauchope,142016
lapvaartti,664368
balduinstein,713583
kermit (tx),154422
ridge (md),514172
tuolumne (ca),203703
maryborough (vic),718463
william creek,102405
yellingbo,719611
ocean grove,143230
springsure,142418
sussex inlet,512772
irymple,143077
stjordal,21574
punnayurkulam,718747
chantrea,711615
purbalingga,706696
siavonga,711519
muang sing,710707
fornebu,136441
ap ke my,115658
imabari,106392
paduvari,724584
port denison,710812
tezpur,114434
friesenheim,171783
serekunda,711085
sigmaringendorf,180939
geneva (al),711642
delta (ut),99865
hude (oldb),717160
bakau,711084
middelburg (eastern cape),723886
villeny,195596
hohenwald,154025
sant'enea,669000
gunjur,711087
saint-hippolyte,87577
holzheim,119020
brufut,105414
jacutinga,174275
phillips (wi),100592
chatham (mi),711628
szombathely,21176
permet,711438
stefanovo,711534
jordan,711293
san vito,711500
carara,16683
la ese,711333
la plaine,711341
crepy-en-valois,547663
lagodekhi,711343
marne,711379
konigswartha,711320
dankmarshausen,711214
budhir,711152
las cruces,711348
el adergha,711222
gondramaz,711252
poiana marului (brasov),730197
pesquera de duero,711441
sodra sunderbyn,711523
saint clair,711479
burgh saint peter,711156
khujand,711605
dushanbe,512692
lome,13890
nouakchott,2183
sugarloaf shores (fl),203543
foxton,728207
sublimity (or),152596
homer (la),147330
santa claus (in),146289
les ancizes-comps,721071
chikushino,247520
asakura,247233
villamardones,727539
outeiro,727672
platanias,241255
moerdijk,23011
sesamo,706635
teziutlán,182148
matoury,707303
kololi,711081
gródek nad dunajcem,726866
debska kuznia,667992
małkowo,711375
conakry,10364
meridian (tx),711675
arlington (sd),711620
greer (az),711647
tiaro,142442
campione d'italia,169009
takarazuka,106968
brooklyn (oh),20758
okura,108585
cheddar,68829
new denver (bc),177409
rajapalayam,114729
konan,106192
banjarnegara,513358
vallromanas,200244
tongren,508917
austral islands,513602
yesan,281196
bijie,160161
midway (fl),104473
stratford (ct),20991
cromwell (ct),22010
hawkesbury (on),11897
winkler (mb),103180
saint andré (nb),718345
sainte-anne-de-beaupré,179887
ingersoll (on),5652
pickering (on),98902
kapuskasing (on),10692
yarmouth (ns),17698
new glasgow (ns),14001
amherst (ns),17420
placentia (ca),21770
livingston (al),100301
goomeri,710434
union city (tn),5958
toccoa (ga),100862
willard (oh),105004
dawson (ga),671172
kenton (oh),100212
west point (ms),22642
bells (tn),23407
wellington (ut),23374
hartselle (al),23416
tipton (in),104891
elkmont (al),514371
micanopy (fl),514249
pulleys mill (il),735444
baker (la),99570
kalona (ia),104328
calhoun (ga),9422
bardstown (ky),8320
atlanta (il),671567
kanonji,250150
capas,717436
tanegashima,711974
luzhou,161309
qiannan,711742
molen drift,702989
wanze,134354
dina huapi,664179
murree,705308
bad abbach,68317
dahn,68931
hartmannsdorf,69579
hilchenbach,69694
oberweser,716845
peenemunde,119883
jemgum,120842
mechernich,70386
auen,124229
guntersblum,124464
niederdreisbach,124757
buggingen,168709
rain,179184
plutscheid,686048
heiden,122746
tulau,716911
castelfranco,169301
taverna (catanzaro),716081
vinisce,71885
westoverledingen,717158
ripalimosani,165680
stilwell (ok),104856
velddrif,665246
rothwell,71135
torano nuovo,165636
koun kham,513610
pray,149653
kosciusko (ms),100227
anderson (mo),99534
shorewood (il),156110
palatine (il),22108
harvey (il),22156
indianola (ia),100165
donalsonville (ga),99880
eastman (ga),99908
dalton (ga),3127
chiefland (fl),21203
valsamoggia,716125
takashima,107736
enderby,129623
bowen mountain,711746
kami,106583
bujumbura,20634
riohacha,701879
koundouros (cyclades),719928
porto kayio,241399
spanokhorion,242243
minobu,108846
kisumu,513402
mamoudzou,671769
beni mellal,19120
vila moura,707765
palmarin,669405
tollarp,182283
styrso,664769
brienzwiler,685727
berlin (vt),717947
big stone gap (va),103923
woods cross (ut),21029
donna (tx),104103
dripping springs (tx),514377
portland (tn),672139
bulls gap (tn),99690
chamberlain/oacoma (sd),104009
cayce (sc),23481
bennettsville (sc),99614
easley (sc),14211
cranston (ri),22009
mansfield (pa),23229
caldwell (oh),103981
gallipolis (oh),22490
new berlinville (pa),104540
chaffee (ny),150523
chemult (or),152491
drumright,152267
murphys (ca),514236
papaikou (hi),202911
raceland,147407
salem (in),514156
victor (co),203773
pemba north,701081
coulommiers,187939
branne,186776
montfaucon-en-velay,714121
groix,189245
bruguieres,186903
siping,160946
gonesse,5661
auchy-la-montagne,185885
combronde,187796
armentieres,76824
pas-de-jeu,714569
sainte-julie,714584
minzac,720677
le massegros,720766
parassinikadavu,718739
murud,712898
shin'onsen,254244
dagshai,712899
brestanica,111105
birzai,195941
bardejov,86923
aurdal,137528
arrinj,710193
laugarvatn,21704
lacock,708316
same,725838
eidsdal,703550
saint donat (qc),671110
saint adolphe d'howard (qc),672192
kaitake,719856
newick,131466
digby,129353
mengusovce,732982
bunclody,19127
yarm,3888
unionhall,708865
al qalamun,685829
strokestown,159430
blind bay (bc),725973
cheongsong-gun,212302
hoengsong,261166
yangyang,281124
picon,712739
shushufindi,709418
boadilla del camino,717549
benimantell,198209
la puebla de valverde,717680
popoyo,718148
jucuaran,707108
bo i vesteralen,735719
stour provost,132571
bostad (nordland),735753
lumajang,512833
clintwood (va),155050
jefferson hills,153052
port saint joe,203064
são domingos (setubal),720498
vidigueira,706399
góis,172329
safety harbor,203259
sumur,728344
middletown (nj),100405
odanthurai,718795
brunswick (oh),23699
california (md),99702
sand springs (ok),152406
kosakowo,72728
karasu,664638
ostroleka,705342
mugla,67779
kilkee,7432
suche,726832
kesan,174699
dwikozy,667996
nanded,114628
muvattupuzha,711846
padang serai,162150
amparo,166713
colinas do sul,669179
curarrehue,693916
kremenchug,174990
kolomiya,665475
genzano di roma,18793
vezzano sul crostolo,164048
cusano milanino,165151
lattarico,162892
sale marasino,76392
nibbiano,164840
scandicci,180599
sannicandro di bari,76463
san damiano macra,668897
monasterolo del castello,715769
guarene,715695
piossasco,166006
tiriolo,163011
carbonara al ticino,165066
castel di tora,715532
longi,705088
bieno,671257
gattico,712821
nebida,719134
villanova monteleone,183294
mornago,165286
bardo,156291
thodupuzha,716174
sallar,734323
bakkhali,711979
ejby (middelfart),726920
são carlos (santa catarina),720940
göktürk merkez,728902
bothwell,102355
moonta bay,718161
charlton,142940
tyalgum,141972
barrington,710243
ratlam,707847
pequannock,150167
beringen,86889
odivelas (beja),73259
tosashimizu,255239
arida,108673
sanapur,724646
muroran,106800
anticoch (tn),229
majayjay,513232
walpole,78915
linfen,161229
wuzhou,160138
tamil nadu,21638
vadgaon,718763
new martinsville,155743
westfield (in),22232
tabuk,665555
ajigasawa,246974
moyobamba,159050
great wilne,722945
zgornje gorje,111053
asia,716318
malpas,131146
kintail,708304
pontypool,22426
tarbet argyll and bute,71660
wairoa,513601
empoli,75831
laterina,19980
ruffano,179738
santo stefano di camastra,88587
loceri,705087
casarile,715352
marina palmense,668736
magliano in toscana,668713
san chirico raparo,715292
praia do tofo,709379
esteli,700747
mohale's hoek,102677
batroun,512907
omoa,710060
arutanga,710195
mikumi,725725
blantyre,12285
kayunga,701275
saint-marcel-les-valence (rhone-alpes),714699
lobos,108921
gobernador costa,724011
villa de alvarez,103128
szekszárd,115483
bekkevoort,134851
vreta kloster,664789
dunaivtsi,723725
sighetu marmatiei,180935
dej,86206
holsted,196671
new ulm (mn),22601
pawleys island (sc),22633
pontoon beach (il),104657
cranbourne,10959
padul,199635
tapia de casariego,200087
fuentes,198848
kelduneshreppur,734968
virrat,112971
banyeres de mariola,666697
akurgerði,734980
zhanjiang,79851
gries,189231
inxent,709263
valgorge,704715
peyriac-minervois,665920
fontenay-les-briis,714490
eccles,188360
surville,194883
saint-leger-les-melezes,712438
stueng saen,716369
cottage grove (or),22587
lindsay (ok),717946
phelan (ca),104634
zion (va),720174
zwardon,708859
florencia,705315
gora motyczna,688003
zbaszyn,158779
calasparra,198318
melides,669344
vimieiro,671315
homewood (pa),717840
ningde,159719
ulanqab,509966
kuruman,102961
cotonou,20636
rotthalmunster,103215
vohburg an der donau,117638
maracajau,669222
valinhos,182897
bruchkobel,118741
ostritz,99096
hagen im bremischen,717152
vogtei,717225
herschberg,124507
heidenau,69622
santa rita de jacutinga,669257
porto de pedras,669245
itamonte,174203
marlow,119836
precotto,719111
goto islands,711254
lilongwe,23029
burgersfort,706382
huyen gio linh,223145
groot brak rivier,665202
nihonmatsu,106549
hanover,78646
yeruham,709498
beestekraal,711848
kinloch,719154
pertoulion,241057
lac-bouchette (qc),706249
cojimies,685779
akrogiali,668288
agia pelagia kythira,671237
port orange (fl),104660
cass township,735995
star city (ar),104852
new haven (ct),3984
solon springs (wi),23491
kawkawlin (mi),514295
maizuru,107435
flower hill (ny),718686
old bar,512965
pittsfield (il),672117
monarch (co),735343
ashton (id),735522
speicher,68057
lewiston (me),100286
big lake (tx),717455
north bay (wi),735431
savanna (il),104734
fehraltorf,171379
morgarten,176993
badami,17832
changji,161349
okha,718088
zhumadian,105952
coweta (ok),152257
matamoras (pa),22293
lakeland (ny),88104
emory (tx),514367
santa maria al bagno,668941
jingmen,160596
shelter cove (ca),735324
nawanshahr,719580
karaikal,716191
liangshan yi,432161
shiso,254380
højer,196651
pandrup,197181
danland lojt,704768
pingxiang,160893
coleville,201130
liversedge,130947
tatum (tx),672126
jackson (ga),88093
warm springs (ga),104947
mondragone,76083
citrusdal,702974
takoradi,185463
madarao kogen,738817
ikoma,107744
asan-si,23125
ornago,88505
busto arsizio,165039
acquarica del capo,166186
casalpusterlengo,163412
chieri,75755
rolo,163869
badalucco,164687
dervio,165156
bergeggi,164696
bitonto,168028
aldergrove (bc),4869
höllviken,173682
saxnäs,180593
kananaskis village (ab),718321
steenwijkerland,713267
kerkwerve,184589
cawston,725971
pisco elqui,693922
rishiri,253460
trepassey (nl),726080
hermanville (pe),726242
reutum,184970
zorgvlied,87194
takikawa,254823
brsecine,703292
murter,513306
saplunara,727946
sali,136402
schelklingen,180626
melito di porto salvo,88477
roxby downs,710846
paraza,715003
rubercy,714181
valliguieres,704716
veules les roses,666551
vouzon,77886
salome (nord-pas-de-calais),714142
saint-alban-de-montbel,714082
puy-l'eveque,687242
sainte-menehould,719272
rambervillers,193458
langeac,190402
laubressel,686961
pontaumur,193201
baillet-en-france,714370
lavérune,190538
balma,76864
villevaude (ile-de-france),714503
conjux,714048
point samson,143526
zhangye,20018
bazhong,161281
tu son (bac ninh),720973
guigang,160103
oncativo,724039
caltanissetta,168951
ceggia,715371
karlova studánka,109782
villa los aromos,664237
laingsburg,733269
mamonal,720412
yichun (jiangxi),513049
ostra vetere,163768
veroli,164673
baiyin,159814
kyleakin,70064
arkendale,722750
levens,130851
durnford,129451
plumb bridge,708449
east barkwith,722869
whiting bay,720478
keighley,69913
tomdoun,708563
strabane,132579
amlwch,68229
guang'an,414522
ellora,513387
manguzi,702987
okoroire,711893
tenneville,86915
hotton,69791
askas,725791
amsa,732222
chincha,159041
bajina basta,723524
sjenica,723582
collepasso,169757
morro d'oro,688252
cattolica eraclea,169340
settingiano,716057
montenero di bisaccia,705109
castel romano,164468
cutigliano,170083
sakaka,246015
ebelsbach,170626
lahnau,716846
feichten,716764
nordheim am main,713633
wallenhorst,121573
kleines wiesental,717054
aichach,166312
hettstedt,126084
auerbach im vogtland,68295
gailingen,102177
kamenz,125469
pausa,711432
muhltal,70522
herscheid,717168
iffeldorf,116100
oberreute,177765
lautertal (odenwald),119125
suddendorf,121475
neustadt (dosse),717094
ingersleben,127446
lobbach,713552
serrone,716055
roccamandolfi,715951
gioia dei marsi,715270
whitestown,146353
sturgis (mi),8753
ridgetop,154095
wheatfield (ny),719408
allegany (ny),99515
new marlborough (ma),717828
adams (wi),103850
haines (ak),23131
north highland (ny),720099
makawao (hi),202387
bingham (me),103926
cherrapunji,710318
nehar pab,718722
rampur,718796
virgen,141015
eibiswald,140309
steyregg,139923
annaberg,68243
schwertberg,139907
weikersdorf,139458
voru,68122
onda,199609
darfield,21593
jermuk,710494
trencianske teplice,71764
waikawa,711037
ceraukste,733571
bellreguard,713400
foncebadón,727221
corsa,73513
granja de torrehermosa,717722
coin,87838
catoira,687692
orozko,718122
vimianzo,667720
el castell de guadalest,713388
rewa,668116
vinhais,705914
nieborow,157629
darıca (kocaeli),737238
beczkow,72669
sever do vouga,73313
doganbey (aydin),728879
dogubayazit,693854
carregal,716258
espinho,2058
kochanowka,704924
stronie slaskie,158340
neo roino,240339
kato sangrion,237911
toumpes (lemnos),719956
dikastika (attiki),719992
ayios adhrianos,235758
gialova,88277
kongsvinger,284
syston,132661
omeo,513339
broadwater,728430
wynyard,142845
ceduna,10081
mena creek,713744
gol gol,718484
albion park,141365
abtsdorf,139504
toamasina,512863
rui vaz,719358
diego suarez,706916
jericho,21288
st. vincent,545086
gisenyi,103421
assomada,719357
cacor,733491
slaley,132344
pedasi,687983
dolores,733631
stadarbakki,86178
tarangire,671732
lorena,175845
são gabriel,180476
três corações,182462
fernandópolis,171417
estivado,705207
teófilo otoni,182097
rio negrinho,179496
souza,181455
itambé do mato dentro,732460
campo mourão,169024
nagaur,30370
puttaparthi,19538
gondia,709729
cadiz (oh),717907
ashburton lakes,734637
pothuvil,716212
hanumangarh,712057
trinity (fl),713178
chariduar,734381
yibin,79862
ripley (surrey),721602
putzbrunn,70971
mackton,702985
hai ha,222447
darica,706628
suining,504901
singkawang,292838
paterno calabro,715877
fara vicentino,171329
limbadi,162894
nocera umbra,76156
trebaseleghe,182447
zogno,165503
cernusco sul naviglio,165111
pellaro,178486
passerano marmorito,715874
primaluna,709382
mondovi,76082
villaggio peruzzo,719128
pettineo,688269
mel,668832
sala baganza,76391
buccino,162744
romallo,715963
palestrina,18128
pescina,162681
uras,182780
boffalora sopra ticino,165784
trucazzano,165448
montemiletto,163162
saludecio,163891
villa castelli,183261
cossogno,712812
podenzano,163808
tavernerio,716082
donnalucata,75825
madison (ct),23429
yuxi,79848
anshun,160160
north creek (ny),104564
searsport (me),104749
amherst (va),717278
roundup,149657
latrobe (pa),104386
key biscayne (fl),7274
putnam (ct),23383
waupun (wi),104959
calvert city (ky),99704
cornwall (ct),201172
elkhorn (wi),99922
tam ky (quang nam),115742
plaza huincul,719221
cortaderas,724144
villa traful,664241
bonchamp-les-laval,706258
mormant-sur-vernisson,714560
mer,192005
riberac,77904
la reole,190148
saint-astier,193892
genas,77251
fauverney,188604
saint-coutant-le-grand,193964
la force,189940
piedicroce,513436
puy saint martin,665975
solesmes,194766
realmont,193492
chessy,103516
descartes,686737
callas,103509
la tebaida,664007
pacasmayo,707411
biritiba-mirim,705500
tres coroas,688392
capão da canoa,169097
itaúna,174229
andradina,166743
manhuaçu,176237
pinhal,178671
medinipur,710671
nimpo lake (bc),663338
callenberg,168946
casselman (on),169286
hochstadt (pfalz),713497
bad wurzach,167309
grundau,69491
san sebastian del oeste,701899
lollar,70249
tlayacapan,182254
rosenfeld,179663
mayfield (pe),718367
san juan de la cruz,724951
chandler (qc),169452
sesslach,717062
sauble beach (on),705433
rancho,711462
saint paul capisterre,700176
fleurieu peninsula,292824
taggerty,143318
bororen,728448
canowindra,141477
mkwaja,694457
morrinsville,712020
camaronal,685638
rissani,105665
puerto manzanillo,685646
mata de cana,685644
canyon land,19680
khorixas,672909
rundu,711939
kongola,665602
cap estate,390171
marina smir,718870
ataco,665634
kosrae,701115
mount hope,733357
massinga,720930
ohauiti,733282
cambutal,726534
pleasant point,710807
te mahia,719868
famagusta,21281
braslaw,693677
atzenbrugg,138859
skinnskatteberg,181173
edlandsgrend,703548
sucha rudna,685522
andalsnes,17980
pelt,732623
boljevac,723528
srebrenik,127807
natternbach,139758
orhei,545323
tepelenë,717344
brandlucken,729755
birzebbuga,168010
cesnovice,702352
ledenitzen,87055
lanskroun,110095
sudoměřice u bechyně,727785
suchdol,109829
seefeld-kadolz,11059
crnice,706895
lida,709542
hofsos skagafjordur,665160
berdorf,67422
semriach,140724
costinesti,86205
mytikas,240188
allestrup,704755
koge,72653
ezine,728725
kosmas,238636
psathi (kimolos),719976
sorgun,705361
doğubeyazıt,728736
elazig,664612
skutterskelfe,723295
birstwith,128355
blaenau-ffestiniog,68589
wegierska gorka,158568
nevern,132501
chew magna,128915
alton (staffordshire),721587
myslakowice,102280
north petherwin,131521
chipping,128941
ditchling,129368
beeley,128259
krajno pierwsze,707167
retuerta,727067
garrigàs,717519
bassella,718436
ourique,178177
benadalid,704427
cuzcurrita-rio tiron,704482
vilamaniscle,706359
puertomingalvo,718117
montefrio,102318
ossa de montiel,667310
jharsuguda,710497
osmanabad,711977
uttoxeter,86873
zrnovnica,703514
potomje,718853
tarapur (gujarat),724209
east norwich (ny),99901
wells (nv),100933
bellingham,128271
lenoir (nc),23216
lac duong,224677
valle crucis (nc),720113
korazim,703783
hiraizumi,107128
kodungallur,724475
kanij,114490
solapur,114643
rebun,106824
pathanamthitta,114576
erode,114711
nakashibetsu,252256
forsyth (mt),711874
windeby,713611
ceska kamenice,109716
qazim pali,719887
tittling,117502
espelkamp,122400
meddersheim,124694
sázava (vysocina),727873
heiligengrabe,118132
nysted,197094
krtiny,109598
qianxinan,448533
punakha,701399
silo,390217
drače,727950
independence (ks),100163
atlantique,701133
marangu,709678
north saanich (bc),663343
new hazelton (bc),703044
belding,148235
saint-jean-de-l'île-d'orléans,720390
clinton (ct),736657
adamsville (tn),99502
texcoco,182147
tea,153918
margaritas,709515
fortin de las flores,171671
mono,701138
mozambique island,733950
dundee (or),735374
jim thorpe (pa),100189
wheeling (wv),11988
fajara,711090
potsdam (ny),104663
brazzaville,512681
pointe-noire,512882
brandwacht,168465
chaidari,720335
alfandega da fe,73145
terena,73320
sola,137839
hulshorst,72418
breskens,72301
emporios (dodecanese),728333
verga kalamata,105855
skull,707624
strathgordon,671717
spilsby,132442
degeberga,170192
pontlottyn,723221
salnic prahova,665408
horndon on the hill,130451
linton-on-ouse,723050
nether stowey,105927
broadwas on teme,663841
overton,131637
uddeholm,67843
bap,734270
sotogahama,254518
erimo,247721
ceraso,105994
rocca priora,76360
rocca di cambio,668859
siculiana,180917
cisliano,165123
cazzago brabbia,715558
civita castellana,16828
cornegliano laudense,668555
sarre,716042
campagna,163069
san mauro di saline,716004
arce,164418
racalmuto,179157
grazzano badoglio,668696
santa maria la palma,88572
willunga,142707
cohuna,142955
quillabamba,726545
mullalyup,718482
salcedo,719178
zipaquira,693631
santa bárbara d'oeste,180333
mendes,176565
san antonio,180064
loma mesa de ruitoque,109352
buri,168776
lake tyers beach,728458
cockburn harbour,719320
santa maría de cayón,717698
şebinkarahisar,728732
lladurs,705695
bozyazi,664609
la rambla,717501
meira,667211
orpi,713416
turek,158518
jachowka,704910
sambo creek,719312
dobczyce,156634
wrocki,704994
rajgrod,158050
tylicz,668173
bouillante,706787
mawlamyine,669561
albertacce,720578
bouzonville,186755
gourin,189130
monestier-de-clermont,192182
los tornos,726342
chailles,187256
lodève,191461
peyrehorade,193001
limas,191405
boussac (limousin),713783
sable-sur-sarthe,78235
vitrac,77876
saint-aigulin,721370
locqueltas,694252
capendu,703871
saint-jean-des-ollieres,714793
la giettaz,189968
chalais,187265
meze,77592
woodend,110844
malpura,513253
parakode,718741
mulberry (fl),22070
moc chau,226464
victoria valley,711033
potomac (wv),718256
north hills (wv),720180
barksdale (wi),718247
othello (wa),104598
rocky top (tn),671191
titusville (pa),711982
hartville,151918
espanola (nm),22033
pleasantville (nj),88133
clemmons (nc),22564
weldon (nc),100931
james city (nc),717751
andrews (nc),103862
pilot mountain (nc),100597
graham (nc),100047
arden hills (mn),667798
ferdinand (in),104165
wethersfield (ct),21225
nisku (ab),17581
virden (mb),183357
kirkland lake (on),8488
anderson (ca),79925
johnson (ar),104318
bhatkal,713742
buchanon game farm,734594
shibushi,107229
constantine,143743
asago,247211
hayakawa,107775
sasayama,106958
boboras,73442
beckford,128243
vila velha de rodao,708926
pero viseu,706400
moulton,131368
keonjhar,711989
kumasi,103492
mtindiri,719907
tete,701158
ambernath,724232
bukit lawang,669576
abancay,709670
carrizozo (nm),150291
scriba (ny),720111
heringen (werra),717112
levoncourt,714359
laignes,721120
herxheim bei landau/pfalz,124508
metabief,192055
nasbinals,669480
wittenberge,118423
lugny,191585
mount hagen,715238
setana,106837
isola d' asti,715702
marmora,715742
rosa (vicenza),715967
corvino san quirico,715614
somma,163244
triora,716107
el rosario,733456
olecko,99283
casalmaiocco,165078
milies,240006
pserimos,241528
sappada,513437
grand'rivière,732880
andritsena,668296
karkalou,237595
sernio,716053
san josé (entre rios),724071
cosquin,685432
home hill,728450
witelsbos,702994
viluppuram,712054
glenn dale,147782
xiangxi,711891
kumakogen,251023
yulin (shaanxi),711889
koteshwar,724483
maoming,159979
qingyang,450051
bayan nur,393925
ogano,108237
tara,108179
sampit,161769
aoki,107620
santa vittoria in matenano,688310
naso,177293
massa fiscaglia,715746
wedderburn,143374
tooleybuc,2737
canuelas,664169
las grutas,102553
kampong svay,716353
glaura,172268
chinauta,102622
puntarenas,13462
barranca,711124
jarabacoa,103426
utila,701953
tofo,669506
victoria west,710152
harrismith,19694
hirakawa,107879
heyfield,711890
australind,143410
myrrhee,720458
wolkowyja,668190
carmila,728567
copeland,141520
nijkerk,16953
grimstunga,734991
agkidia,718571
veseli nad luznici,109538
nieuwkoop,184786
alm,166536
archea korinthos,720333
vouzela,73349
åkersberga,166358
graignamanagh,668245
yackandandah,728401
gemert-bakel,713226
chhindwara,712029
sainte-rose-du-nord (qc),17665
huichapan,173815
marion (ks),719033
new hope,153275
marquesas islands,669543
jalpaiguri,114789
gondecourt,189103
leichlingen (rhld.),175532
lebrija,667146
agres,666594
crosskeys,129219
la chapelle-la-reine,714722
berkheim,167839
dettmannsdorf,717144
larringes,714375
orges,714750
mier,712037
nong bua lam phu,513171
tokorozawa,108257
springston,728191
lake conjola,728464
pintuyan,712528
silver hill,685655
al hada,244219
shawnee (ks),4906
longnan,436055
montegridolfo,76106
givry,102234
saint-aubin-du-cormier,193898
rabastens,193442
auvillar (midi-pyrenees),720646
amfilochia,235027
fabbrico,163533
rispescia,706472
lagnasco,715710
shayan,723644
naarn im machlande,729772
ilgaz,702541
staithes,708529
swithland,132657
krsko,111151
ostrhauderfehn,121227
kaisheim,116165
jastkow,156953
dyffryn ardudwy,663859
chulilla,666867
campo de criptana,718430
yoshinogawa,256096
cape vincent (ny),706002
sterling (ks),719025
fort washington,147770
burdwan,114782
buckeye (az),99684
meekatharra,710673
tanti,685439
lago agrio,665128
mare gaillard,694000
itagüí,109293
cabo matapalo,726334
palkane,112347
santa barbara (minas gerais),671301
mauá (rio de janeiro),729166
embu,170961
owani,253372
taraz,195910
gongju-si,212520
tana paser,710946
canale monterano,88368
botolan,669539
elchingen,170904
malpartida de caceres,667194
kinlochard,21252
carrbridge,68798
pennal,708441
oedheim,177849
talheim,181945
inning am ammersee,116116
rascafria,15283
cela,688407
a pobra de trives,667029
santa eulalia de oscos,667773
riedering,716807
barssel,717147
broad haven,128598
schattwald,140983
maissau,139149
usson,714169
fontanafredda,164187
latiano,175455
albino,164960
areia branca,669154
greenville (mi),104231
sabana de torres,726683
springs (ny),717293
itaberaba,174186
cambuí,168979
itarema,688362
barra del chuy,733623
bergville,102952
le moule,707228
effretikon,170701
galgenen,716286
neerlinter,703257
rio san juan,103428
sec,545254
stit,707654
ramillies-offus,135160
berri,142528
kounosu,717927
monastier di treviso,701600
steinenbronn,71559
sultanpur (uttar pradesh),717428
karjat,512916
tuyen quang,204071
weetulta,142703
saint paul (mn),78865
babinda,710203
kuki,108220
tenei,255000
dennis (ma),22228
central city (co),201011
wimberley (tx),514089
awahuri,728203
berhampur,105946
bublava,685471
koflach,19197
qeparo,707486
ryen,136499
strakonice,109530
isla zahino,712089
lannavaara,712093
quezon city,179122
maale hachamisha,87126
barbalha,669158
garça,171996
cayambe,16742
lagoa vermelha,175309
ronse,71118
vitebsk,102661
canobolas,728426
ararat,1047
giresun,102806
verín,200274
arguedas,704413
matakohe,513354
vryburg,702993
tsumkwe,665608
bonabéri,720399
chiuchiu,712188
la roquebrussanne,190167
saint-saturnin-les-avignon,715222
sainte-solange,704272
nordrach,70684
heek,122729
amorbach,166707
rovetta,165388
tizzano val parma,705177
brallo di pregola,164710
fagagna,164177
wallisellen,68077
otterton,708437
rohat,724641
khandi,734451
mount cole,712232
britstown,712180
tuatapere,712138
raigarh,671649
gruchet-le-valasse,712417
belvedere ostrense,712463
cabeceiras de basto,102306
pancevo,105441
hosur,114713
canton (il),672095
kumano,107212
karaagac,735645
petrovaradin,669436
altoona (wi),717375
tanh gia (thanh hoa),720977
bedoyo,161717
gudalur,710446
irthing,130727
timoteo,105352
ballygawley,128143
miriam vale,142308
couva,169961
nova pádua,720941
ilbilbie,513288
kerpe,664643
san esteban,685841
mbeya,701079
akhfennirr,702113
chuc tchia,220463
turiya,739455
manitowaning (on),176241
quinter (ks),23465
waterloo (il),100919
arroyo seco (nm),514463
stevensville (md),23310
ulmarra,711009
waimauku,728155
abbiategrasso,99152
synikia mesi trikalon,711700
miranda do corvo,176721
madinat zayid,246668
sumaysimah,243699
gralum,102216
vradal,17984
langesund,21571
trollasen,735724
olivet,77694
calliope,710303
dingxi,159819
woking,521
portage (mi),23612
tissint,712669
tazzarine,85869
new carlisle (qc),712650
phoenix (or),671207
morris (mn),712988
winnsboro (la),105012
tanah merah,162160
kuningan,161831
burkes pass,710300
hami,19830
brands hatch,16420
floridia,171552
montelibretti,715364
licodia eubea,175628
huanggang,421399
stærri-árskógur,181531
kvakovce,732986
el contador,704491
embach,140047
essing,69196
horni branna,702367
lomma,175811
fleurieu-sur-saone (rhone-alpes),713977
pinneberg,126974
penne-d'agenais,687182
trechtingshausen,686092
voss,4989
wanroij,185314
lastrup,120956
triacastela,712773
westerhaar,185353
alpera,712542
saint-laurent-de-chamousset,194213
rheinberg,86560
sulzbach-laufen,712769
sendenhorst,71417
warchaly,712786
drei gleichen,717209
keitele,111769
nohra,127555
virginia,72947
fresnoy-en-gohelle,188876
sallgast,703169
priocca,713758
jongny,664927
jajpur,672514
gatton,21422
shuangyashan,160479
gouritz,723911
fujimi,106725
sumberagung,734759
pangani,733128
malanka,724511
salem (il),100728
sainte-marie-de-re,87569
watukarung,734771
wuzhen,79781
aungban,669669
muaraenim,710709
tanjung redeb,734793
hofuf,665675
maurepas,9266
granville (wv),718522
shibetsu,106839
oakwood (oh),79655
osceola (ia),100549
thane,114656
medio cudeyo,199449
sirsa,114520
lahan sai,205333
muhayil,245758
deli serdang,737466
horn island,713189
yuanyang,485757
sutton,141913
al ahsa,99312
kamikawa,107591
kangra,710530
mweiga,707346
cedros,705545
kure,106667
shaoyang,160711
spreitenbach,16071
ardgour,708031
hino,108523
nishiwaga,252690
seva,200037
kurnool,114411
kollur,716383
maharashtra,734471
koronadal city,513178
sambalpur,114665
setouchi,710886
maheshwar,390147
vagra,734286
fnidek,99249
baljurashi,245144
gamprin,701066
narsinghpur,739586
takehara,106691
pati,513611
spangmik,724675
meckenheim,70388
rinchingpong,710838
itako,107012
lermanda,73649
catalina,200983
carrollton (mo),717953
kamalapur,718734
naoshima,107171
ramthara,720966
monzon,667248
rock falls (il),22997
little horsted,130916
kampung layang layang,512910
ternate,390131
nishio,106207
ono,106951
paraa,715344
tokai (aichi),725233
toogoolawah,712670
mungla,737723
kakogawa,106921
ourem,18758
kato,250273
muktinath,725771
periyar,17295
rasipuram,715342
loughrea,72913
minabe,108698
lower dashwood,710623
neral,724572
rabigh,245923
upper sapey,129570
shanwei,160291
kano,174550
mansfield (nj),720094
sede eliezer,144038
kooralbyn,720463
monywa,513084
wolf creek (ut),720202
ambalantota,719585
jajal,712149
south moreton,132406
buruanga,732137
sringeri,724678
lenti,115598
nice (ca),202719
pathein,671660
carregal do sal,169204
kitakata,106534
kozino,712553
seto,106214
manno,251334
yalamunchili lanka,724766
partridge green,131680
sheoganj,724658
anstruther,68248
devala,724338
white pine (tn),100959
salunga-landisville (pa),720136
weedsport (ny),100929
abbottabad,110558
jerilderie,716185
ben luc,115661
sardis (ms),100738
nellore,114414
dély ibrahim,719671
burr ridge (il),13040
fullerton (ca),13717
dindigul,114710
oenggaut,734856
ibadan,173920
ikorodu,710480
calabar,102976
middleton,716180
pieve emanuele,18796
ekiti,700516
oudomxay,512733
gulu,701262
kanungu,701271
holloko,715345
altona north,720456
alliance (ne),22320
tan hiep,215135
forst,69272
boorowa,706665
abohar,728338
pontian,211696
dunnellon,201370
talala,724685
central bridge,150519
ganzi,412393
thanh pho hai phong,230889
ly son,720976
janow podlaski,694421
ulladulla,8032
cabangan,513528
shipston on stour,71443
kunnamkulam,710591
dharali,739473
ruckholz,663771
sikar,114702
hawker,3085
bowman (nd),103945
cuttoli-corticchiato,547674
huy,69813
molunat,544709
kormend,115504
silchar,114433
köniz,174913
akcakoca,664588
le muy,103548
östra karup,178132
le case (lazio),719536
casamassima,75658
bernate ticino,75533
castiadas,75711
turaif,713187
christiansted,8602
aschau im zillertal,544866
pastrana,712734
oisly,687162
erps-kwerps,69184
fluminimaggiore,512709
gauriac,703980
grottaglie,172658
podgora,544718
härryda,173190
casaglione,547552
chivilcoy,702116
matão,176437
pellezzano,163183
casale sul sile,715523
aschau im chiemgau,68271
villar de cañas,719627
stawiguda,72809
miglionico,715757
steinhagen,86595
colle umberto,169752
saaldorf-surheim,71173
igollo,87883
noiretable,192630
amieira,688400
eggenfelden,170720
itabira,174187
chatillon-sur-indre,686661
liupanshui,711826
yongzhou,160759
uspallata,664226
gospic,712224
sainte-anne,78553
olzheim,70778
mohammedia,513213
giustino,705081
imsouane,726758
oude pekela,145438
mullumbimby,141785
stavsjo,181568
barreiro rico,167548
general roca,109052
cipolletti,102535
imperial,159031
plerin,77751
grunkraut,716754
lesperon,77486
vidauban,77841
monno,725697
sardara,180540
alpena (mi),22322
troy (il),23234
mahad,710636
loyalty islands,701404
pingliang,159842
uiwang-si,213099
hallgarth,722956
tatabanya,67741
schlitz,71314
schwellbrunn,180723
pauli arbarei,21812
ouagadougou,20642
fino mornasco,715645
sinio,669024
ghedir eddefla,718875
abbeville,14565
monsanto,16416
heiligenstadt,69630
morano calabro,705115
saint-christophe,715975
tennant creek,12756
cospicua,169932
iguaba grande,173969
wai,724192
skjolden,19769
jílové,110329
monteu roero,165716
kolinkyla,713076
vico,712450
haslev,196570
rabka,158017
montellano,79351
okato,702187
blommenslyst,87717
bonifati,162803
luzy,191615
gaal,544898
nizza monferrato,76154
zary,158760
sezanne,194717
quetzaltenango,115826
vacquieres,712775
corchiano,164498
thornton (vic),718267
skroponeria,710114
maarssen,184703
san juan de gredos,717529
birgel,663495
torre annunziata,76617
ambaji,713194
chengmai,398701
baranavichy,707877
lushoto,708868
acheron,710171
bram,186770
konin,157179
weiz,140803
ruggell,159061
zawoja,158776
ambérieux-en-dombes,185624
gunung putri,719284
vila nova de famalicao,73343
codigoro,163488
kourou,348
anta (espinho),733018
bry-sur-marne,186915
brinje,708988
huejotzingo,173808
celbridge,159294
salsipuedes,109005
paganica,105226
costa volpino,165143
klimno,544686
malemort-sur-correze,191686
arrone,166995
nova bystrice,545211
stilbaai,181628
falenty,156715
kaltenborn,86432
shakotan,710888
phagwara,114678
brentwood (ca),22377
wutha-farnroda,686113
bisacquino,168011
limanowa,157393
ijhorst,184549
schinveld,145710
laguna verde,728100
guidel,77292
el provencio,87856
sidoarjo regency,161757
khong chiam,205144
sanchore,734462
port pirie,13775
belparao,710254
uyo,102978
port harcourt,1985
akure,166368
otematata,728234
shihezi,161358
trstenik,703483
yichun (heilongjiang),160489
fuxin,160971
kurukshetra,702202
kekirawa,726300
baliuag,167415
shizuishan,161015
waidhan,724763
borssele,184219
overkalix,86066
bäckaskog,167288
nove hute,705764
lazaro cardenas,19891
pozzol groppo,715915
lubersac,191568
porto rafti,88307
el barco de avila,713307
la- mercy,665218
san fernando del valle de catamarca,664216
saint-paul-trois-chateaux,78365
seronera,733126
onslow,717353
bhandardara,710261
yanam,114423
jharipani,739632
pichit,127873
pekon,719781
kapolei (hi),23396
kvam,137568
jachymov,109674
platia ammos,241274
klippan,102150
urla,716245
rio ceballos,21229
ferrassieres,715098
sigmarszell,117352
vortungen,99271
el cuyo,701688
jeseník,110041
alella,197933
ouidah,712336
shipkovo,686301
buje,68744
tolmin,111036
panna,18032
lovech,136192
glinado,237012
wuwei,159855
orphuli,720955
petah tikva,143858
mbazwana,707925
arthur river,728469
nam can (ca mau),728006
aghalee,127938
murzasichle,88191
trans,197636
negreira,99380
peralejos,705786
bektaş,728862
davangere,114549
vizitsa,243088
sonipat,513298
pali,21644
coudes,102231
vörstetten,183445
saint-julien-chapteuil,687361
badh khalsa,718718
ube,108824
pigna,164860
nea thesis,240279
la porte (in),22635
mirigama,176726
rivello,688293
casella (liguria),725635
hoang mai,222751
klapmuts,693905
boseong-gun,212244
ficulle,668590
madura island,713202
the blue mountains (on),717289
aliso viejo (ca),99514
davis bay (bc),718971
manasquan (nj),514265
fenelon falls,171405
rio grande (nj),150195
oyehut-hogans corner (wa),717880
parowan (ut),100570
forstau,140054
cape charles (va),99718
jonquieres (provence-alpes-cote d'azur),715197
black point,716433
diveagar,710374
banswara,718076
harker heights (tx),100091
holderness (nh),88085
waldron (ar),148636
san ramon (ca),22161
hamilton (ga),672134
columbia (ms),99810
twist,121513
saint-laurent-d'aigouze,715235
rinchnach,686059
autignac,686537
montour falls (ny),514241
schmitten,86580
kleinmond,665214
chiuro,165117
missouri valley (ia),22061
ston,544734
maracalagonis,176278
niederhausen,124761
roda de bará,199836
gin gin,21314
polverara (veneto),725581
merlimont,665758
la ferte-mace,706059
arandas,166885
nezahualcóyotl,177429
cetara,163099
copertino,169855
bannewitz,68451
greencastle,706377
savenay,194602
hansnes,138248
santa venerina,688309
limana,175677
thueyts,666393
egna,170742
coucouron,703918
ostra,163767
kindersley,174744
qinzhou,160128
sessenbach,124934
osenbach,192804
puerto rico,701862
nuuk,110855
barrea,688125
perdika,88303
kalocsa,67709
blaimont,86890
komarna,544688
osterronfeld,126960
crillon le brave,103521
anost,703810
torre pellice,166086
labin,70071
jagsthausen,69860
grove city (fl),717818
baiso,163295
arsiero,166999
kanaki,237456
cerignola,169401
voskopoje,701973
tiszafured,67743
barrytown,719142
geesteren,184410
sulina,665418
grängesberg,172482
fara san martino,162641
teplice nad metuji,685526
guichon,702129
widnau,68082
tromello,165447
la godivelle,547886
barcaldine,710240
pakruojo,733696
santona,99402
casa maccari,75651
cogorno,164757
la chaise-dieu,547870
temixco,182086
breiholz,663504
prignano cilento,668976
thorigny-sur-marne,195020
glarus,172261
fort portal,669629
tynset,136855
wagenberg,185311
miesenbach,140538
la roquette-sur-var,714933
thalgau,140203
oberteuringen,177790
markt indersdorf,70350
mioveni,176709
blomberg,103186
zigong,79865
aidenbach,166321
murat,77660
moosburg an der isar,176961
monterrico,705311
rotonda,162970
hum,686329
lezhe,707240
uchaud,195192
kerang,143088
murthal,710721
geishouse,188982
lankaran,545081
la rioja,102552
bukit gambir,162094
endeavour inlet,710399
partanna,178403
talara,159048
oschiri,178067
schloss holte-stukenbrock,71315
stetten,139388
pignola,715895
poti,665342
burhaniye,664610
's-gravenzande,185066
tepeji de ocampo,182104
oasis (loutraki-perachora),718580
le diamant,665589
purgstall,139285
chajarí,109026
hodka,720799
migdal,144024
valsad,513313
eumseong-gun,212426
bagneux,87221
newmains,723172
riedstadt,71079
vrbnik,544756
cuauhtemoc,99219
fermoselle,73563
carranza,666809
castelvetro piacentino,688167
arzakan,710196
spoltore,76575
el tanque rojo,733874
rockville (in),514167
lamu,667753
fontaine-notre-dame,77221
kottathara,724486
neijiang,161316
umaria,711011
petaling jaya,9576
oss,72499
hawkinsville (ga),100106
chalamont,187266
faleapuna,719355
ardenno,164975
lesparre-medoc,548028
padapai,734505
hamirpur,712908
enumclaw (wa),23214
grajagan,734760
fishers (in),20829
cam pha,219949
choisey,714406
putney (vt),514183
kirikkale,685672
monte migliore-la selvotta,719549
la rinconada,199172
darby (mt),3768
caratinga,169144
morez,192410
oropi,728169
trissino,182497
drognitz,127310
hebron (nh),514322
mirassol,176723
soncino,76559
einarsstadir,99139
mineiros,709333
madonna del sasso,668712
copper center (ak),23133
sutherland,702309
ellisville (ms),104145
cachoeiro de itapemirim,105277
cradock,102956
tvedestrand,136576
mezzane di sotto,715756
ringgenberg,68021
badolato,75499
new albany (in),20918
schwielowsee,703173
calacuccia,76992
gleniffer,141599
cheraw (sc),99757
appomattox (va),99545
szantod,67731
charleston (il),23150
flinders island,719709
saales,666036
remoulins,77899
milford (ny),671198
sao lourenco,73306
mauá,176458
vechta,71859
kumta,710590
steinakirchen am forst,139385
horsovsky tyn,110150
garanhuns,171995
hentiesbaai,693967
vadso,16189
warren,711040
peyreleau,21156
munebrega,667262
mozirje,19991
lucon,191577
lavoute-chilhac,714021
ejea de los caballeros,73536
ghilarza,172203
telêmaco borba,182076
atlantic beach (nc),23564
le poet-laval,87400
glenties,668243
littleton (co),21847
nieder-olm,70658
mileto,162920
pittsworth,78912
mullenbach,713481
furnari,19964
najac,77666
meßkirch,176603
pfarrwerfen,729696
georgetown (sc),20843
ruinen,87183
gavardo,165182
meningie,390206
coriano,75800
bahir dar,512840
rocca grimalda,668860
wattwiller,714664
sant gregori,87984
svensrud,136668
bistagno,164699
nevada city (ca),23286
urunga,141984
little corn island,701775
untergriesbach,71830
iporanga (sao paulo),671283
bova marina,705026
mucuri,177079
xico,183827
gbelany,686241
sundance (ut),104866
presillas bajas,727480
catacamas,706828
adahuesca,73356
lead (sd),23422
monte san vito,165579
confins,705562
wrightsville beach (nc),15242
fort sherman,720910
rodengo,179574
shazibe,723895
cotia,169944
quirinopolis,705226
campiano,163363
grobenzell,172582
evart (mi),148346
l'argentiere-la-bessee,686955
fabrica di roma,164503
tannersville (ny),79906
manunui,717303
svitavy,1428
ondres,77698
cottage lake (wa),717872
san martín de la vega,199923
glorenza,88448
capella,142157
ketchikan (ak),6795
ebenau,69083
lochristi,135493
nova serrana,105318
aieta,705015
nelspoort,671642
new milford (ct),23324
forni avoltri,512703
bladgrond,723899
riaza,667427
altena,121732
bad mitterndorf,68378
tsumeb,102457
aguadilla,11126
barreal,664166
cheticamp (ns),12048
castelmoron-sur-lot,77010
valfabbrica,669096
cursdorf,86330
villatoya,667712
classe,719075
eislingen/fils,170804
polaca,703426
warren (vt),23066
rabbi,668983
bruzolo,75577
bro,113
ostiglia,178118
belcaire,547446
chamberet,547576
kabelvag,544799
bernis,186331
douz,17044
rawsonville,179287
jut'a,707111
fairfield (il),711636
goiana,701712
bermeo,198223
cachrov,702351
saint-georges-de-didonne,87574
corum,169920
ojebar,727150
itter,87036
strzegom,158346
coarsegold (ca),104034
joyeuse,189653
kitimat (bc),174786
spring lake (nj),23338
bananeiras,669157
hovringen,544795
tok (ak),11256
ano meria,235292
columbia falls (mt),104043
małe ciche,726863
sampe raya,734927
lagrasse,547927
kropyvnytskyi,723641
cantagallo,169082
memphis (tx),100391
sag harbor (ny),151066
oak bluffs (ma),88128
aksehir,664589
costa del este,706889
hirschberg an der bergstrasse,69717
big water (ut),704856
boothbay harbor (me),5002
trichardt,182482
smygehamn,664762
ghiffa,88444
venosa,162782
dachsberg (sudschwarzwald),716762
hohenstein-ernstthal,69740
hintergöriach,729745
anton,702238
vercana,716137
roncoferraro,179628
sarapui (sao paulo),671309
divinópolis,170380
seelow,71399
beli,544658
castelbello,169298
drouwen,72346
viehhofen,545052
lignieres,191393
vanadzor,182948
lewistown (mt),23320
counce (tn),22567
ridgemark (ca),736639
yorktown (tx),672130
timbang lawan,734928
sainte-enimie,87567
hacienda heights (ca),21212
hals,196548
piratuba,669241
mooslargue,714184
sorriso,669273
guardistallo,715694
borna,125227
sampzon,715184
homps,87358
cossato,165879
ruhmannsfelden,713577
naviraí,177311
leadville (co),22273
le coudray,87393
doberlug-kirchhain,86337
unterbach,665099
driggs (id),23336
olafsvik,86175
weissenkirchen in der wachau,72000
hazen (ar),100109
ambalangoda,166679
waabs,703178
les vans,191301
martins,688368
matlacha (fl),667875
chotoviny,685477
fleischmanns (ny),667829
wilmington (vt),514090
concepcion del uruguay,664177
bath (me),17324
maltahohe,711376
sidi ifni,664143
colleville sur mer,547628
branson west (mo),103947
dosso del liro,725671
alia,166494
la fayette (ga),100230
sterling (ak),203512
hoogeveen,10813
bunde,122127
quechee (vt),21399
dois irmãos,170416
brezoi,688583
ahwahnee (ca),514474
risnov,86213
new bern (nc),4251
holt,685798
peru (vt),100589
poggiardo,76260
mountain view (ar),100468
clatskanie (or),23364
lake luzerne (ny),104371
windhagen,6063
arlanc,185782
wiek,72075
jequie,174349
sao joao da barra,705855
caramanico terme,162592
cehegín,198492
rena,71046
hvolsvollur,67949
schlangenbad,71304
champex,67889
sao sebastiao do paraiso,694491
hautefort,686853
allegan (mi),23248
hatteras (nc),104263
san antonio de vilamajor,199881
winningen,72116
culcairn,712351
madulain,664975
nant,720770
minturn (co),202553
kalletal,69887
boyne falls (mi),19670
little wenlock,723056
orotina,710063
colyton,129068
ilmington,663879
brean,128545
otterham,131626
palmira,701837
crinan,708139
chipping sodbury,128943
tregaron,708572
tilbrook,132785
folkton,722902
clocaenog,129014
winchcomb,72107
strathyre,86858
diss,129365
portknockie,708457
polperro,131807
llandderfel,708341
lofthouse (leeds),723099
stoke climsland,708534
rostrevor,686155
panama,672919
sparkford,71515
whitehills,133204
kennett,130610
kippen,130709
worton,133408
elmstead,722878
haltwhistle,130134
rothes,71132
ellon,129594
great hale,130015
elie,129582
aymestrey,705471
mariquita,701795
charney basset,86693
framfield,69278
uithuizen,87190
sogamoso,664029
freuchie,69294
leslie,130848
tomintoul,19077
dodford with grafton,719565
pimperne,131766
filandia,693619
sheriffhales,723280
kinshasa,512883
milfield,708390
kani keli,711604
penistone,131720
temse,135591
stromness,132602
meltham,131237
plumley,721538
cairnryan,68781
letcombe regis,86777
bardon mill,128166
dalbeattie,68934
filey,129739
well,133065
whiteshill,723439
kilchoan,708293
forton (lancashire),722907
corrie,129116
barton (cheshire),721588
calabazo,711157
uribia,707732
woolaston,723467
eaglesfield,129459
tywyn,708580
port edward,10543
vaiamonte,73328
hpa an,669625
khordha,739488
kumar,114528
akrata,234904
crissay-sur-manse,77135
oberlin (oh),23155
praia grande (santa catarina),671299
popuvky,109624
vinh phuc,232995
englewood (fl),105944
mettenheim,116576
fairfax (vt),514362
rionero in vulture,162773
farmington (pa),514359
sneads ferry (nc),22861
kramfors,5701
zus,732927
aubusson,87212
jericho (ny),100185
castiglione dei pepoli,705045
nosara,664555
leribe,700241
mancos (co),12655
ba thuoc,728013
narva,68108
ronco sopra ascona,721662
montemarciano,165590
riffiano - riffian,668849
crandon (wi),99832
villongo,669137
fumane,75878
west witton,708609
kellenhusen (ostsee),713547
biratnagar,135858
nagercoil,114722
saulgrub,71266
bebedouro,167679
amboseli,667751
guichen,189285
gatesville (tx),100022
mamoiada,176215
salas,390234
diksmuide,68990
val masino,669093
castelnovo neʼ monti,706007
les avenieres-veyrins-thuellin,714888
jansenville,671689
bootjack (ca),717744
sulzemoos,117448
edolo,170692
joppolo,715705
sainte-anastasie,715174
hopewell game reserve,734609
robbinsville (nc),100678
vila nova sintra,707766
orellana la vieja,694381
decize,87314
ischitella,75931
san marcello pistoiese,668912
tocancipá,109323
helmsdale,69643
albox,197900
eardisland,708166
castel san giorgio,163090
otterburn,7780
plainville (ma),669636
packwood (wa),104604
yesilovacik,664672
goodrich,129950
zaltbommel,16959
wörth an der donau,117826
west burton,133085
xianyang,79915
hot springs (va),88088
ulldecona,200177
freeport (il),22790
sandigliano,166055
rocca massima,164622
avalon (nj),667790
morden (mb),176981
vaitheeswarankovil,724733
cao bang,204057
namyangju,267987
omkareshwar,21647
kotamobagu,513059
ile des pins,16951
curinga,162850
sirkazhi,717264
kharota,717309
karuč,733943
covaci,169963
abu road,114683
collado de gil,198557
brooklyn (ct),78745
san maurizio canavese,668917
ba be,720974
orrefors,178033
berkeley heights,149964
springfield (nj),21835
jog falls,669641
sagar,114594
prizren,694512
ambeliona,105729
su-ngai kolok,214644
flemington (ga),717747
haputale,702285
benin city,688617
kolenchery,728351
phonesavanh,21264
purulia,716385
jingzhou,160597
aghnablaney,694058
khambale,724465
jawhar,724422
sucuraj,544735
shengjin,701911
revello,166020
loikaw,671641
purwodadi,390118
maratua teluk harapan,734789
bagalkot,717040
sawantwadi,669648
kozyn,665478
totsukawa,255253
montescaglioso,162764
oswiecim,72770
seminole (fl),718511
singa gembara,734798
virpazar,688462
pakokku,702302
jorhat,114431
corovode,717029
bishop (tx),99627
con cuong  (nghe an),728010
wheeling (il),22695
wiggins (ms),104999
batlow,717038
annaba,103441
lataguri,710609
tsushima,106242
butwal,671659
kotdwara,719824
langgur,725381
plaridel (bulacan),717267
uzice u kralup,545295
belgaum,114546
pak kret,214282
bexhill,13302
la conner (wa),667851
hochkirch,716958
ixtaczoquitlán,174251
oberriet,177767
highlands (tx),151451
sankt martin am tennengebirge,71246
greenup (il),100063
panagia (euboea),736879
loviste,70266
montemurlo,176916
saint-james,78313
winona (mn),22838
quintín arauz,719452
hooton pagnell,721511
rybnik,158136
oakura,710756
fischbachau,69252
bukovel,390225
puerto williams,665297
fountain valley (ca),12206
pozos,685904
torricella,182374
casillas,198452
kanal,110981
bellentre,76900
pichl-preunegg,718156
santa-maria-di-lota,704668
farosund,171341
loro piceno,715724
trancoso,73325
tulua,109361
vise,71890
dolgesheim,663564
dongo,165159
kilafors,174720
garfrescha,729674
cartoceto,163381
schirgiswalde-kirschau,71300
san venanzo,76449
arriate,198057
ely (mn),99931
gela,105212
penapolis (sao paulo),671291
safaga,14530
ehrenfriedersdorf,69115
sayre (ok),100748
santa fé do sul,180364
pavlodar,195891
green lake (wi),100058
shearwater,728394
buenavista (tultitlán),719421
mto wa mbu,719254
avon,185990
montferrier,192288
kittian village,719881
follenslev,98970
greyton,665200
samerberg,716809
palanpur,719817
wabasca (ab),707988
galatas,236911
alta floresta,166575
montelepre,176911
oscoda (mi),104597
blaj,168120
santa clara del mar,707576
lavello,175481
caleta grau,733095
hungen,119026
conover (nc),22546
berg im drautal,68522
dorf mecklenburg,716866
prijedor,127830
ballabio,164986
florenville,69266
oka (qc),177887
saint-vincent-de-cosse,78399
aspach,127238
gannan,160434
kasese,701273
transtrand,182437
polzeath,86828
forden,708195
santa marianita,665144
elm,664876
arnarstapi,728025
haapavesi,111408
benecko,85881
bosco chiesanuova,715465
tadmarton,723354
vinderup,197772
santa isabel,180371
south perrott,694075
motutere,733281
yvetot,195807
geraudot (alsace),714730
dresden (oh),514378
kemptville (on),174681
grandview (wa),735418
norristown (pa),22091
rocky ford (co),514166
cemaes bay,68813
honghe,161378
ignacio zaragoza,721719
orce,667301
passirano,165328
branna,545100
doboj,127820
chembe,732897
villaherreros,704837
saint vaast la hougue,666232
saint rhemy en bosses,668886
reine (nordland),735730
bangor,103232
desbonnes,720508
saint-hilaire-saint-florent,78309
panorama (bc),17590
irati,174141
maipu,664209
muldestausee,717175
curico,15275
gearhart (or),104208
verrayes,716142
tecuci,182059
astigarraga,198080
sonsbeck,123867
neutraubling,70628
mondim de basto,73251
lujan de cuyo,664206
hopa,99454
lavkos,239058
eptalofos,236616
san lucas toliman,711497
kars,174609
dietach,139562
uljin-gun,182667
batu gajah,162307
feurs,188661
north port (fl),202763
tarangambadi,710951
hakesta,172990
huétor vega,198997
ruppertsberg,124891
bonners ferry (id),103939
unava,724725
hermannsburg,69661
raanana,702177
navakhal,720446
drasnice,544670
czchow,156563
trzebinia,158496
canavieiras,669169
cullowhee (nc),151370
kuttampuzha,718743
sougne-remouchamps,71500
naalehu (hi),100475
thornhill,736259
colenso,733194
clachan-seil,717229
tieling,160997
stafford (va),20986
vione,183350
cinto euganeo,688183
budgewoi,141452
meppershall,131248
wiggensbach,72086
sangola,724648
tuckers town,15881
baray,716345
beachport,513186
alins,73392
san pio delle camere,716014
beal,128232
borgo celano,688131
arar,665673
marigot bay,21715
kurten,123153
sao joao da madeira,73305
helmbrechts,69642
salzatal,717186
bequia,103431
riesa,20536
hanau am main,69557
forks (wa),99986
malur,724515
subrahmanya,717352
shekvetili,723502
merthyr,131257
fayston (vt),736760
gunsbach,189314
minuwangoda,718890
mehring (trier-saarburg),716945
tavazzano con villavesco,716080
sanarica,668937
crich,129194
mansfield (ct),104432
pleinfeld,116960
neuenstadt am kocher,177377
suihua,160480
kongas,685570
rougemont,179712
karmelava,195957
gorkha,514511
sao jose do barreiro (sao paulo),105343
gosport,129965
saint-hubert,71199
goshogawara,106282
builth wells,68743
paeroa,710773
brigham city (ut),99673
east flat rock,151385
aliağa,728885
west fargo (nd),100939
berane,701417
ognyanovo,544626
cupello,165659
william bay,728607
karacasu,664636
cremolino,164769
ndola,200397
crewkerne,68906
seaham,86849
grossschirma,69484
cracoe,705567
frydlant nad ostravici,545132
wotton-under-edge,133410
salina cruz,703022
dahlenburg,68929
caylus,686637
little torch key (fl),19613
gross-enzersdorf,708961
las penitas,710001
clun,129022
moriondo torinese,715815
samarina,241771
archangelos,672932
jilin city,18595
badminton,99464
vinkovci,98958
casaprota,668644
san benedetto val sambro,668893
iringa,701075
schechen,716810
stung treng,513368
kasagi,107425
macambini,733181
tumaco,664034
hermann (mo),104276
cordignano,169876
sava,180579
gilling west,722921
frankfort (in),22637
valasjo,701954
horselberg-hainich ot behringen,663626
maleza baja,719638
lanlivery,708323
registro,179329
loudun,191535
ko lanta noi,213848
broadview,200839
diera-zehren,716968
osterfeld,70793
canj,669450
karamu,728270
san cesario sul panaro,99186
bytom,156456
albinea,163274
castelleone,75691
st. georgen,663811
bonndorf im schwarzwald,68633
zibininkai,707831
kirmington,130741
ankang,161028
benxi,395054
bolton landing (ny),667796
lea,130817
chernomorets,512753
little petherick,708334
hazleton (pa),5038
burnham on crouch,128684
barlow,128183
san gerardo,709066
clifton (tx),671167
santa bárbara de nexe,180332
kashima,107019
broderstorf,119646
raben steinfeld,119897
chandolin (saviese),86112
sanuki,106363
acquaviva delle fonti,712789
waterloo (ny),19662
aich,140239
basiskele,739644
ventnor city (nj),88160
waldheim,125845
trebinje,78496
lambertʼs bay,705678
ramos,241593
herand,136950
slavonice,109527
woodland park (co),105019
liaoyuan,160940
taebaek-si,181897
chateauneuf-sur-sarthe,547598
easebourne,721496
banagi,708980
layham,708326
wrenbury,705928
estarreja,19961
kithnos,238354
peachland (bc),178455
weitendorf,119980
wagenborgen,145480
ballure,716399
paciran,734764
pengerang,211669
cuddalore,716176
vinassan,77869
manjeri,718744
malvan,702306
antalovtsi,685845
northglenn (co),717812
san carlos (pangasinan),700531
mangan,718074
les,73650
chapel st leonards,128445
tredegar,71761
macksville,710634
xinzhou,478826
laibin,160114
betong,213453
cagnano,76988
bradford-on-tone,708427
miraflores de la sierra,87921
saint-benoit-sur-loire,714799
albuñán,717499
boryspil,665450
san mateo,701596
lubumbashi,669607
neustadt-glewe,20514
saint-pierre-du-perray,20563
raeren,70989
pontedecimo,719102
n'djamena,20641
lesquin,20474
agrate brianza,88325
bata,717343
grandate,105213
dosłońce,719194
belval,109146
malabo,105430
stadt selm,123883
espere,715132
le luc,190750
massignano,165567
davoli,162852
villevieille,195635
neufchatel-en-bray,192573
walwa,734234
barmer,114685
veraval,513477
bishangarh,717452
junnar,724189
anora kala,734532
belihuloya,390174
alnmouth,86652
beypazari,664599
stanjel,707884
lowell point (ak),718176
remenham,131961
herepian,87355
vinnitsa,183344
bortala,395614
riddings,723245
aquiléia,164091
kinloch rannoch,69949
maria luggau,138681
giove,164525
cranswick,129182
petrova,730049
kato rodini (akhaia),719932
prvic sepurine,703434
seline,544726
pale,127829
pirovac,70894
risika,706640
trilj,71770
garica,706644
tingsryd,102854
germigny-des-pres,712698
pondang,734907
qujing,161409
villanueva del trabuco,687976
fangchenggang,669668
el papayal,733884
arlington (vt),99552
saint-antonin-du-var,715201
chifeng,160767
theoule-sur-mer,21167
peterborough (nh),667890
slovenj gradec,111211
prata sannita,715920
zator,158767
broomhill,128626
birkenau,118707
koynanagar,712152
schagen,72529
avon park (fl),99565
chateauneuf sur isere,547597
kraichtal,717053
öxnadalshreppur,734970
bonito (pernambuco),671275
villardonnel,687565
rahatad,724633
llanfairfechan,130963
samcheok-si,180020
playas villamil,665138
duran,711220
naunton,131410
ingoldmells,129259
gwacheon-si,212547
fiesso d'artico,75851
highlands (nc),13693
clowne,68861
lymm,19090
asaka,108190
kyle of lochalsh,19976
carthage,712171
calvillo,703005
iizuka,106463
jhultar barkhet,724426
inverigo,75929
east dean (eastbourne),131988
frederico westphalen,171739
grizane,686327
lower froyle,131068
olifantshoek,733236
balbieriškio,733662
st cloud (fl),719400
aguas de santa barbara (sao paulo),671267
south milford,132404
rudersdorf (burgenland),729734
calvinia,711937
pofadder,705798
chama (nm),104008
sakai-shi,253572
innerleithen,130552
valencia de don juan,667650
veggli,136677
giavera,172211
thursford,132776
hebi,160513
xilin gol,477253
xinyang,160559
wuzhong,159766
santa cruz del comercio,717496
baradia,718095
saint-andre-les-alpes,78247
brits,701640
holtsville (ny),23589
warren (pa),22535
coopertown (tn),735449
east troy (wi),99905
chisago city (mn),99769
north aurora (il),21393
rensselaer (in),22634
monee (il),22060
spring lake (nc),22477
blair (ne),99635
belmont (wi),99608
loudon (nh),14538
lovington (nm),717409
clayton (nc),99783
sergeant bluff (ia),100760
holdrege (ne),100132
augusta (ks),99563
quispamsis (nb),718974
nahan,712901
zelo buon persico,165497
gorgo al monticano,172390
chiarano,75752
holton (ks),88087
dongfang,160239
xiaogan,160616
saint-martin-du-vivier,714123
heeslingen,120692
kfar yassine,726797
grayling (mi),100055
rho,76339
capodimonte (viterbo),715504
dimapur,513273
brill,128580
torreblanca,200128
quissac,193440
gavoi,75891
saratoga (ca),21866
ramdevra,710828
lisburn,130888
ljusdal,175756
yamunanagar,114522
rajgir,21053
nyingchi,445448
khiyasariya,724470
siliqua,180953
st george (me),735499
padumarnadu,724583
freedom (pa),736420
vsetín,110485
illiers-combray,547834
sangla,513307
west coker,133091
cullompton,86712
king river,728539
redmond (wa),21816
aranmula,718096
lottorp,175880
maspotha,736598
ridgeway (sc),22137
angola (in),23409
cumberland (md),22485
pottsville (pa),23426
wynndel (bc),718333
triangle (va),22197
woodmoor (co),717814
paintsville (ky),100562
richland center (wi),104690
strasburg (oh),100829
mount sterling (ky),23600
strasburg (va),100830
catlettsburg (ky),99733
conklin (ab),712046
sparta (ky),10677
clairmont (ab),169678
spirit lake (ia),23349
wayne (nj),5115
summerset,513239
newburgh (ny),2407
ligonier (pa),18719
lohne,70244
thanstein,716815
middlebury (vt),23596
san juan bautista,719169
lascari,175446
laborie,701074
khandwa,710547
kållered,174494
yeghegnadzor,512797
montepaone,76112
klimmen,145618
khawasa,710550
viet tri (phu tho),204066
balaruc-les-bains,20339
kleinmaischeid,124598
sherfield english,132263
san pietro in lama,688302
jhunjhunu,513468
eisenberg,69124
north sioux city (sd),20923
westminster (sc),711873
cleveland (ga),99789
sao martinho do porto,73309
moniquira,707330
sarapiqui,664566
ardersier,86654
bahadrabad,710210
vorbasse,87758
millinocket (me),100418
hürth,122945
chiflik,544608
malansac,708738
eisenstadt,11014
obergestein,716295
batesford,142874
rubio,711476
tatipaka,724692
kumguri,710589
icheon-si,30382
canete,666794
clawton,708120
montaigu-de-quercy,687098
alta (wy),667781
deurne,72331
karandi khurd,710536
guangan,161293
valstagna,182942
dunglow,72895
szigetszentmiklos,67735
murdeshwar,720805
west ashby,708600
schwechat,21152
bheemulavaripalem,724286
guruwahi,719796
san giustino,163919
pont-de-labeaume,714105
bowland bridge,128490
colleferro,164493
luce,110989
lovell (wy),104413
trensum,664781
radegunda,737027
granger (in),22796
massanet de la selva,687827
wietmarschen,121643
ribaritsa,544634
bettola,715444
praia grande,178971
neustadt in holstein,70625
grindavík,172575
le puy-sainte-reparade,190887
kabale,701266
lopud,70258
karaburun,664635
uralla,141982
abastumani,726489
civitella di romagna,163483
tomerong,141951
st mary,86854
santiago de baney,719909
longyearbyen,16949
saint-martin-de-seignanx,687381
mirabel aux baronnies,665776
hetton-le-hole,722978
guiglia,163609
sao lourenco do sul,716239
rabil,707492
spisske podhradie,136049
halford,69541
crystal city (tx),672099
urga,718097
ryton-on-dunsmore,719563
tokat,182274
hermitage (tn),100115
pollina,178790
inverness (fl),23337
vrnjacka banja,390228
patos,178435
guatavita,707045
forfar,103264
luwuk,513106
kebumen,705325
deoria,732251
calvizzano,715348
tay ninh,115751
oberndorf am neckar,717058
vintrosa,183349
ásahreppur,734963
shirebrook,132282
rowy,72788
llangibby,70226
beires,712540
bucaklı,728909
bredebro,196220
soko banja,694513
carassai,165524
red oak (ia),100650
woodstock (ga),21030
ellenboro (wv),718519
redgranite (wi),100654
little river (sc),22277
washington (ga),100916
forsyth (ga),11864
hartsville (sc),23588
goose creek (sc),22078
tualatin (or),100870
smyrna (ga),211
conyers (ga),12845
ridgeland (sc),100667
marion (sc),718516
darien (ga),14654
greer (sc),22576
wade hampton (sc),717808
conway (sc),6373
austell (ga),21956
sandersville (ga),22617
moultrie (ga),20912
jefferson (ga),100182
rockmart (ga),100684
saint stephen (sc),100727
rome (ga),20953
west columbia (sc),21017
hinesville (ga),8143
vidalia (ga),14319
conley (ga),514394
thomaston (ga),88155
bainbridge (ga),99568
clinton (sc),7071
jesup (ga),100186
lavonia (ga),100260
gaffney (sc),4969
decatur (ga),21787
forest park (ga),22041
la grange (ga),1902
cedartown (ga),22779
peachtree city (ga),2627
okanogan (wa),155493
marion (al),514260
dawsonville (ga),99855
jonesboro (ga),22604
blythewood (sc),21971
north augusta (sc),22092
springdale (sc),717805
lancaster (sc),23710
clemson (sc),8987
cumming (ga),19873
everett (ma),717395
bremen (ga),20755
union (sc),23371
griffin (ga),940
blackshear (ga),99632
lithia springs (ga),20885
lampasas (tx),104381
mt hood village (or),717779
hammondsport,150716
hugoton,146838
colorado city (tx),99807
burkburnett (tx),20763
roswell (ga),10672
great neck (ny),78786
hudson (co),717385
steubenville (oh),746
waldo (fl),104942
travelers rest (sc),21001
dupont (wa),104113
verdi (nv),149834
zillah (wa),101008
aberdeen (wa),99498
kilmarnock (va),22974
shoreview (mn),104767
wewoka,152462
fairview (ok),717415
chilaw,513503
best,9902
collobrières,187763
eastry,129534
ford,86735
hassloch,69587
diyatalawa,710375
la roche chalais,547901
kimino,250486
blackthorn,128390
ilton,723007
picton (on),178624
chamu tea garden,719845
sekongkang bawah,734845
fish camp (ca),775
bohra kote,719833
sarchu,513677
yeongdeok-gun,213174
gorna malina,706356
madremana,73678
saltburn-by-the-sea,71207
ihlara,728947
mampad,724516
circello,688184
traiskirchen,139415
senoures,719256
claxton bay,694009
taynuilt,71671
woudsend,144860
toubab dialao,734028
pellio intelvi,76221
hernani,198969
calimesa (ca),99703
iron river (mi),104308
angri,163038
zuidhorn,145497
great tew,130046
calca,726551
labico,164538
cerkno,110954
petrovce,110904
stahovica,111031
uyombo,732432
kiln green,723022
una,711012
hökhult,173676
downham market,129395
creigiau,722834
puerto ayora,102910
kealakekua (hi),202112
cerisy-la-forêt,187211
bangor wales,68447
castelgomberto,169302
west meon,133119
hinojosa del duque,198976
ceres,513151
tatev,712345
buici,703295
oragadam,724580
lowell (ma),6621
punderich,70967
west quantock,663888
trebesing,138791
waalre,185305
maddalusa,725570
platteville (wi),104648
jona,174386
camden (sc),22390
rogersville (al),514165
sargans,68042
pardies-piétat,720614
carroll (nh),717915
newcastle (wy),104551
wingerode,127761
ayioi apostoloi,105745
yaremche,665542
macka,176039
büyükhusun,720875
pittsfield (vt),147619
st joseph (mn),104825
hackberry (la),735450
ranger (tx),100646
stanley (wi),100820
maquoketa (ia),100351
cuthbert (ga),99842
denmark (tn),672101
valbrona,669094
freeland park,733192
springfield,710915
cesario lange,705204
minervino di lecce,88480
banbridge,128156
vila do conde,19774
carini,75641
nimrod (or),735447
obertraun,70747
belgirate,7899
la cumbrecita,102549
äng,166751
borden-carleton (pe),168332
roquesteron,193709
heyburn (id),100121
richfield (oh),19831
east farmingdale (ny),718688
manistee (mi),100347
pocahontas (ab),718320
tustin (ca),22704
lunan,131092
southbridge (ma),104805
moorhead (mn),23599
amesbury (ma),23562
hope mills (nc),104289
new castle (pa),100490
amealco,693968
anamosa (ia),99532
jefferson (ia),100183
easton (pa),123
voorhees (nj),21008
orange (ct),23718
sullivan (in),104864
montague (mi),104486
sallisaw (ok),23182
labuma (ab),718322
germantown (md),8936
elfers,201458
bayfield (wi),514454
papillion (ne),149755
hopewell junction (ny),100144
marysville (mi),100364
stateline (nv),20645
carolina beach (nc),23573
saint michaels (md),104722
simsbury (ct),88146
colfax (ia),99804
lake park (ga),22270
west salem (wi),104977
erwin (tn),22509
hightstown (nj),22211
tlalnepantla,99239
ecatepec,170651
arlington (ny),718681
windsor (ct),21025
columbia (md),17126
perryville (md),100586
shelton (ct),8736
cheverly (md),18850
farmington (ct),7220
marietta-alderwood (wa),717875
pontiac (mi),22121
ilion (ny),23397
covington (ga),22781
hazlehurst (ms),514323
maysville (ky),166
stuttgart (ar),100835
aberdeen (nc),23141
huntington (in),22800
jefferson (wi),717376
raeford (nc),100640
benson (nc),99617
parkers prairie (mn),148893
townshend,154952
erick (ok),99938
burlington (nj),22999
snoquera (wa),705436
jackson (mn),100176
pine grove (al),717940
keystone (co),88100
cowichan bay (bc),18864
pennsville (nj),20938
ypsilanti (mi),23632
mountain iron (mn),104511
bridgeport (mi),99669
osseo (wi),100551
bradley (wv),720179
sainte genevieve (mo),22852
pearl river (la),104621
gleneagle (co),717815
canadensis (pa),23380
butler (pa),23572
powell butte (or),100630
miller (sd),104477
new rochelle (ny),21807
blue bell (pa),103933
slaton (tx),100789
gainesville (ga),10142
peach springs (az),100577
halsey (or),100077
mequon (wi),104468
bloomingdale (il),22363
madison (sd),514267
mt morris (mi),721024
westbrook (me),22230
carmel (in),20772
watertown (ma),100920
lake elmo (mn),100240
mount vernon (tx),100466
elkhorn,149705
mercedes (tx),22939
iowa falls (ia),100171
lafayette (ca),100238
gluckstadt (ms),720085
sudbury (ma),22183
thurmont (md),100855
owings mills (md),20930
bethpage (ny),23522
los dos compadres,718643
watervliet (mi),100921
nopoló,724906
wescosville (pa),720142
scotchtown (ny),717889
mayfield (ky),100371
westfield center (oh),152180
hillsborough (nj),79886
egg harbor city (nj),150007
posts (ca),717743
watseka (il),100922
hampshire (il),104250
buhl (id),671161
san juan (tx),104726
moulton (al),104503
provost (ab),98910
manchester (ct),17812
montvale (nj),23598
vienna (wv),79907
hammonton (nj),23386
boone (ia),99650
ponte vedra beach (fl),7066
massena (ny),100368
ridley park (pa),104695
west chester (pa),22473
west point (ny),649
rangeley (me),100645
rancho santa fe (ca),100644
beverly (ma),88045
port royal (sc),100625
severn,147883
octa (oh),717909
rib mountain (wi),717973
lebanon (nj),23712
willow grove (pa),10774
andrews (tx),23478
contra costa centre (ca),717738
gun barrel city (tx),104243
orangeburg (ny),21809
ava (mo),103879
chaska (mn),22002
ferndale (wa),99973
north attleboro (ma),22682
bernardsville (nj),103918
canby (or),78749
mebane (nc),20899
middletown (ny),20903
sidney (ny),100780
stanley (nd),514140
creston (ia),99836
chino valley (az),104027
albion (mi),514472
wurtsboro (ny),23359
lakewood (oh),23709
holladay (tn),104283
upland (ca),22204
roslyn (ny),88141
wrentham (ma),78895
paynesville (mn),100576
rye (ny),22148
cresco (ia),104063
grimes (ia),21211
tenafly (nj),78885
anasco,18408
brandon (ms),20356
paxton (ne),100575
chilhowie (va),99766
moss landing (ca),104502
pikesville (md),22115
weissport east (pa),717857
harwick (pa),22158
bath (ny),23381
bellevue (oh),99604
douglas (mi),717401
shelby (mi),100768
avon (ct),23204
kittery (me),100224
clearfield (ut),99787
weldon spring (mo),721033
jacksonville (or),514307
glassboro (nj),150032
medford (ma),23713
candia (nh),514425
hull (ma),19520
milford (me),514246
highland park (il),667837
oneida (ny),104590
orange (oh),150156
spackenkill (ny),100812
williamsport (md),20700
chanhassen (mn),22840
adel (ga),10631
wallaceburg (on),98947
amsterdam (ny),99529
kingston (ma),100218
albany (mn),514473
hampton (ga),104251
glen cove (ny),23189
runnemede (nj),22146
neillsville (wi),104537
rocky hill (ct),210
bremerton (wa),2991
langhorne (pa),20457
ellicottville (ny),99927
kewanee (il),100213
willow park (tx),105005
canfield (oh),20769
ellis (ks),514369
columbus (mt),21654
kentland (in),22679
springfield (mn),100817
osage (ia),104596
sunset beach (nc),514132
plymouth meeting (pa),20942
marysville (ca),21760
booneville (ms),99651
kingston (tn),100219
verona (ny),100890
pinole (ca),22116
williamsburg (ky),671226
bodega bay (ca),15700
new richmond (wi),23530
centreville (va),22001
kaukauna (wi),100207
wading river (ny),104934
buckhannon (wv),20761
palisade (co),100565
fredonia (ny),100003
dale (in),99846
cornelia (ga),752
lost hills (ca),100316
taylorsville (in),20594
wynne (ar),100997
harrisburg (il),23220
carroll (ia),99725
beresford (sd),103914
dwight (il),104115
hazelwood (wv),720181
rama road (on),718365
stoughton (ma),22182
middletown (va),100406
fort sumner (nm),99994
gold river (ca),718169
las pintas,719439
iowa (la),100170
buford (ga),20762
smithfield (va),100792
storrs (ct),104859
etowah (tn),104152
ripon (wi),100674
au sable (mi),718697
plymouth (wi),100614
carrington (nd),151713
park rapids (mn),100568
valley city (nd),104917
west liberty (ky),100943
orion township (mi),104593
midway island (va),720176
calumet city (il),21990
belton (tx),23566
pottsboro (tx),100629
selmer (tn),100756
bonne terre (mo),99649
minett (on),6997
ozark (al),100557
siler city (nc),100782
athabasca (ab),167116
blakely (ga),99637
leavenworth (ks),100264
rogers (mn),88140
herkimer (ny),104275
lillington (nc),104399
madison heights (va),100339
hanover (nh),671183
vandalia (oh),22208
kennett (mo),100211
lindsay (ca),100293
langdon (nd),667855
blue earth (mn),103934
solitude (ut),672151
coral springs (fl),19843
pentwater (mi),100583
cuba (mo),22845
isle of palms (sc),21871
berkeley (va),719414
riverside (mo),88138
marysville (ks),23299
bahia de banderas,99213
delphos (oh),99863
centerville (in),99744
wautoma (wi),100923
spring ridge (pa),717860
fort valley (ga),99995
warren (nj),88162
boiling springs (nc),103937
burlington (wi),99693
fulton (ny),667827
saint clair (mo),100711
georgetown (pe),718370
lake san marcos (ca),104373
wayne (ne),100925
mendota heights (mn),667868
fort polk south (la),720073
kirkwood (ca),104347
fairfield (ia),99956
white hall (wv),20628
mauldin (sc),100370
clyde (oh),20388
manning (sc),6597
monmouth (il),100432
newton (il),202714
dickinson (tx),22017
brillion (wi),103955
stockton (il),100824
cobleskill (ny),99800
blairsville (pa),99636
rutherford (nj),100703
minisink hills,153216
lorain (oh),151970
pevely (mo),100590
locust valley (ny),100307
sylvania (oh),22190
butler (mo),99696
evansdale (ia),99949
glen burnie (md),15304
farmer city (il),104161
deltona (fl),99866
ararat (va),514466
little chute (wi),100297
fordyce (ar),99982
bushnell (fl),78746
hamilton (oh),100081
naples (ut),717926
martinsville (va),5125
du quoin (il),99890
newcomerstown (oh),20921
smithville (mo),104781
chambers (az),514411
mount vernon (ky),100464
socastee (sc),717802
marion (ia),100356
lamar (mo),100253
wallingford (ct),21011
universal city (tx),100879
benmiller (on),718357
chatsworth (ga),11074
spanish fort (al),22743
kennett square (pa),20869
lawrenceville (il),202258
largo (md),20880
kutztown (pa),153084
new hampton (ny),22074
north sutton (nh),149910
walker (la),23628
vance (al),100886
dunbar (wv),99892
gomez palacio,19896
lemon cove (ca),514280
paxinos (pa),104618
north wales (pa),22099
alma (ga),99518
meadow lake (sk),176494
pittston (pa),22558
holly springs (ms),100135
shelburne (nh),21222
russett (md),717992
ashland city (tn),99555
dumfries (va),20809
wilkesboro (nc),5912
billerica (ma),19636
daleville (va),99848
teaneck (nj),21842
lyndhurst (nj),21859
west bloomfield township (mi),719405
kimball (ne),100215
park ridge (nj),21811
north bellport (ny),718692
duarte (ca),22018
perry (ia),514198
new albany (oh),672146
silver city (mi),104774
newton (ms),100501
brewerton (ny),22378
avalon (fl),720050
jennings (la),22517
elkview (wv),99926
paola (ks),104612
shorter (al),100778
port jefferson (ny),104659
aransas pass (tx),99548
mount horeb (wi),23186
pinebluff (nc),104641
frenchtown (nj),514349
swanton (oh),22188
attalla (al),22333
keyser (wv),514292
westwood acres (oh),720132
elkin (nc),99923
snellville (ga),100796
yorkshire (va),717796
irmo (sc),17512
mclean (il),104459
elma (wa),99928
bay shore (ny),99583
nixa (mo),22089
saint basile-le-grand (qc),663378
ham lake (mn),104249
dekalb (il),78769
springfield (pa),23723
wheeler (tx),100953
youngstown (pa),720140
humboldt (ia),104296
waterford (wi),22220
milford (de),100412
blands (nc),720120
folly beach (sc),153729
candler (nc),99713
white city (or),17696
endwell (ny),104149
warrensburg (ny),514110
hartford (wi),21213
casey (il),18856
harrodsburg (ky),12962
calumet (mi),103984
puerto ceiba,719450
apple valley (mn),103868
norton (ma),100517
windsor (co),671227
dillard (ga),22780
dumas (ar),99891
rainsville (al),100642
fairhaven (ma),20825
west goshen township (pa),718508
durand (wi),672103
henderson (co),22678
brigantine (nj),8424
ellenton (fl),20819
whitchurch-stouffville (on),718030
norco (ca),100504
olney (il),100536
woodland forest (oh),720130
martinez,202433
whitewater (wi),100966
west orange (nj),22263
liberty (ny),100287
bellemont (az),200699
richmond (il),100663
chickamauga (ga),99764
imlay city (mi),23482
little falls (ny),100299
higginsville (mo),100123
orange city (ia),514212
whiteville (tn),100965
bunkie (la),103966
bayberry (ny),720106
buffalo grove (il),21984
elsah (il),201483
virgil (ny),718674
lahaina (hi),13874
mcbride (bc),14293
west allis (wi),104967
chillicothe (il),104024
slippery rock (pa),153465
collegeville (pa),23576
green river (wy),671570
essex (vt),12217
hernando (ms),22201
lake ozark (mo),23372
harrison (ny),718683
ridgefield (ct),23720
fayetteville (pa),23398
wellton (az),100934
lincoln (ri),23594
knoxville (ia),514289
colorado city (co),104041
trenton (ga),104895
summerland (ca),104865
essex (md),99940
odessa (fl),718295
baldwin park (ca),21958
casselton (nd),99730
bedford (va),99592
hurley (wi),100153
slesse park (bc),718329
skytop (pa),104779
eagle river (ak),99895
medora (nd),104464
brevard (nc),10425
cavendish,154876
jellico (tn),2167
south glens falls,151128
saint james (mo),100718
waitsfield (vt),104939
highland (ny),22206
de soto (ks),19864
jasper (ga),79887
gateway (co),514347
beaver falls (pa),22343
wildwood (mo),667937
union (mo),100875
litchfield (mn),514278
ellicott city (md),23581
becker (mn),99591
sanford (me),514153
gretna (ne),100068
fayetteville (ny),99968
tillamook (or),7501
saint eugene mission (bc),718328
newport (ar),100499
marquez (tx),514259
lake village (ar),100246
cosby (tn),514389
conrad (mt),99817
collierville (tn),20787
wolfeboro (nh),88167
concordia (mo),99816
baldwinsville (ny),99573
laie (hi),104368
potosi (mo),100628
hamburg (pa),23523
fort mitchell (ky),22043
fowler (ca),514353
manheim (pa),197
monett (mo),100431
burnham (pa),103970
port washington (wi),22982
castroville (tx),514417
atchison (ks),78734
perham (mn),104630
ionia (mi),23201
new paris (oh),23602
saluda (nc),151609
culebra,23656
sumner (nc),720118
monticello (fl),100439
milbank (sd),100411
holyoke (ma),13967
middletown (de),20902
trumann (ar),104897
columbus (wi),21655
baldwin (wi),99572
hooksett (nh),100141
forest lake (mn),104176
amherst (oh),99527
friendship village (md),717994
staunton (il),100821
ida grove (ia),100157
ripon (ca),23614
mound city (mo),100450
ocean isle beach (nc),100528
big timber (mt),99623
grayville (il),104229
mokena (il),100429
jacksonville (al),23215
redfield (sd),100653
west homestead (pa),667936
excelsior springs (mo),23366
canastota (ny),78748
gilman (il),23472
melrose (mn),100390
ponchatoula (la),100619
minooka,202552
saint anthony (pe),718371
mount arlington (nj),22875
mettawa (il),104469
cadereyta jimenez,103067
ajax (on),20721
upper marlboro (md),21856
sapulpa (ok),100736
hanover park (il),104253
quincy (wa),514181
sutton (wv),100841
plainville (ct),104647
north decatur (ga),202750
strafford (pa),720134
biscoe (nc),99626
webster city (ia),23292
mount jackson (va),100456
clintonville (wi),104032
grand mound (wa),104224
marshall (il),100358
leola (pa),100280
clackamas (or),15362
eads (co),99894
elizabethtown (nc),99920
conshohocken (pa),21782
lisbon (oh),100296
terrebonne (qc),182128
mountain city (tn),104510
big cabin (ok),99622
honey brook (pa),100140
eveleth (mn),104154
belle plaine (mn),103909
clarinda (ia),99779
saint-antonin (qc),179873
crete (ne),99838
egg harbor twp,150008
scooba (ms),709412
maple shade (nj),22308
west branch (mi),100936
tannersville (pa),23171
shalimar (fl),22168
riverside (ny),718676
lehigh acres (fl),22776
lake junaluska (nc),100242
honaunau-napoopoo (hi),732147
hancock (md),100085
darien (il),514382
saddle river (nj),21949
havre de grace (md),100103
bombay,150472
okemah (ok),104585
belleville (il),23698
louisbourg (ns),663313
wamego (ks),100908
margaree valley (ns),705426
mascota,103095
lee vining (ca),100271
clarenville (nl),15444
mayville (wi),151748
scipio (ut),104737
eustis (fl),99946
albavilla,712459
saint anthony (id),23251
majalengka,670826
belorado,704426
zas,717658
thurlaston,132768
nordeste,717339
naussac,77671
parasi,710780
arcos,166915
makrirrakhi,239431
santa vitória,180403
waingapu,709112
port hadlock,155510
belén de escobar,108909
steenwerck,194859
magnetawan (on),701791
sveta nedelja,136351
trossingen,182511
eastrington,129533
san lorenzo de hortóns,199917
aidone,88326
zonnemaire,102227
kalangala,701268
luumaki,85935
kürnach,116346
brassac,186779
omuta,253172
wyandra,142499
limatola,163138
leinefelde,70144
agnadello,164954
pluzine,669457
nieu-bethesda,513663
villadangos del páramo,200308
utsjoki,112844
makrygialos,239447
isla de coche,23123
otos,667311
jockgrim,124566
monte cremasco,725641
challis,201020
mikros prinos,239989
wiesau,117758
warburg,124089
monteneuf,192270
donald,142989
dois vizinhos,170417
quetta,110557
riviera (thessaloniki),719941
karumba,513024
smith river,203433
ficksburg,514507
la solana,705676
monte di procida,163156
ribeira de pena,105380
orleães,178019
killyleagh,130651
prisdorf,126987
montebello vicentino,76098
east tawas (mi),104127
cintheaux,721272
sadaba,708816
orio,73747
abu simbel,18165
catanduva,169331
caux,79401
brookeland,154212
färlöv,171335
viamão,183166
zabbar,183968
blue lake,200761
trinidad (ca),23361
plainfield (il),100608
rosevears,23670
vourgareli,243195
litton,130946
waikerie,142697
karangturi,734755
parenti,162941
poggio rusco,178763
zollikofen,184044
spangenberg,119430
avissawella,167211
marienville (pa),100353
queen charlotte (bc),179113
campillo de altobuey,687670
moudros,668455
nalbach,70545
kuhfelde,70051
shchuchinsk,713015
velika plana,79698
chautauqua (ny),104015
garrucha,73574
gränichen,172487
hundwil,173840
offingen,177859
duchesne,154801
ornex,192793
corning,201170
arnfels,140252
corno alto,705063
deale,147747
carencro,147254
magnanville,191636
lake montezuma,202227
exo nimfion,236680
tsavo west national park,16907
hopetoun (western australia),716247
paranavaí,178366
megara,239736
swarthmore,153518
rettendon,131966
prevalje,111191
collinée,187762
silver plume (co),203413
boa esperança,168162
cosoleacaque,169930
qarshi,513333
kpalime,711869
spring green,156120
stewart (bc),672519
stadtilm,127673
heßheim,124510
leckmelm,130828
leinburg,116414
crivitz (wi),99839
porto conte,178903
köngernheim,124610
sivros,242035
trigueros,667619
riviera,154622
düvier,718224
lissieu,77501
barghe,164989
zarouhla,668474
arrawarra,204073
saint-cergues,78262
varengeville-sur-mer,666439
reguengo grande,701873
rumford (ri),100699
tatuí,182036
pintano,704616
meliskerke,184729
papa,115557
greenhaugh,130056
nordegg (ab),663341
bloomer,155867
the birches,132720
piopio,110762
kontiolahti,111851
greenhead,130057
lupton,131094
affligem,68149
verolanuova,165471
mere (wiltshire),133111
salleboeuf,194480
welkom,183620
noyant de touraine,105693
capel-curig,708104
pioneertown (ca),203013
connellsville,152806
lumsden,513625
roanoke (wv),23272
dunnville,170561
jessen,126108
apice,163040
saterland,717150
lübbecke,123249
elk (ca),104142
nybro,86064
issac,189566
la cluse et mijoux,189879
bjugn,735852
beacon,150445
igaraçu do tietê,729447
wadena (mn),104932
rietz neuendorf,686058
saint-georges-des-sept-voies,194090
briouze,186874
gruaro,172662
gaerwen,69324
atos pampa,701617
pedernales,700847
gore end,722931
madronera,103726
warren (ar),23457
muldrow (ok),514237
egmont (bc),663252
sainte-suzanne,194041
hart (mi),104257
chambourcy,187300
nabburg,116661
mintlaw,705725
alamo (nv),200486
saint-patrice-de-claids,708766
ricco del golfo,513287
koppang,136790
petersburg (il),104633
bouafle,186640
flin flon (mb),171532
mering,116570
caçapava,168865
hythe,173911
pine knoll shores (nc),711909
adlestrop,127934
inseros,174109
hofstade,69732
pressath,116995
glen arbor (mi),148371
genappe,134964
kilsby,130660
pirassununga,178703
chester (sc),99762
brütten,168646
rimpar,117115
bijapur,21087
mauern,116544
kirchehrenbach,116230
montagny (rhone-alpes),721444
tupã,182567
beyssac,721221
orland (ca),202855
sandusky,148585
villanterio,165488
straelen,123916
dong van,221883
grenfell,141616
quan hau,719776
weida,127748
fennimore,155927
caral,671233
frillesas,171787
cabreúva,168859
drysdale,142999
ayabe,107416
ammoudia,235052
tubize,135220
tonkopuro,718958
nailstone,723153
saché,193829
guarabira,172729
villarosa,183304
scotland neck,151612
gimli,172230
thruxton (hampshire),723371
cimarron,201073
las planas,73641
foresthill (ca),201592
wabrzezno,158549
beekbergen,5887
pagani,163173
jestetten,174351
porcari,76282
merdrignac,192013
weiherhammer,117713
uonuma,255584
leirvík,162525
ustaritz,195214
takahashi,107949
lubec,147576
wieselburg,139469
bressa,164119
dachwig,127294
jales,174287
gayndah,142221
santo antônio da platina,180438
oberlunkhofen,177756
spiesen elversberg,671667
idaho springs (co),100159
caro,148268
prudentópolis,179042
nidderau,119217
wetteren,135616
bagnatica,671722
promirion,241488
golzow,118097
platana,241249
regalbuto,179325
wooli,712026
remuzat,193530
stillfried,139389
garnett,146818
marlo,710656
bargo,141394
haymarket,155139
makandura,176135
water newton,86876
poilhès,193152
carlos barbosa,169173
steinenkirch,181590
fruges,188914
rutherfordton (nc),100704
bergrheinfeld,167822
graffignano,668694
deckenpfronn,170183
casteldidone,163434
gedera,143797
sigourney,146692
kümmersbruck,116343
trumansburg,151174
mccammon,202459
heilsbronn,173347
kuncice pod ondrejnikem,67490
kildrummy,130640
parintins,178381
san luis río colorado,180152
las catalinas,726310
kostomlaty,110238
pederneiras,178459
normandin,177549
east hampton (ct),201400
tennie,194949
kaprijke,135452
quatis,179106
aigeira,728297
torrente de cinca,200145
chemuyil,706844
seeb (muscat),87700
zaventem,135256
zwettl stadt,139502
gjogv,668478
camelot beach (on),726100
himrod,150738
san juan bautista (ca),203297
villanueva de campean,713345
mesanger,709327
bad liebenwerda,717080
checa,198521
yzeure,195812
immingham,130538
regensberg,179326
baita,164103
stein,181583
buellas,186926
saronis,241818
diadema,170291
rioja,159051
hoogerheide,146008
bourgtheroulde-infreville,721021
rutesheim,179772
kawerau,110689
azé,186009
engesvang,196331
takatsuki,108150
ohrdruf,127573
zuni,150399
lawai (hi),202257
vila jusã,733039
prampram,185462
douglas city (ca),735322
il-furjana,174004
ossig,125670
pedro leopoldo,178472
ferrazzano,165660
spofforth,132445
mount duneed,143181
meco,199446
chandolas,694178
cella,198496
niwot,202726
röfingen,117128
ubá,182617
numurkah,143224
duchcov,67473
independence (ca),671189
olszewnica nowa,705768
pilas,199708
sparone,166070
montodine,165284
ray-sur-saone,706333
meeker (co),202487
frilsham,129833
nallathanniya,710729
sabinov,136047
al mikhlaf,244579
marcos juárez,108999
larose,147351
le bosc,190587
tawas city (mi),100850
bismarck,200744
new harmony (in),104545
kasugai,106188
lunas,211528
labelle (fl),100235
montjovet,668776
woodwark,728398
bocaiúva,168184
contin,68885
aquebogue (ny),78730
moose lake (mn),104495
laurie,149404
merzenich,123321
bedford (ny),736732
sibu island,106027
salter path,151608
teliya,718098
bentelo,184171
juayua,706226
rosciano,707532
villarmentero de campos,667708
lidingo,79334
grumo appula,172666
merrickville (on),176589
raa,179152
valencina de la concepcion,73922
libros,667158
lasseube,694236
domagné,188243
marin,191807
ulysses (ks),104912
glomfjord,137293
fenwick island,201547
cury,129268
luverne,735984
wehingen,183584
saltmarsh,132130
estrées,188526
red lake,179311
vermilion (ab),183136
tursi,162781
chugwater (wy),23387
noventa vicentina,177654
aryinonda,235569
saint-savin (poitou-charentes),713865
ardglass,128022
hirson,189461
pelham (ga),100579
esquelbecq,188506
northern cambria,153294
barbing,86305
marion bay,717270
guanambi,172723
weaverville (ca),203856
caronport,169192
padthaway,21435
nikaia,161947
tulln,139421
maricao,197830
caux-et-sauzens,187171
waldport (or),21224
mirfield,131311
mcrae (ga),104460
tovuz,700910
chateau-d'oex,67891
saint genis les ollieres,194082
piana crixia,668821
rockaway beach (or),667901
clane,72882
grikos,237102
gardiner (ny),671181
kula (hi),202180
sellicks hill,710882
richmond (new south wales),720462
faggeto lario,512969
macanang,734881
prilep,179009
grassland (ab),718968
georgina (on),514345
matapalo (guanacaste),726306
jajce,707093
wadi al dawasir,709476
gunung bahagia,734785
nea stira,105818
orgelet,192775
sardinal,713171
west hartford (ct),203877
phu ly (ha nam),204061
saint charles (md),717997
tramelan,182426
vila de rei,705276
hillsdale (mi),100128
marksville (la),21216
capitol heights (md),99720
robbinsville (nj),718009
farmington (ut),717921
sikeston (mo),22998
lawrenceburg (in),22663
coconut creek (fl),735001
new brighton (mn),717885
montezuma (ga),100438
newberry (sc),7370
caguas,21714
beltsville (md),21862
southbury (ct),22577
cazzano di tramigna,715559
bergland,148238
bamford,128155
ninilchik (ak),706307
imphal,114654
pescaglia,178551
sidhbari,720811
frankfort,711239
rhyl,71071
danapur,720948
velké karlovice,110480
snåsa,137501
lac-delage (qc),17532
castrojeriz,666845
marietta (pa),23480
oldeani,733119
leersum,184665
central kalahari game reserve,718196
solopaca,163243
east orange (nj),88069
munds park (az),78837
colatina,169742
chateau-landon,712689
eslida,704502
castel colonna,163427
daigo,106998
songgom,734740
bothamsall,722618
jaslo,668007
hradištko,721653
bowmore,128492
temora,710967
machado,176032
almuzaylif,244658
mulshi,717442
kikuyu lodge game reserve,734605
kapan,710532
hanover township (oh),718251
itaperuna,174211
sorisole,165420
saint-crépin-et-carlucet,718655
danzhou,21742
shady cove (or),100763
greenhithe,130059
godshill,686139
chengannur,717421
sagy (burgundy),721107
te kaha,715336
tea gardens,4597
glavati,733933
ernsthofen,138922
hideaway bay,710467
zutendaal,72233
cabanes,712538
chapelhope,128863
liyia,239298
praia de xaixai,733960
santa-clara-a-velha,15865
limbach-oberfrohna,70187
são joão batista,180483
hawtat sudayr,245406
arcoverde,166917
miggiano,176653
sonnino,164643
marahau,21605
sapareva banya,686300
poljica,708658
heidal,544791
zanka,115579
deniyaya,710364
ransbach-baumbach,86548
virudhunagar,717425
cass city,148275
crecchio,162636
vac,85976
burnham market,708416
dolianova,170420
ervedosa do douro,669323
bethlehem (ga),736671
hutchinson (mn),514313
hudson (ny),23340
little falls (mn),100298
bay st. louis (ms),103899
pocono manor (pa),153353
little america,156187
ernee,188456
bygdeå,168835
frutigen,67921
lembar,734824
mastrinka,716434
gueberschwihr,77287
round top (ny),154635
peissenberg,712735
hinterstoder,69709
fehrbellin,717092
gailey,129854
nea kavala,240223
kungshamn,175086
rott,193736
hadong-gun,172902
saint-sernin-sur-rance,78388
batesburg-leesville (sc),717804
gold beach (or),4885
bayshore (or),717772
casteldelci,715289
brissac-quince,547522
brewton (al),103952
chilpancingo de los bravos,169565
gunungsitoli,711810
balotra,717430
yeoncheon-gun,213167
carnforth,68794
pella,165333
älvsered,166667
sour,665271
bolnisi,168260
herzogenbuchsee,173475
la senia,73628
cristalina,170007
galten,196430
mirror lake (bc),726000
konigsberg in bayern,717069
surfside beach (tx),672132
himmelpforten,120742
odiham,131583
tyssedal,137109
berghülen,167813
lencois paulista,688365
qyzylorda,712245
beawar,710251
market lavington,131178
elmina,709627
santo ângelo,180434
piding,116940
guatemala,102785
higashine,108721
comala,706618
ipiaú,174128
wettenberg,183655
båtsfjord,136681
nakatosa,252278
happy camp (ca),201853
nyasvizh,707386
narromine,141797
woerden,596
shackleford,723276
panagyurishte,136200
hesston (ks),100118
maisons-laffitte,20488
hamilton (mt),100080
peliyagoda,178485
mayapur,720809
girnare,724379
pentrefoelas,70871
salzhemmendorf,121329
renens,179374
cassel,77007
raymond island,143259
ghazipur,717437
hildale,154813
akosombo,185455
fairfax (de),720043
lehavot habashan,717451
kalyani,114790
yumani,733384
umkomaas,671810
grafton (wi),100046
branchburg (nj),103946
baker (ks),721043
glen carbon (il),100031
crown heights (ny),717891
woodside,203976
newtown (pa),104555
bow (nh),20754
commerce township (mi),20790
fountainhead-orchard hills (md),717987
shrewsbury (pa),718504
winfield (al),671578
leominster (ma),23030
taylortown (nc),717755
clinton township (mi),99796
mulvane (ks),146876
panhala,514489
kazbegi,665337
sedlitz,118350
paracambi,706455
bom despacho,168268
downingtown (pa),104109
wellington (fl),21015
munster (in),20917
jeffersonville (ga),12702
jerseyville (il),104317
harmony grove (wv),720182
grovetown (ga),22086
sulphur (ok),152426
sharon springs (ks),23298
saint-michel-des-saints (qc),17649
big springs (ne),718235
frankewing,154008
north river (ny),735540
reedsville (wv),718521
selkirk (mb),514150
hawley (mn),718307
east norriton (pa),717864
martensville (sk),718392
rouzerville,153407
bridgeton (nj),151319
georgetown (in),719001
la caña,719714
new hampton (ia),104544
windham (me),720074
linton,151744
hampton manor (ny),718680
el jobo,718614
royston (ga),100696
fraser (co),104182
california (pa),717845
sunshine valley (bc),725989
boularderie east (ns),663223
o'brien (ca),735329
hot springs village (ar),104292
forestville (ca),514355
lake cowichan (bc),175323
chesapeake beach,147723
annandale (va),720177
daniels,155638
tahoma meadows (ca),203585
lanigan (sk),175398
tisdale (sk),718992
oyen (ab),718324
wellsboro,153597
swan river,181866
northwood (nh),735986
fort lawn (sc),706310
tulia (tx),154728
lowell (ar),100322
jonesborough (tn),100195
arenal,16684
west end,14665
cowansville (qc),4190
bermuda run (nc),717760
seebe,180754
minneola,146871
ramrod key (fl),667898
roseau,701999
stella maris,665185
viking (ab),663451
windermere (on),663457
five islands,664791
diamond valley,718891
baudette (mn),103896
alta (ut),103857
west dundee (il),718298
long lake (mn),19855
everett (pa),152917
bastrop (la),103893
presidio (tx),21260
elkhorn (id),78776
deptford (nj),667811
boat harbour,512787
aston rowant,128075
martellago,176384
aydin,10261
natsovtsi,717443
warsaw (va),671566
winnfield (la),105011
hartwell (ga),100100
edgewood (nm),720196
kato ilia,237788
anzin-saint-aubin,76808
au sable charter township (mi),736709
mauleon-licharre,77570
multan,110564
polidhroson,241327
urzainqui,687959
pelican rapids,148895
florissant (mo),20413
boutte,147241
coatesville (pa),717861
munfordville (ky),104532
shoreline (wa),155533
mena (ar),202494
geyserville (ca),104210
marsh harbour,12446
aztec,150280
hensonville (ny),736404
harper,146827
lowlands,718908
crescent (ny),720107
kiawah island (sc),14006
strafford,149548
tioga (nd),717959
patagonia (az),104617
manhasset,150845
windsor (wi),100984
cazenovia,150514
garysburg (nc),100021
stephenville (nl),17664
spicer,148953
kasson (mn),100205
clare (mi),22507
mountlake terrace (wa),104514
moncks corner (sc),22620
remington (in),104685
smoky lake,181248
sibley (ia),104770
quinault (wa),17606
wapiti,156207
fair lawn,150014
plymouth (vt),672157
springdale (oh),717901
berthierville (qc),9695
vonore,154132
palmyra (mo),514206
wyoming (ri),514082
stanardsville (va),514141
haubstadt (in),22664
hazelton (wv),720183
loganville (ga),202320
harvey (nd),719004
road town,179543
minatitlan,176691
park city (ky),667889
eagle lake (on),718350
bloomsburg (pa),7937
jefferson (tx),514304
hudson bend (tx),78800
warman,183538
inlet,150764
oak park heights,148884
duncannon (pa),23533
paget,16403
lucea,725750
belle vue,720398
lake ronkonkoma (ny),717888
horseshoe bay (tx),667840
corral spring,737282
chelmsford (ma),21854
esterillos oeste,718135
west windsor (vt),718302
scrub island,718909
saint louis park (mn),104721
arlington heights (il),19866
west conshohocken (pa),667934
cuautitlan izcalli,20396
highland falls (ny),22888
clifton (nj),17090
bannockburn (il),718297
wellington (co),100932
lakeland (tn),719013
campton (nh),21993
yermo (ca),23296
yampa (co),23297
wellington (ks),23300
kokkonion,238457
san pietro clarenza,716011
duck key (fl),8321
warrenton (or),717767
lakeville (ct),7703
howey in the hills (fl),21487
bolongo,732411
smith bay,719248
galindo,719431
kohunlich,732615
osceola (ar),100548
rock valley (ia),100682
pawcatuck,202934
east providence (ri),99903
coopersburg (pa),99819
tillsonburg (on),98941
white hall (ar),100957
windsor (ns),98950
centre (al),99746
sainte-hélène-de-bagot (qc),718381
centreville (ia),104005
pocahontas (ar),104652
quartzsite (az),104675
gardner (ks),100019
st james (mn),104823
crowley (la),104067
st pauls (nc),104831
percival (ia),104629
wagoner (ok),104936
cambridge (mn),717968
castleton on hudson (ny),99732
alma (ne),719008
breckenridge hills (mo),719398
dakota dunes (sd),720201
tallulah (la),22193
french creek (ny),735469
coventry (ri),20795
lady lake (fl),20874
dalhousie (nb),98858
tallapoosa (ga),100847
fancy gap (va),99962
hampton (sc),100083
stoneham (me),736065
rochester (wa),717374
essex (ct),720039
el paso (il),99917
montesano,155479
leicester (nc),104393
centre hall,152762
panaca (nv),737258
hampton (ia),514329
norfolk (ct),104560
cooper landing (ak),717378
brownsville (ca),717380
scotia,203343
northport (mi),717403
greenhorn (ca),78787
pass christian (ms),149134
rigby (id),514171
potosi,18060
granville (oh),104227
madelia (mn),104424
lyndhurst (oh),717905
pinckneyville (il),100598
big pine key,200730
winthrop harbor,203957
monroe (wi),23415
van (tx),717367
shaver lake (ca),717383
cloquet (mn),99797
ravenna (oh),514179
les coteaux,719187
ringwood (nj),514169
mccloud (ca),514257
maeystown,202381
hartford (sd),717362
mamora bay,719688
westlake (la),717394
marblehead (ma),104438
girard (pa),514344
lovettsville,155177
leechburg (pa),153111
stanfordville,151147
cedarburg (wi),514415
cedarville (oh),514414
afton (wy),717377
galva (il),717388
morrison (co),720188
pembroke (va),717370
carroll valley (pa),104002
columbia city (in),99812
wakulla springs (fl),718512
tubac (az),104898
amory (ms),103861
oromocto (nb),98899
brooklyn (mi),103961
ciudad cuauhtemoc,719425
littleton (ma),718304
fort oglethorpe (ga),99993
thorp (wi),104888
montpelier (id),104491
governor's harbour,720888
upper providence township (pa),717862
wabasso beach (fl),717817
bellaire (mi),99601
metter (ga),22585
rosemont (ca),719388
rock port (mo),100681
nipomo (ca),202725
waynesboro (pa),100927
clarion (pa),13398
newaygo (mi),514224
edgewood (oh),720128
monterey (tn),100436
oxford (me),711862
homosassa (fl),17317
adamantina,166198
ruhengeri,710106
leopoldina,175567
madisonville (tn),717364
hayes township (mi),718248
crooked river,737093
keswick (va),17527
jolivue (va),717791
roland (ok),104705
lago vista (tx),78814
kuroishi,106290
city of industry (ca),201080
sheffield (al),22591
belcamp (md),99596
satsuma (al),100740
gassaway (wv),104205
mcgehee (ar),104456
mt morris (ny),104519
wayne (pa),17100
oneonta (al),514213
sao joao batista do gloria,701904
vacaria,182831
blackfalds,168109
lajitas (tx),104369
belmont (nc),22350
arvada (co),78733
middlebury (in),514248
edgemont (sd),719012
thomaston (me),13738
amherst (qc),726170
moni,240096
warrensville heights (oh),717906
dundee (fl),22019
uhrichsville (oh),152160
mt. carmel (il),104523
point clear (al),203038
peñuelas,719449
pulaski (ny),100638
duson,147287
kalegowa,734883
kolbuszowa,157139
ceriana,164749
villars-sur-glâne,183309
woodinville (wa),21872
princeton (in),20944
inwood (wv),20861
derby (ks),99870
lusby,147820
south kingstown (ri),104798
presque isle (me),100633
fruitland (md),100007
hendersonville,151443
san leandro (ca),20959
white rock (nm),717894
ephrata (pa),2032
greenfield (ma),8687
daniel island (sc),719413
corolla (nc),20794
fulton (md),720082
south waverly (pa),717851
thonotosassa,203641
littleton (nh),20886
mcleansville (nc),20898
lansdale (pa),20876
turnersville,150240
huguley (al),717941
massillon (oh),20895
fishersville (va),99975
franklin park (pa),717842
dade city (fl),99843
kuttawa (ky),8394
pittsburg (ca),100605
carrboro (nc),151339
leeds (al),22275
west jordan (ut),100941
miamiville,151998
lino lakes (mn),102269
davidson (nc),99854
swansboro (nc),104870
preston (ct),671209
lebanon (ky),15705
pawtucket (ri),17592
flowery branch (ga),23270
kankakee (il),3851
guernsey,156181
locust dale,155175
giyani,709764
masaka,701284
wata slam,726796
chorasi,734231
licciana nardi,164811
arandjelovac,669421
comabbio,725678
grant (ok),104226
saint-jouin-bruneval,666146
corvera de asturias,73515
porlock,712390
paringa,717288
terlingua,154712
la côte-saint-andré,189892
ijuí,173979
gulpen,72382
kuala pilah,162267
altenholz,68207
anon,701611
stansstad,181554
lehrberg,70139
menglembu,211564
brebes,706678
reichenow,71033
arnemuiden,184126
waasmunster,135611
jerico,707100
maninjau,710652
elizabeth (in),104140
clarksburg (wv),718520
columbia (il),717951
upper saucon township (pa),720144
hillsville (va),101
port royal,725748
lakeville (pa),720945
holly springs (nc),667839
north plainfield (nj),512793
dhanaulti,513362
laggasen,702768
gregory,738763
čeplje,732554
selah,155531
moga,114675
haverhill (nh),735968
college (ak),719364
aek tolang,734934
tanah kongkong,734882
larushk,732908
white salmon,155581
thomson,203640
la plata (mo),717447
passo de torres,711431
galleberg,711243
altenkirchen (rugen),716902
nariyah,720817
orchid bay,733356
tremp,667617
mbombela,733218
sanming,159731
hagley,86750
lanquin,707213
anqarah,243763
hardthausen am kocher,716740
modautal,716841
hüllhorst,122932
laino borgo,715255
mount holly,151531
otsego (mn),104599
dazhou,405000
hezhou,79732
qiqihar,79766
laurieton,141700
londa,163659
kellinghusen,126771
bronkhorstspruit,514495
loukisia,239339
antonina,701612
bracke,67796
pichanaqui,716332
lauterbach (hessen),70123
yesod hamaala,87137
songyuan,159745
xuchang,106098
shuozhou,161244
zhenyuan (guizhou),513546
colorado city,201137
a baña,718403
strehla,125802
ayerbe,73406
patan (gujarat),720004
baoshan shi,393599
scottdale,153435
camarasa,198334
ortaca,102818
north queensferry,19072
port washington,151015
kipoi,105794
three rivers (or),717777
san demetrio corone,708890
kabul,512682
pestera,99304
sant' angelo in vado,705158
shoshone (ca),104768
sandnessjoen,16317
boca grande,200769
pawling,150983
krausnick,118197
zurrieq,184071
baise,392135
chuxiong,161366
przygodzice,157989
meduna di livenza,176510
naryn,701002
dirang,739564
gola gokaran nath,734299
myre,136806
kwamazambane,723894
grassy creek,151430
abreu e lima,166150
botohilitano,734930
thornaby on tees,71707
st-aime-des-lacs (qc),663424
crows nest,103435
huntington station,150760
waldfischbach-burgalben,124997
anan,247107
lakehills (tx),704860
owerri,178217
bolpur,671626
colinas del urubo,733366
crucero tezoyuca,721614
wells-next-the-sea,708531
paderno franciacorta,165321
soc trang,115748
happy valley (or),514327
bilzen,68560
la tour-de-peilz,86132
riscle,193614
east hampton (ny),717291
kropelin,712708
roop pura,734455
çeşmekolu,728887
new roads (la),147380
pocola,152387
hadzici,127788
chilkiya range,719834
bridford,128565
tammela,112754
frauenkirchen,98808
strass im zillertal,140998
millom,86800
prestbury,19030
tsuru,107407
assiniboia (sk),167100
santa catarina (nuevo leon),718634
sitka (ak),42
aruana,705198
waimea (hi),732165
floyd (va),155106
huatusco,719433
saint-jean-baptiste (qc),718380
sumiswald,181784
tanagura,254889
drayton valley,170521
belpahar,724280
craigavon,129167
chetek (wi),99763
oakridge (or),104580
prescott (ar),104664
rushville (in),22590
sun city (ca),22185
claremont (nh),99778
springerville (az),104811
caineville (ut),103977
pellston (mi),22684
holt (mi),514317
bald knob (ar),514458
media (pa),100389
lomira (wi),104408
port ontario (ny),720109
ontario (ny),23232
soddy daisy (tn),23424
takaharu,107612
pilsting,116946
neo mikro chorio,728310
rio pardo,179497
tinsukia,671576
waite park,148988
belgium,155861
santhià,166056
bani,718288
valle de mena,717579
bandar sindri,719823
hongseong-gun,173725
barzano,75519
kukuihaele (hi),732155
polgár,115133
atlantis,167122
fusagasuga,109316
nerotrivia,240375
san andreas (ca),203288
san miguel del robledo,704642
wheddon cross,133180
katashina,250266
villargordo del cabriel,73950
oirschot,72482
barwon heads,512808
wycheproof,711055
exeter (tasmania),733831
bulli,141454
wongarra,720454
figtree,141587
mount bundey,728496
old reynella,701597
ocean shores,718498
monto,709703
woodburn,711871
sea lake,717227
urspelt,67457
kordabup,712234
valla,719603
tathra,141925
injune,701452
moore park beach,718501
warburton,738904
bordertown,142540
corryong,717431
grandchester,720464
clunes (nsw),718496
mungo national park,292839
dampier peninsula,718494
the gemfields,720468
great ocean road - cape otway,102363
tinaroo,728404
yarrahapinni,713185
limpinwood,710611
levél,732217
oombulgurri,709728
little swanport,513013
june park (fl),100201
kurli,718761
bollate,88352
cesate,715357
neviglie,390209
abbadia lariana,88324
ossona,88509
riva di solto,105235
garbagnate monastero,105211
trezzo sull'adda,19316
torregrotta,76623
contursi terme,75797
mosciano sant'angelo,162668
villa progreso,108979
capljina,21315
bourron-marlotte,186720
andrezieux-boutheon,76804
carrieres-sur-seine,87273
eragny,77183
fontanil-cornillon,77223
fleury-merogis,77216
quetigny,77890
orchies,77701
port-jerome-sur-seine,714870
cadenet,76985
fabregues,20408
villebon-sur-yvette,102250
reigate,5858
lapford,708324
unity village (mo),717736
glenfinnan,686138
weston on the green,133157
brora,14049
newthorpe,723176
pulborough,70963
dunadry,719307
rushton (cheshire east),723259
clanfield,68848
wendover,133074
heythrop,130335
pickmere,719303
featherstone,129715
hurworth,130507
longhorsley,70256
polmont,131806
uphall,132916
itzehoe,20440
hennigsdorf,20431
johnstone,86762
mauban,711720
weissenburg in bayern,71996
falkensee,69221
weston,72051
wansford,71947
trowbridge,71781
aston,68283
dunblane,4653
wotton,133409
flitwick,69264
bromley cross,68715
botley,68645
whitchurch,21536
normanton (rutland),721601
bampton (oxfordshire),719699
chieming,68835
tebay,132691
renfrewshire,19067
stalham,71534
aylesbury,8036
saltash,71206
buckland,128647
kaka point,513415
lochmara bay,719157
doña mencía,198636
appleby,719161
tuamarina,728217
gualta,198942
raetihi (marlborough),719158
berrioplano,88768
ballesteros de calatrava,73412
vourkoti,243199
bidegoian,103655
pukenui,719153
otira,719159
mangawhai,710650
torrelles de llobregat,667604
kinloch (southland),733277
benacazon,21669
tongariro,728212
castell'alfero,165846
clitheroe,11466
woodleigh,723888
las lajas,694411
protsev,709584
faccombe,129677
três rios,182470
sleaford,71479
ozu,253415
bladel,72290
saint-marc-des-carrières,179929
fairplay (co),201529
juriquilla,78566
fouesnant,77235
kanakanahalli,718726
chittoor,717911
chitradurga,718075
velen,71865
marktlustenau,176360
josefuv dul,109494
sailly-flibeaucourt,687282
welkenraedt,134358
macclenny (fl),22296
peten,664573
brindisi montagna,715473
south leigh,132403
stansbury,142681
suizhou,504923
haskovo,136179
thanesar,720956
hettlich,120735
banknock,68449
myrtle creek (or),152556
rohtak,688632
michalowice,707318
siemianowice slaskie,72794
horgau,14401
fayon,704507
pilling,86827
forestville (qc),98864
magliano deʼ marsi,705093
painscastle,723202
blaustein,68600
tzova,720972
addo elephant national park,19169
ashkelon,6461
grau roig,72951
leidschendam,602
boesmanspad,734618
paraiso panama,103836
mijdrecht,72460
galoa,735689
hatzor haglilit,713172
malkiya,545341
pedrógão pequeno,720499
eilon,143998
el roble,719227
macleantown,669587
ohrigstad,706446
ruiterbos,665235
studtis,723910
saint lawrence,716410
hienghene,711830
sde nehemia,547237
asbro,167044
arniston,688627
kirrweiler,124593
bad friedrichshall,663549
nipawin (sk),177475
yssingeaux,99070
obermumpf,725950
wesleyville (ky),720065
molndal,86057
gevgelija,103055
byfield,142146
st mary's (co),735344
ili,424076
schmolln,71321
himmelkron,173534
eccleshall,129544
großkarlbach,124457
penicuik,131719
agios pavlos naousa,668282
cantwell (ak),717764
poggiridenti,165344
pontelatone,163196
carles,728067
kondotti,710576
uchiko,106422
dungarpur,717868
jongensfontein,710504
centralia (il),23245
poljanak,719343
ducklington,129417
starosel,686306
bligny-les-beaune,714308
rockville (ut),719014
hainan (qinghai),416595
alxa,390499
tacheng,505449
kamares (peloponnese),237416
teodoro sampaio,182096
neuhausen ob eck,177386
saint-martin-le-beau,194282
waring,154748
bhagalpur,710260
rouilly-sacey,77924
sale,718207
oppenheim,124818
barton (vt),739457
kornwestheim,174934
bösingen,168371
cruceiro do sul,105291
pilgrims rest,513630
castanheira de pera,705248
alqueidão,166559
maria enzersdorf,139157
beaver bay (mn),103902
tvaaker,664782
soings-en-sologne,715105
valley (al),22647
verzy,669532
kuwana,107487
ship bottom (nj),720529
mogi-guaçu,176785
pesnica pri mariboru,111078
ensisheim,188417
big lake (mn),148678
annandale (mn),103864
york (al),105028
fairfield (al),99955
boadilla del monte,102344
newcastle west,19239
sugar mountain (nc),104863
yatton keynell,133445
kayenta (az),1675
withyham,723458
uniondale,665245
buena vista,721692
quakertown (pa),15158
encinasola,666955
vellinge,183106
serriera,666354
cannon falls (mn),103992
arenas,73391
shintoku,106846
anantapur,114399
springville (ny),100818
klutz,717137
antsirabe,671633
nissoria,712845
azamgarh,716375
stonglandseidet,735833
tanjong malim (perak),212144
kozushima,250964
simeri,76550
el castillo de la concepcion,694002
mitoyo-shi,251718
berrigan,702282
cochrane,701670
gibraltar,2716
uzvara,733581
wayzata,148996
tiangua,708913
padukka,178248
porto de cima,729006
hochstadt im fichtelgebirge,713608
cortes y graena,666895
itubera,688363
langenbeutingen,175370
burnside,147250
stewartville (mn),104855
aakirkeby,196030
owosso,148530
castel del monte,162602
rurrenabaque (el beni),725463
uhingen,182652
barthomley,86663
feering,129718
llannon,130978
minstead,131307
eastington,129527
kidsgrove,130635
chebsey,128883
broughton (northamptonshire),722621
stowmarket,103334
capel st mary,722767
coddenham,708122
llandygai,721521
skeeby,723289
middleton tyas,21385
rugeley,71154
markham moor,723115
eastham,129525
widnes,16244
rushden,132079
birtley,128356
withiel,708620
four marks,129812
north witham,723187
burton-in-kendal,719299
great gonerby,722939
mold,16535
acle,86647
wheatley,133178
whiddon down,725538
trowell,132869
leatherhead,16506
kinross,525
howden,69800
haverhill,130234
hartlebury,130204
hampole,722961
woolley,133376
wadebridge,71905
pontlliw,723482
middlewich,102208
bredhurst,128551
bayston hill,722742
bilbrough,86673
stoke lyne,723336
colsterworth,129062
aust,128092
tully (ny),104900
independence (ia),100162
alfafar,102321
oconto (wi),104582
omma,177945
rietoog,669478
turcianske teplice,135897
niedereschach,712379
strovolos,110614
saint-jean-lespinasse,720698
iretama,174143
gneven,703092
kaatsheuvel,72423
dalbury lees,686132
ponte nova,178826
sasabe,724978
farebersviller (alsace),714280
cresson (tx),99834
seeshaupt,117324
haines city (fl),4995
keadew,105876
oudenbosch,87179
abbeville (al),103847
morcone,715814
shobara,108321
passara,710784
miholašćica,727968
piedrafita de jaca,667370
aldingen (tuttlingen),731076
san cristóbal (guanajuato),719454
washburn (wi),100914
salzwedel,86573
carnaby,722775
dharwad,114550
karaikudi,513367
landry,190394
castrocontrigo,87835
donnelly (id),104104
san andres tuxtla,665659
buwun mas,734826
walnut creek,152170
sveti lovreč pazenatički,686348
chanteloup-en-brie,713993
south blooming grove (ny),720531
dragove,708653
puerto narino,693625
obernburg am main,70731
miedzyrzecz,157537
satara,114637
vikramgad,711930
kolad,710572
costigliole d'asti,75809
fairview (tx),719718
rumford (me),104714
umsning,734378
blackstone (va),717794
lochow,668047
bhat,114483
chhoi,718803
chambord,187296
kohima,513329
reedsville,153382
monte compatri,719537
moroni,390207
lower assendon,723104
katha,716387
jenjarom,208280
nakai,717629
sandbach,5281
mchenry (md),514254
jardin,712121
drayton,129403
wipfeld,117795
ølsted (halsnæs),726927
nort-sur-erdre,192655
koverhult,174971
canby,148701
foolow,722904
bodelshausen,168203
macuspana,176045
gilwern,708210
gussing,69509
paine,665290
kapfenberg,140457
oelwein (ia),100529
cosheston,722823
mrzezyno,72758
kootingal,141687
dunalley,513480
juchen,122986
jougne,686880
badoere,167319
siamaggiore,669022
west haddon,133102
cloncurry,142166
riebeek-wes,685820
yambol,136283
bredstedt,68678
berga (thuringia),731364
sreemangal upazila,718153
karben,9967
bethlehem (nh),88044
la ceja,718127
cookham,68886
minbu,718926
körfez,174930
san pietro mussolino,725694
tri studne,545291
michelau,119182
casina,705038
la pardina,718289
grossefehn,120610
san bartolo,701894
pove del grappa,76298
willanzheim,686109
fixin,188680
gaggenau,171901
sangolqui,665142
bankya,136236
vergiate,76673
kankavali,718073
ask,136873
tanta,110506
brandesburton,708083
longford,5757
kalama (wa),104327
levisham,708331
arita,108162
danta,705065
los algodones,685897
kershopefoot,86764
margarita island,14975
caldas (antioquia),726681
trenton (mo),88156
sullivan (il),719000
dufftown,103256
ottersberg,121230
maulvi bazar,710667
pardinho,178374
guttannen,665081
morell (pe),514240
fontaneto d'agogna,165905
woodgate,142489
glenarden (md),720797
medowie,141738
kragero,86982
kapolcs,115544
springs,181517
staoueli,725818
murrumbateman,390159
montceau-les-mines,99043
amenia (ny),150416
groton,148012
heilly,189397
soldarfjordur,735683
lozanne,191563
adelfia,166204
oceanside (or),717771
havelange,686191
ruderting,117173
simpang ampat semanggol,211899
fleggburgh,132549
sveti filip i jakov,71638
puthur,724631
plánice,110183
kalaburagi,738910
crolles,77136
salisbury mills,151074
seegebiet mansfelder land,717184
dholavira,728349
saphale,739595
harvard (il),201871
isola albarella,88453
saint kitts,102605
kington st. michael,723030
yanaizu,107585
röttenbach,731043
spirit lake (id),146699
marktoberdorf,70352
washington (va),514106
dingalan,717240
guptkashi,724188
middletown (pa),23714
san josé iturbide,180136
hoquiam (wa),100145
hamont-achel,68138
engenheiro paulo de frontin,708904
dafins,141046
prestwick,18292
corsano,169910
zarrentin am schaalsee,731506
holsworthy,69754
risum-lindholm,663762
lubrin,704566
awrir,719052
komari,736604
londerzeel,135088
hurstpierpoint and sayers common,720897
monghidoro,163722
loderup,664739
cherryland (ca),736647
velies (lakonia),719961
friedrichskoog,69302
sevid,544729
long sutton,70253
fairford,129681
kostrena,544689
zinacantepec,514081
schaufling,71284
deerwood (mn),104086
macedon,5098
niki,106943
mangkung,734829
kalyanpur,739484
pavones,718136
marchais,191750
ardon,185761
vaulx-en-velin,77823
boiling springs (pa),23313
waretown,150250
brunswick (md),721022
livonia (la),23301
centerville (tx),717461
gray (ga),717749
santa teresa (nm),720195
vaughn (nm),23305
san lorenzo almecatla,180145
palomar,719447
balzac,167445
saclay,20544
gosnay,21173
cassis,77008
arteaga,167006
saint-cyr-sur-loire,666219
sennely,194662
dudley,11010
capracotta,88373
saint-julien-de-peyrolas,715189
grieskirchen,139624
friberg,171766
şura mare,730033
meudon,20498
ellenville (ny),150637
silver bay (mn),100783
temple cloud,71679
delmiro gouveia,688350
hoai duc phu,222717
trarego viggiona,669074
wiesentheid,72082
carpino,88376
gurjaani,713078
thiorikhia milou,242540
damour,665256
la morera de montsant,667344
gilgil,718916
anaikatti,739548
doonbeg,105066
rozvadov,110190
barweiler,663487
el chirú,719170
maracay,103471
tapolca,19305
ouro fino,705219
chascomus,664173
bateau bay,513445
martinsville,141733
las negras,73640
tirupattur,717898
arnesano,75477
chiconcuac (morelos),721677
rekdal,137215
castiglione tinella,75719
matopos,701448
prairieville (la),736678
sant' anna arresi,76487
marly-le-roi,714266
costești,730120
marbach am neckar,70330
sragen,390128
grkaveščak,732321
teshio,255034
paralia irion,240869
lafayette (co),23265
friedland,120514
kamikatsu,249859
são mateus do sul,718538
järfälla,514483
bargeddie,721462
alovera,197969
villadeati,716156
mullumbimby creek,728570
bull bay,725742
thanh hóa,115756
east walpole,147999
quanah (tx),104674
bagnac-sur-célé,720713
turriff,103344
tanakpur,717283
feistritz ob bleiburg,686388
running springs (ca),203245
vestur-eyjafjallahreppur,734964
ap binh thi,115657
nilambur,718100
rödinghausen,123690
zinapecuaro,701992
playa coronado,718913
bagnolo mella,164984
witow,72839
castle ashby,68804
le nouvion-en-thierache,190805
chapadão do sul,718532
wath upon dearne,133040
grand island (ny),8746
slim river,211916
smithville (tx),100794
rometta,164886
pathankot,114677
rudanovac,703449
changanassery,719790
huyen long khanh,223230
ziyang,161339
vasa,664323
inchathotty,724415
katakolon,105787
polesella,178780
stanley bridge,181552
seymour (tx),717456
ste-marguerite du lac masson (qc),663433
kardaras (arkadhia),719975
marang,211544
metten,123327
cadboll,725550
canaã dos carajás,718543
broughton poggs,722698
bardu,735846
marong,143146
ocracoke,151548
latresne,190497
batizovce,136031
chloride,201061
san marcos la laguna,707567
allaman,166502
mombris,116621
orchaise,665886
skillingaryd,86075
southwell,71509
ponti,164867
gora kalwaria,667991
gaggi,171903
el zonte,706967
tregunc,87657
kohilangoojran,734392
beniatjar,704430
kothamangalam (tamil nadu),718789
fontenay-sous-bois,77226
heho,513050
cabo santo agostinho,18068
iguaraçu,718541
kaluza,686244
kushinagar,21076
paralia plateos,718569
dermbach,127297
bovenkarspel,72298
tacambaro de codallos,706233
lamoura,547938
çan,735938
ruffre,715973
italy,154405
tubre,688323
raworth,141855
the gates,733155
neatishead,708410
longuich,124661
shennongjia linqu,500014
champs sur marne,20376
epinay-sur-seine,20684
houdemont,87360
cosne cours sur loire,703916
viarmes,195479
beitbridge,23683
ladysmith (wi),100237
jenkins,148809
beulah (nd),19921
princeton (mn),706308
wabasha (mn),21223
grafton (nd),100045
proctor (mn),104670
de witt (ia),99858
sartell (mn),104731
republic (mo),104686
mora (mn),104498
new lisbon (wi),100492
lake city (mn),148824
grundy center (ia),104240
sleepy eye,148949
dongducheon-si,212396
westerbroek,72595
rinconada de los andes,665300
tristán suárez,718053
manteno (il),100349
pergamino,108939
almafuerte,709830
longos aegio,668381
sheboygan falls (wi),100767
rheenendal,723903
pulau tiga,716195
rosario de la frontera,664212
pontault-combault,18390
ambilly,20331
lacroix-saint-ouen,190298
prince`s grant golf estate,733197
saleman,734813
santeny,194521
sausheim,364
hauconcourt,189361
kanoya,107202
tyndrum,71801
murist,736829
bill (wy),103925
morrill (ne),23304
low moor (va),104414
milford (ut),23308
columbiana (oh),735493
maiorca,719199
baños de molgas,718416
lake elementaita,16906
legaspi city,175522
featherston,13821
linxia,159833
kadıovacık,728883
caxias,169359
sallertaine,719273
traitsching,716774
diano san pietro,705066
glenwood (ar),100038
salem (oh),718305
skwierzyna,158251
castle junction (ab),718317
talgarth,719308
dégelis (qc),718385
saint-felicien,687321
raasay,701870
albaek,87711
walddorf,183496
korb,70021
jastrebarsko,136293
prata,178984
cambremer,87267
ryr,179796
oberostendorf,709617
nangis,192529
tinh bien,231976
wendlebury,723420
neuenhof,177375
sallanches,20567
maggiora,719087
klintehamn,174822
morar,70485
olney,131602
rockland (me),717400
ubirata (paraná),718535
hat head,710459
sotta,194796
stamsund,19590
brombachtal,716849
tilghman (md),104890
muhlenbeck,70517
tellicherry,710966
baldersheim,186053
albon,98997
perignat-les-sarlieve,77730
jons,77319
algete,103643
whycocomagh (ns),718980
lido di dante,719114
inhambane,671645
serres-castet,78444
cougar,155397
deception bay,142196
santa rosa (yucatan),718642
sihunchén,718640
kokatahi,728279
huu,734823
mine,107303
jawalamukhi,720425
bowmanville (on),103165
grand anse,105041
gudja,172749
montalbano elicona,21324
eddleston,129549
ampana,720560
sa dec,229817
bhadrachalam,718085
cheorwon-gun,212308
bedlington,128250
shangrao xian,497726
south walpole,148143
canouan island,14272
asaba,167033
hirakata,108106
haymana,664626
labertouche,719760
higashimatsuyama,248517
jagdalpur,669619
middle river,147830
san lucido,162978
tavullia,164016
sproughton,132454
sceaux,87623
swinburne,719655
richmond (mo),100664
okawville (il),100531
beloit (ks),99610
mirzapur,669670
maumere,669525
gilching,172223
king abdullah economic city,711808
shoalhaven heads,513350
walhalla (sc),153851
monte carlo,102516
nabas,728045
fredonia,146814
kitaibaraki,107023
dasada,18028
pāhoa (hi),23414
igneada,664629
montgomery (vt),736770
persan,192975
sabran,78236
esk,712063
piggs peak,102655
rycroft,179784
bodenheim,124277
brookdale (ca),103958
ponte san pietro,178829
bottanuco,165020
carimate,75640
blokhus,72635
alford (aberdeen),672842
hellevoetsluis,72401
crawford bay (bc),672239
celoron,150516
gamlitz,87016
constanza,719712
portalon,512994
ollon,177928
teterow,119954
little budworth,130903
torrenueva,667607
umm lajj,246250
vallakra,664829
concrete (wa),23239
vihti,112943
cleveland (ok),719018
brown candover,128631
voghera,165494
central lake,148281
marsa matruh,719255
marathias (phocis),728285
greencastle (in),146135
san giovanni in croce,163916
herzele,135430
coles corner (wa),735526
finley,141588
arc-en-barrois,76815
istia d'ombrone,688225
ranohira,719710
kosching,116298
grootvlei,711258
ag. dimitrios (attiki),720001
shimojishima,738836
civo,715589
copper mountain (co),104054
salernes,194470
guntur,114405
saint-florentin,687323
borgo ticino,165013
owensville,149474
flateyri,672869
roccaverano,668866
valverde de la vera,667662
bissau,102513
parrot cay,719321
hergatz,173433
elk rapids (mi),514372
rangpur,671814
acheson (ab),726077
portpatrick,70933
sheerness,132241
cheshire (ma),736704
spinone al lago,716069
oppido lucano,162767
paulo afonso,105323
piombino dese,178684
crumpler,151368
canet de berenguer,103670
bonnelles,186573
sant' agata di puglia,180405
la esperanza,711334
hormigos,709256
kilmartin,130653
cassano delle murge,719117
cabrieres,76984
luqa,175971
salouf,665074
pitalito,718055
heimsheim,173358
kakkadampoyil,724200
bejaia,700961
calibishie,719359
pallíni,161950
siddharthanagar,720359
borsh,706786
choachi,709875
pruszcz gdanski,157966
pont de vaux,193211
hattfjelldal,544790
carcans,547550
ovinana,667313
eibar,73535
longpont,191495
cervera (catalonia),712586
lost bridge village (ar),706079
portoviejo,178923
huckelhoven,69803
kuala kubu bharu,211405
heddesheim,173313
west kentish,718486
ojo de agua,177885
upton upon severn,723404
san diego,711494
stenay,87639
ceyrat (auvergne),720735
al qurayyat,244726
ansager,196079
cloudcroft (nm),104033
neukirchen vorm wald,116694
neusäß,116699
zaanstad,713282
force,668599
prevencheres,665984
magliano alfieri,688238
bamako,6761
angoustrine-villeneuve-des-escaldes,720593
standerton,707648
roccasecca,164625
dikkaya,728774
farmington (me),718699
malvagna,719546
etoy,718276
wetumpka (al),104985
camillus,150499
farrera,667246
fevzi çakmak,720274
sankt aldegund,663791
svilengrad,136185
denkendorf,86332
tremestieri etneo,719587
riva presso chieri,166023
tenna,669051
bobritzsch-hilbersdorf,731376
hadera,513463
lido di pomposa,719073
hohentengen,173658
tanjung balai,708960
budens,73171
iguala,103082
song cau,230082
eastlake (oh),99906
parakai,719147
dahanu,718059
jawai,738905
shegaon,713197
amboli,710184
manjiron,687821
san german,15617
muzaffarpur,720449
ijoko,726435
abeokuta,166137
kuje,726434
ikeja,173980
oregon (wi),735433
spanish fork (ut),154851
kingstree (sc),100220
kirch jesar,119770
tlokoeng,700243
newlands west,733189
wakkerstroom,710165
betty's bay,78613
macclesfield (sa),720559
chiplun,30349
burgebrach,168751
felletin,188629
gilsland,703211
paderne,718401
pakur,716381
windom (mn),105008
boisar,724299
lutz (fl),100329
estill (sc),23483
yen binh (yen bai),728014
pudukkottai,114727
madhavpur,739612
changjiang,160228
dobbs ferry,150598
puerto chacabuco,102998
sonneberg,127670
saint martin d'arrossa,666178
costa di serina,688191
mount sheila,737591
bibai,106711
wassamu,106876
ebino,247668
aga,246892
kitaakita,250553
kongsfjord,703620
jari,734404
athi river,719216
colonno (como),715601
kihihi,737222
castelo novo,669315
san jerónimo,720420
apoldu de sus,720314
lysos,720411
cottonwood (al),104058
magoito,712834
montclair (nj),720819
schwandorf in bayern,71365
apartadó,720503
erlabrunn,86358
walldürn,183516
altay,390492
boa,734854
littleham,708338
paradeep,21058
helensburgh,19580
sincelejo,693630
kissimmee (fl),15287
sri niketan,710916
fence,722895
hinatuan,732139
blairsden-graeagle,200749
broomall,152731
tanohata,254916
takahama,106226
oki islands,717928
midway (ut),23287
matelica,163693
thaur,71697
saint-gabriel-de-valcartier (qc),720482
panissières,192879
riglia,105832
aianteio,234832
da hinggan ling,401743
kitwe,200393
santa cruz la laguna,719179
damyang-gun,212361
versailles (ky),667930
chilgok-gun,169564
hunumulla,720994
pitt meadows (bc),98905
vijaynagar,717822
junee (nsw),718465
fiolitis,236774
bahla,666520
aslan,167075
sidi ‘abd ar raḩman,707876
blackwaterfoot,722661
gangavathi,724372
bagamoyo,705352
musso,76140
jamaica plain,148030
brestova draga,703286
nedde,718654
gwangmyeong-si,212553
thanamalvila,736606
anandpur sahib,514487
macher,199366
filiano,162754
vaux-lès-prés,195336
telegraph point,141928
birkirkara,168000
ranum,197205
ilulissat,4868
giffoni sei casali,715680
bussolengo,79349
nova vas,111173
areopolis,105733
rastenfeld,138734
carnota,687676
stutterheim,78708
tarica,716306
pedro muñoz,199682
oxelosund,67825
parbhani,720850
hollow tree,734706
tibshelf,86870
chesterton (warwickshire),721485
hollingbourne,130407
vravrona,73131
karatoprak,174578
usak,182805
abington,21254
moulay yacoub,85863
gegal,718775
pitminster,723215
watford,15027
al bukayriyah,244136
piraziz,664658
magor,103307
alkington,720900
fleet,21255
lambourn,718819
palmyra (ny),104611
johnstonebridge,86763
gumushane,664622
elton,86727
malvern wells,70326
alacali,712354
shediac (nb),180886
caslav,109857
hojbjerg,196645
te rawa,719867
kroslin,663694
tuissenek,713040
castiglione chiavarese,668509
silvis (il),100784
ferrières-en-gâtinais,719274
outer west durban,723896
dbaye,726815
dobrichovice,110222
virginia (mn),104927
yen minh,234568
bourguignons,186708
yerba buena,109104
podensac,193145
dampier,2478
son la,204068
somersby,141900
pong tamale,185464
varzo,165463
ilsede,120819
faraya,665260
iksan-si,173987
miykovtsi,709337
kaduna,174446
santa ana (cagayan),702299
sosan,737493
pefki (artemisio),719973
chauray,77075
ilagan,720013
kizugawa,738835
sehore,724654
lephalale,718140
ifako-ijaiye,726430
boma ng'ombe,720924
la barre-de-monts,721010
lakkidi,712906
pennsauken,150165
tupungato,693604
monodhendrion,240099
auli,30345
woodstock (ny),671228
listowel,175735
jork,120846
east stoke,129513
boulazac,76949
saint-quentin-de-caplong,720665
van giang,232772
theópetra,162085
malavli,724512
nong hong (buri ram),735692
boalsburg (pa),514440
fitchburg (ma),12218
wegierki,158567
land o' lakes (fl),104382
virgin (ut),717368
böheimkirchen,138879
santa maria poggio,666263
rio dulce,18186
li,112050
akteo,243027
limburg,6222
frankfort (mi),711638
clavering,128988
szigetszentmárton,115324
minami,108030
karanganyar,706671
lisciano niccone,668681
carei,169162
dal,136425
saebo,686375
arjang,23099
marsta,67821
edsbjorke,705583
poulainville,105698
quirindi (nsw),718473
munday,154523
beinwil am see,664818
castelnau-chalosse,187133
marcillac-saint-quentin,687050
achern,68140
magliano alpi,165944
lanusei,21879
larino,165668
jamgora,732508
langen (hessen),12664
itaunas,669209
kanker,724201
vengurla,718063
rocky point (or),735379
charzykowy,156467
dziwnow,72691
lauchringen,175460
struisbaai,685823
wasilkow,158560
kepno,157082
servigliano,165631
jibhi,724427
øktner,136742
takanabe,107614
ar rayyan,243630
hardekoolpan,734554
point reyes station (ca),203041
vegacervera,667666
karia,237573
port renfrew (bc),663359
gaifar,720926
narangba,142339
saint-ybard,194459
betzenstein,86311
rommersheim,124886
bijeljina,127816
maassluis,184707
urugi,720843
la dorada,702210
klenovica,544685
iznik,174256
requejada,73804
king william's town,174746
weyregg am attersee,545064
ath,133895
rohrwiller,193670
broad chalke,86682
sätra,180564
lagan,102844
kungsbacka,102843
soderhamn,16245
asarum,664681
vrigstad,86094
göçe,728908
gudvangen,15957
tai'an shi,505539
beru,734841
toubab dialaw,701944
halebeedu,720443
laayoune,664137
ballybunion,79278
la courtine,721006
kasperske hory,5692
chiloquin,152492
linas,77499
edgefield,153717
arhavi,685659
marcillat-en-combraille,721074
fair oaks (in),737087
kfar vradim,706341
gresik,512857
kinghorn,130669
salem (mo),22853
erzingen,171130
villarcayo,667706
chocholá,719423
chimur,724196
rantau panjang,211729
kalyvia (laconia),721613
montelupo fiorentino,76110
najran,9615
correzzola,169907
lemere,714790
hartfield,130199
civezzano,169676
bourg-saint-pierre,67876
campo san martino,169025
nerantza,240363
waltershausen,127741
olsztynek,157745
brigg,68700
broughton (lincolnshire),721591
sterling (dc),23622
sepolno krajenskie,668139
le kram,734010
muara,721608
omitama,253146
bore,703536
king (nc),100216
saint-jean-aux-amognes,714765
bandarban,713201
lake bogoria national park,16914
maskeliya,513275
juba,671783
winterville (nc),78894
ubersee,71806
monte san biagio,164563
nimtofte,197039
brimley,148253
alcala del valle,103640
fagerberg,171274
liseleje,196939
crespo,109024
retiro,723517
serik,99459
greifenstein,118910
ochten,145177
durtol,703945
inani,710483
cartajima,87830
georgenthal (thuringia),717000
treignac,78214
jezero,725866
floral city,201575
wutoschingen,183814
araucaria,166896
wickford,133238
edwinstowe,719300
presezzo,715925
dunnet,718818
pergine valdarno,76222
fries,155116
kızılcahamam,719206
calasiao,720011
sabaneta,719752
domitz,663565
great milton,86743
ünye,718861
chang lun,512756
fushun shi,411623
pithoragarh,114772
kalpa,718721
geneva (oh),100024
pulau tinggi,211711
mungyeong-si,177127
la feuillie,686910
sada,106053
kryzhanivka,685854
gistain,687754
monegeeta,143161
perafita,704613
valdovino,88014
samobor,136346
chedworth,708113
harborcreek,152993
mysen,137664
ferizaj,708934
nukus,710755
evandale,142744
lowdham,131064
corbara,163108
pekan tutong,700513
grosuplje,67638
murquab,719328
tabarja,720889
kampung bukit tinggi,209208
staufen im breisgau,71547
schlettau,686065
paralia tolofonos,720472
bandikui,710235
picerno,76241
guarne,720405
le francois,103049
cohasset (ma),104036
wapowce,719725
alcaracejos,687615
ohorn,686043
campbellfield,142927
skunca,694122
pugnochiuso,88530
kabarnet,735557
acala del rio,73355
simpsonville (ky),723920
assinie,709809
alcantarilla,197912
oravita,177995
blevio,105193
agrilia (aitolia kai akarnania),728319
florence (ms),736153
les mosses,67973
oucques,719275
garphyttan,172023
cocorna,685458
raszyn,158064
bahau,207776
vallo della lucania,163260
nsawam,726644
norton-sub-hamdon,723189
gaggio montano,163573
montana,136197
oda,252892
brewer (me),99667
eiterfeld,118821
lorton (va),22279
sumgait,545084
l'epine,87412
hora,723806
jau-dignac-et-loirac,547847
borovany,110132
repty stare,158075
xilitla,665690
lam ha (lam dong),737657
llangadog,103299
beaumont-sur-lèze,186211
masindi,701285
barishal,671819
ibirama,173932
rosa glen,710844
talegaon dabhade,114645
tada,717348
wessling,72038
lefktro,718561
simeulue island,712892
karpofora,237618
franskraal,723905
highland (ca),100124
thursday island,713188
koblevo,665473
sumba island,19644
pathan nangal,719814
grootfontein,709506
graffham,129971
germigny-l'évêque,721018
edmore,148338
linden,70193
bystra,156451
nothalten,665848
korfos,238594
la capellania,724873
torre del rico,200126
steeton,723330
elliniko arkadias,668328
pontedeume,103760
thiruvalla,724706
batak,86940
benaocaz,666715
nigde,102816
matnog,717445
holdorf,120767
tistrup,197592
lomianki,668048
kirchdorf in tirol,712641
nujiang,445394
roldan,73809
freeport (tx),23456
esparraguera,198762
taberg,181882
batna,143738
port bolivar (tx),514189
seggiano,76530
new brighton,728569
ermington,722883
appletreewick,722753
termiz,710969
setif,143748
isla grande,702209
combe martin,68878
tierpoort,685824
uman,705328
paralia skotinas,668404
idukki,19536
bhilad,724288
warangal,114422
katpadi,739487
balarés,727035
viana do bolo,717655
kippenheim,86440
skardu,706674
saint-hilaire-de-riez,78308
noda,106354
szaflary,72821
senglea,180800
castlecomer,735056
mostaganem,143745
treigny,721114
frabosa soprana,688206
isanti,148807
saint asaph,132101
asolfsskali,718262
kollmar,126810
hallow,130131
calatrava,728035
chitkul,719363
gerenzano,7607
nagrota bagwan,739232
gannavaram,724374
hoshiarpur,114670
kadur,724199
tardienta,687943
tholen,185201
fogliano redipuglia,75857
bigbury,721468
tanybryn,143324
gia nghia (dak nong),204058
tjakastad,719658
avdhira,235684
singtam,710901
rajahmundry,114418
hatikhuli,710460
bawarla,734448
zemunik gornji,727992
rembau,211732
kothamangalam,21078
mukkam,724551
auburn (mi),99561
herentals,69656
zwischbergen,719728
norberg,177528
lantsch lenz,664960
übach-palenberg,123973
buckhaven,128644
naju-si,177229
horni marsov,545145
homberg (efze),717119
nonogasta,724098
dimbulah,725022
caticlan / malay,671794
yendayar,734503
xifara (cyclades),720003
la desirade,701409
manton,131159
playa azul michoacan,665654
budrio,88359
pantai,162269
ayodhya,718068
sturminster newton,103337
le mee-sur-seine,77438
bozhichen,712393
peam ro,716360
sancaktepe,728903
poil,193151
tebing tinggi,737407
inuyama,106579
sigillo,163990
balige,709495
gangapur,513422
hille,69697
aragats,733338
potters village,736196
dos de mayo,724114
santa rosa de calamuchita,664221
lancaster (tx),100256
desoto (tx),19919
brainerd (mn),99661
remseck am neckar,716747
ybbs,139487
untermühl,729709
weißpriach,729697
sankt margarethen im burgenland,729716
manhartsbrunn,729702
st. margarethen bei knittelfeld,729819
peilstein im mühlviertel,729688
sankt nikolai,140695
traun,71751
dharan,513099
la ribera,721691
lansdowne (on),669649
batavia,200663
houlton (me),104293
inca,159040
rinondoran,710839
tana toraja,19626
bynoe,728561
raleigh,728392
rossarden,734704
wartook,21438
kandanga,710527
port vincent,728460
banana,718477
murrundi,141791
ferntree,142745
toronto,141953
roebourne,143531
port broughton,728396
ardrossan,737717
marulan,710657
kapurthala,114671
brives-charensac,715126
puymirol,87531
donnybrook,143444
holbrook,256222
heathcote,143063
katanning,143467
sundarnagar,734328
ojhar,724578
shiroka laka,686302
frasnes-lez-anvaing,732627
lo-reninge,732625
jabbeke,69857
malda,724513
pithampur,724617
aleksandrovo,727692
surubim,729235
guaíba,172715
maranguape,176283
sinnar,114641
piraí (rio de janeiro),729017
águas mornas,729311
bueno brandão,729158
cachoeirinha (rio grande do sul),729298
alegre,166451
cajobi,729121
barra mansa (rio de janeiro),729330
karimugal,728350
khammam,724190
zirakpur,669517
igaratá,729410
são bonifácio,180464
garuva,729300
silichi,685545
alberswil,737440
rheineck,725918
rocker's,719669
kingston (ns),21754
seven miles el progresso,733364
roxton (qc),726113
metis beach,176609
sundridge (on),181796
shirley (bc),725976
erin,171081
south algonquin (on),718244
durnten,86116
jaun,174341
worb,183795
rüte,719880
peulla,728111
bolívar,109303
suesca,732419
sutamarchán,723520
guacimo,726345
charcos,706838
siquirres,726323
parekklisia,725802
hlinsko,110385
ihrlerstein,706374
ratbor,106010
la poza,707202
quibdo,701867
bertingen,731057
el santuario,726718
erharting,731123
wallsbüll,127173
kruchten,731318
san bernardo del viento,726670
jalan bani buhassan,726273
friedenfels (bavaria),731177
riesbürg,731148
erolzheim,663522
rincón,726652
wackersdorf,117655
schülp,127060
lagunillas,726332
ciénaga,726675
wildenau,125861
großwoltersdorf,731069
utting,117623
kempen (north rhine-westphalia),731027
ludwigswinkel,731036
san ramon,102778
sugenheim,117444
cascajal,709174
eberbach,69085
lottstetten,737540
guben,69499
analiontas,735638
yeni erenkoy,735651
trikomo (iskele),718313
predboj,738833
korenov,545170
rozmital,110281
store heddinge,197502
frenstat,109756
bela pod pradedem,545094
piskova lhota,736980
gauchy,77249
longueau,77508
immendingen,174037
kutzenhausen,663653
lorch (baden-wurttemberg),731014
denkendorf (baden-wurttemberg),731012
briones,687656
bühlertann,731016
niedernberg (bavaria),731306
larz,717132
barredo,727527
honerath,731343
dausenau,731028
lapenilla,727523
villar del arzobispo,727490
mehlmeisel,731178
külsheim,731039
untermünkheim,731151
obernhof,731339
wörnitz,731163
pobes,727459
corral de almaguer,727468
peramola,720856
niederaichbach,731127
baños de ledesma,727118
santa margarida de montbui,727436
torres del rio,708825
groß twülpstedt,120608
ettringen (bavaria),731116
masvidal,727419
königsdorf (bavaria),731090
gaimersheim,171916
zemmer,125056
kirchentellinsfurt,174766
boizenburg,119631
struppen,716976
arcusa,727618
lerida,8351
el borge,666927
großweitzschen,731377
neuotting,116696
betzdorf,124257
remchingen,731010
grafenwöhr,172451
mauth,70382
brake (unterweser),86320
los gallardos,701782
borja,687654
frauenberg,124403
clavijo,704475
westhofen,124140
tating,712382
langreo,73635
villafellche,717692
boecillo,687652
herlufmagle,196611
las canas,686431
bække,196110
chlef,143741
hacienda tambillo alto,685781
kohatu,733430
berze-la-ville,76909
jenzat,189622
saint-christophe-en-brionnais,721104
ferrand,188642
galgon,188934
châteauneuf-en-thymerais,721019
bastanès,186141
montenach,734211
condat-sur-vienne,187816
lougres,191538
charleval,187398
sainte-gauburge-sainte-colombe,721020
babeau-bouldoux,186013
monteils,192264
la busta,727142
vergt,704725
vinon-sur-verdon,707791
san pedro de rozados,727117
chavanay,187530
villemur-sur-tarn,195580
verrières-de-joux,736862
sainte-anastasie-sur-issole,193990
bartres,686556
fuertescusa,727491
abadiano,197846
lezoux,191359
alameda del valle,727497
cárcar,727002
cañada hermosa,727536
neda,727524
as pontes de garcía rodríguez,727263
rubayo,199849
perales del puerto,667366
collera,727140
canto,727541
villanueva de san mancio,727062
serón de nágima,727494
segura,200019
san cibrao,727198
la válgoma,727053
toló,727421
lécera,727448
orol,701835
sarón,727158
soxal,727260
santa catalina de somoza,727222
ormaiztegi,727510
holbeton,69747
west farleigh,721575
blyth,8979
adri,727670
villares de órbigo,727677
pewsey,103322
can farell,727552
port charlotte,723226
hormilla,727462
marcilla,73684
villarreal de san carlos,704845
uceda,712774
new deer,710048
cleobury mortimer,129002
solva,132373
lochcarron,130997
saint columb major,86845
bowden,128485
aiguebelette-le-lac,185540
shipton,71444
anomabo,726605
saint-hilaire-la-croix,194135
avanne,185970
bez-et-esparon,714394
faverney,188607
rodia,728329
lavrio,728288
mombrier,186343
saint-germain-du-seudre,721005
thorigné,195017
markópoulo,161941
selinia,241840
esquipulas,115819
thirasia,512780
saint-lary-boujean,666151
potamos (attiki),728298
arcon,185756
varos,105851
treize-vents,721310
ruvigny,77933
siguatepeque,712665
lapeyre,190442
villars-sur-var,195553
prechacq-les-bains,77792
la lima,732837
abbeville-saint-lucien,185489
nogent-sur-seine,77684
luneray,191594
reuilly-sauvigny,734168
bezancourt,87239
saint-saturnin,78385
plan-d'aups-sainte-baume,715089
pons,193189
vouneuil-sur-vienne,195710
villers-chief,195609
nercillac,687137
labastide-villefranche,190261
aubais,87209
campsegret,705532
challes-la-montagne,714351
cheroy,187584
lutzelbourg,87431
sousceyrac,194833
châtelraould-saint-louvent,187468
pleurs,193096
yenne,195794
saint-augustin,687292
marigny-le-châtel,191804
vrulje,703503
chambon sur lac,99008
villeseque-des-corbieres,195618
bozel,513227
novska,703411
klek,69985
seliste,71410
stinica,136375
bramley (surrey),721473
clova,722801
laneshaw bridge,130774
aultguish inn,734165
tressait,734148
pidley,723212
hingham,722985
pierowall,723213
worstead,723469
north molton,723185
blyth (nottinghamshire),723486
brynteg,722722
kintore,723031
spennymoor,71518
bridgend (argyll and bute),722658
balderton,721461
seloliman,734769
johnshaven,723010
kinnegad,668253
high littleton,722981
landrake,130773
arden,721458
bury (pullborough),128322
mark cross,131177
osmotherley,708435
marske,131195
new dailly,705757
amble,127989
payyanur,716441
srirangapatna,724679
yavatmal,718087
isle of iona,719697
ambrolauri,723511
brjanslaekur,734951
tjarnarbrekka,685803
stöng,734985
þykkvibær,728018
chrisi milia,728303
faros,236721
gialtra,705003
pirgiotika (argolis),719964
lagkadas,238960
capriana,725591
neochori (magnisia),728299
mallota,239467
arkoudi,18669
fry,236883
nærum,197021
torrazza piemonte,725663
palma di montechiaro,178288
militello in val di catania,725572
pietravairano,725613
sinj,727986
prgomet,70948
moscufo,162669
mombaruzzo,76080
vecchiano,183083
ličko petrovo selo,732272
al qastal,736068
groznjan,544678
pescorocchiano,162682
fadd - dombori,664511
maam cross,19213
delgany,105065
clonmany,668235
btebyat,726813
barr ilycs,685831
dourite,726817
hildreth,149721
jejuri,724423
jharkhali,724425
sauðafell,734954
phaltan,724205
ambepussa,390177
laugarás,734982
hlið,734955
grafarkirkja,707036
breidafjordur,665153
anguelz,664124
zagoura,664155
skagaströnd,728016
laufás,728015
ljósavatnshreppur,734969
tarxien,182027
hvalfjordur,709261
lido di volano,725707
totolapan,725006
conkal,724823
san juan bautista animas trujano,705847
santa rita tlahuapan,712663
pattada,715302
scharendijke,72530
san didero,725664
dhulikhel,19957
waipiata,728245
leithfield,728188
fredvang,735860
hunterville,21599
castel del giudice,725605
yanama,733099
opunake,728256
kaikohe,728229
mala,716320
san marco dei cavoti,725600
albugnano,725662
puritania,701864
vignola-falesina,738783
roncobello,725599
caramagna piemonte,725659
przyłęków,726888
otrebowa,707410
trecastelli,716101
krupa,157282
san gregorio magno,668906
villaricca,163263
santa giuletta,725640
priverno,715927
salorno,179994
mtwara,701080
antignano,75463
fisciano,163114
morzyczyn,158920
misany,157564
cevo,169430
santana da serra,733036
cesana torinese,75743
mediglia,513498
pedaso,165604
pico da pedra,733034
limões,175685
calheta,688405
mima,107748
cortanze,165876
kiserian,720517
sabac,105443
kashiwara,250228
nyahururu,726731
kalalgoda,712971
jeongeup,212714
zefta,665272
agouti,685417
san francisco soyaniquilpan,724942
karmansbo,67813
ciudad hidalgo,719427
huauchinango,685894
pulkarne,733572
guamúchil,172721
begunje na gorenjskem,67630
jerez de garcía salinas,723914
pilsrundale,547278
mbodiene,701800
sømna,137395
ringebu,7474
evenes,292829
kenitra,78580
queensberry,728235
tribunj,71769
værlandet,732463
skodje,86985
le lamentin,710004
penonome,200432
choix,721730
tizimín,725001
santiago de la peña,724974
sabinas,179809
juchitan de zaragoza,703013
amecameca,724779
san ignacio (baja california sur),724944
shigar,736817
krzyki,157305
pewelka,704960
dolgoluka village,665457
misvaer,735768
hauglandshella,735793
termunterzijl,728696
putaruru,728267
vestby (ostfold),735701
glesvær,735707
te puia springs,728199
å (nordland),732465
parua bay,728227
tirau,711892
french farm,733274
isla san cristobal,726535
yungar,716331
llachon,726592
kladovo,723544
mechelinki,723849
canaan (me),736686
glennallen (ak),736100
sobieski,158265
ponte de sor,733050
paris (va),736430
alcacovas,88673
capiata,732392
longroiva,733048
unnaryd,685718
thika,726728
nemeși,730191
ponoarele,730118
malhaga,176170
fatick,734030
altınova (yalova),735940
fallo,702649
grebbestad,23102
zgornje jezersko,67671
vargon,86090
sonsonate,181392
sintian,701915
mt hood (or),104517
bay,720009
kichwamba,720522
charlevoix (mi),99752
srinjine,703467
zandhuizen,686494
bartin,709561
ulucinar,728766
cınarlı,169653
çaykara,728761
lake clear (ny),150798
novi petrivtsi,737312
shargorod,180878
beech island,153682
jinja,701265
katunguru,725734
burdett (ny),103967
melo,17154
yusufkhona,711067
junction city (ca),735058
oakland (md),717397
sequoia nat'l park (ca),17637
binh long (binh phuoc),728004
lakewood (pa),736425
tanna island,19799
thomas baines nature reserve,734604
albany (nh),717917
castleton (vt),154875
dummerston (nh),736718
diemen,184349
bessemer (mi),23460
raymond (wa),735415
larkspur (co),735346
otter creek (me),736697
climax springs,149277
mears (mi),735507
robinson (il),104703
philo,202984
irvington (va),717800
dafter (mi),99844
clam gulch (ak),201081
louisiana,149424
laurel park (nc),736739
friendship,694142
marfa,154489
reimerath,86554
halethorpe (md),100076
hawi (hi),725213
villa giardino,685442
don torcuato,108903
dehong,405145
treibach,138794
neukirchen an der vockla,711406
vilajuiga,200288
tione di trento,705176
itapevi,174214
hlohovec,109581
schleching,71306
burg,103189
amieva,73388
eimeldingen,663572
aullene,705470
hodnet,130394
tilston,71721
sciez,87624
raissac-d'aude,714244
karlovo,136213
gorhe khurd,724381
la crescent (mn),148823
tsarkva,686309
new ross,88252
lambersart,190361
taradale,728666
gattinara,164198
trichur,710990
acerno,163028
borreda,73447
tramonti di sotto,716099
gobo,248042
la ventana,693981
maravatio,724894
sauce,719347
sosnowka,668153
collevecchio (rieti),715598
lavrica,720250
hallingsjo,702704
malkerns,110545
makadwali,719821
quan ba,229505
tregathlyn game farm,734610
chelston,701662
sinadil,246800
kamisu,249996
madanapalle,724203
tash-tyube,710953
eben-emael,69084
chapleau,169491
ste brigitte de laval (qc),663428
lappajarvi,111995
barão de cocais,729399
el salado,709897
guimarán,198951
ockholm,70755
new castle,719185
saint-hippolyte-du-fort,720778
knottingley,130754
washfield,708591
marktschorgast,116529
tessin,119951
skala sotiros,105841
soano,727564
ayna,87790
scalford,132162
madari hat,710635
sehmatal,716963
bunde (herford),717050
mengibar,73693
baigts,99003
espagnac,188490
saint etienne de baigorri,666077
ömerler,728992
motz,714511
øvre årdal,137954
boufalo,235887
altnaharra,736199
fagersta,86029
rtina,703448
attingal,710199
bell block,110633
punta prosciutto,719119
castelli calepio,165098
nowa sol,157664
linhares da beira,669341
osceola (wi),717970
los gavilanes,724889
koblach,141076
kiyama-cho,250676
sant joan de vilatorrada,199960
fermoy,668239
parkers lake (ky),736469
raichur,114562
waibstadt,183485
lujan,85873
max meadows (va),20896
saint-fargeau,78292
wellen,72006
dalhem,725714
cugnasco,170050
cushahuan,400765
ellastone,129587
birgunj,135859
angle,127998
valiyaparamba,724736
acquaviva platani (sicily),725710
malalbergo,163678
guyuan,160357
karamay,79752
hotan,419616
qianjiang,160603
heihe,160439
washford,71963
gundlered,702690
phuntsholing,719356
sant' alfio,180407
blockley,68606
souto,181454
simmesport (la),711697
kavulavada,724459
nisswa (mn),100502
muscoline,715825
lengerich,70149
ras sedr,18168
sainte-colombe (aquitaine),720675
punalur,724629
pembine (wi),104624
daraga,709098
osny,192806
monument valley (ut),14085
hajipur,734371
unnao,734301
bihar sharif,728356
karimnagar,114408
byndoor,737262
manesar,114663
lakhimpur,712056
pananchery,724591
purnia,716380
martley,131201
carrascosa del campo,694342
jasionka,105035
seward (ne),100762
beaufort (nc),514453
tulalip (wa),104899
hartington (ne),149718
connersville (in),201155
el portal (ca),16085
johnston (ia),100193
new carrollton (md),23031
jackpot (nv),104311
tatamagouche (ns),182034
valle (az),735319
manalapan (fl),150094
murti,724553
devinuwara,736610
mahawa,716207
nedukandam,710741
behamberg,138868
cobar,13251
philippeville,732618
bacabal,167264
souris (mb),726075
poljane nad skofjo loko,664339
agordo,166265
dhragoulas,236219
karad,718065
iksan,262064
la virginia,707205
cota,109311
tarrafal,105429
pieve di cadore,76246
comares,666883
pandharpur,724181
tubagua,725962
quebrada ganado,726312
plessa,118288
alfondeguilla,197938
markaz el-fath,734055
busot,198291
waldmohr,125000
brunei,168627
savignac-ledrier,687466
aramits,686515
saint-gervais-sur-mare,194119
forest montiers,547754
villeperrot,687574
saint agnes,71184
croyde,706609
portaferry,131822
khatoo,738793
navsari,513252
prvic luka,70960
geraci,172145
viggianello,712888
pom pom,710810
tresnuraghes,76635
akune,107188
san ramón,726553
volcán,726522
pozzuolo,163831
modliszow,668067
hässle,173235
cachtice,706810
hagfors,172945
nampula,105403
palenville (ny),150974
akitakata,247056
nurpur,734327
piqeras,732939
kizkalesi,67776
maimara,685434
santiniketan,513310
colonial beach (va),104040
hiawassee,201926
kopische,693678
villavieja,726659
ipiales,726658
dibulla,726651
dar el beida,725815
xiantao,160615
seixal,180778
petrer,727298
vivar del cid,667726
souprosse,194829
throfarion,242563
mezapos,239928
sundarban,513195
balangir,710213
badrinath,21066
chengalpattu,114707
udhampur,711006
korba,717300
moodbidri,724546
varamballi,724738
kunhimangalam,724493
jamunara,719795
kudal,712909
giridih,718723
suratakal,710931
alipurduar,513429
akola,114598
faridkot,114669
hoshangabad,724411
satjelia,724653
begun,718784
tanuku,724690
forbesganj,724367
kalka,114526
zirad,718758
kalasa,724434
ambikapur,712070
alwaye,114571
somvarpet,710912
trasi,724718
duburi,724353
dhule,669633
proddatur,114417
karodi,719806
laugarbakki,728017
filottrano,165556
bluefields,725746
castiglione d'intelvi,75717
prizzi,179025
haugaland,137753
la bastide-de-serou,77327
saint-régis-du-coin,194384
bjuv,86021
slovenske konjice,67666
pont-eveque (rhone-alpes),714424
hayrabolu,711781
buttapietra,168815
dhar,114586
mukteswar,710713
dandeli,702240
shepherd (tx),149659
bridgehampton (ny),103953
bidar,114548
zhaotong,161432
ayntap,712343
montaldo scarampi,715779
pertheville-ners,192978
gesturi,725561
roccadaspide,705144
nganjuk,513134
dalmeny,728385
plainland,728681
winchelsea,728440
wyberba,728499
edithburgh,728408
machadinho,729064
serino,76541
dalcahue,728090
el alamein,718879
imilchil,709025
playa hermosa,8020
lindig,127499
borsdorf,125231
diepholz,120356
gueux,189280
karataş (adana),728768
higueruela,198974
kourouta (ilia),718266
fabci,703322
waipara,728183
wallington,728438
nova trento,729062
ituacu,705211
sahuayo,179847
ferwerderadiel,713224
baylys beach,728222
duvauchelle,728178
gryfice,158882
shiroki dol,544650
fabero,727055
marshwood,131194
wadesboro (nc),104933
ma`bara,144016
tankersley,86863
sinetta,67679
maunula,112119
oberstammheim,665043
gene zeverdonk,133697
tricarico,162780
san giorgio a cremano,88554
pulau una una,711860
cherambadi,724320
saldes,667464
hali,685797
húsafellsskógur,734962
grundarfjordur,67931
prestbakki,710084
skaftafell,68054
da deum,220864
brekke,137640
yungay,707817
el vinedo valencia,103465
leigh creek,728410
loch lomond,18282
rye (co),100705
alvie,728637
lingle,156186
willow creek (ca),735325
gori city,700553
tsiplovana,709523
distrito capital,700184
tskaltubo,732204
lambrino,239013
mossman,4801
ilıcaköy,720876
bourganeuf,186694
swan hills (ab),726142
palayan,700530
monte da torrinha,176882
crossett,201217
choisy-le-roi,187647
aurland,544764
flam,16277
leknes,15963
forus,137733
meistervik,544813
ballstad,686355
costa paradiso,18108
dera bassi,724337
sirumalai,724672
berhampore,718882
jigani,719788
budaun,738760
swanport,142684
srikakulam,724677
kenyase,185460
centro sur,700289
katira,726331
moremela,733223
river heads,728532
gadhi,114508
irrel,731315
kocherinovo,712830
palanpur (gujarat),724587
uvaia,182824
serro,180843
amberley,99461
kadoelen,184566
houten,72415
lower slaughter,86789
inverbeg,721515
st asaph,71523
patensie,733142
rajadinha,179187
shakawe,726773
stofberg-gedenkskool,181649
melincué,732406
sarmiento (chubut),732402
senhor do bonfim,729184
paiçandu,729098
frutal,729126
descanso,729069
san carlos (salta),724136
maracana,694481
josé bonifácio (sao paulo),729118
cooyar,142179
melipilla,176536
corbélia,169869
andros town,725757
realeza,729076
tatla lake (bc),736844
barkerville (bc),736842
deán funes,724025
nagarhole,30369
puerto asis,725092
pipariya (madhya pradesh),724616
bhimavaram,671671
naranjito,726333
arkaroola village,728482
koonoomoo,728457
mahal colony,734524
bongaigaon,732257
donji vakuf,725872
chotila,739032
miryalaguda,724544
erbil,512852
baghdad,512684
deep bay,728670
warialda,728678
la trinidad,709718
fürstenau,731406
são miguel do oeste,180511
dragan,127821
guaçuí,729400
nova andradina,729109
oistins,103155
ringe,731399
hohenpolding,731124
markische heide ot leibchel,663686
encruzilhada,170990
santa lúcia do piaí,180375
flanning,171516
são gotardo,180480
nieheim,70663
verl,124032
coca,665331
magstadt,176104
costa rica,729135
resten,686056
santa luzia do norte,180378
são pedro do sul,729044
chile chico,728087
capanema,729077
resende costa,737350
weyhe,731412
iguatu,173971
azua,700841
hasselberg,126678
el valle,727223
kriens,12583
val d'illiez,665104
malters,67980
lauterbrunnen,17972
hergiswil,67941
iggensbach,731138
shashamane,726355
mekelle,725403
yuso,727143
tabqet fahel,736069
pfaffing (bavaria),731089
ibeas de juarros,727547
wahrenholz,731410
ahigal de los aceiteros,727120
adrar (adrar),725236
altenmarkt an der alz,731087
bani suwayf,700189
les guérets,191169
ras el-barr,707502
nioumachoua,736894
touillon,709449
le verger,190959
bielle,547472
msambweni,719214
homberg (hessen),731352
el real de la jara,727361
ponteareas,73774
la macarena,725376
güicán,732413
al aaroui,726764
kiljavanranta,718949
santa maría de nava,727659
jarnages,721004
espinavessa,726963
baurech,186157
yenangyaung,726260
générac,189000
floudès,188732
saint-come-de-fresne,714063
clion sur seugne,547626
brousse-le-château,721013
los angeles (andalusia),727291
laussonne,77416
la ventanilla,724885
san martín cachihuapan,724955
hières-sur-amby,721015
ponta do ouro,733947
alvarado,103063
vilameán,727047
kearney,130584
tmogvi,732530
casma,726542
gilgit,725321
klarenberg,174803
pakiri,728161
colca,19763
plounévez-moëdec,721011
pagoh,211619
boughton street,128477
maltakva,726473
ianet'i,707078
signagi,512781
hebron,737303
ilbesheim bei landau in der pfalz,731007
powfoot,131845
făget,730145
aumund,68304
easton,69080
srednji radovcici,703465
al 'ateefah,243989
sunyani,726597
taubneno,734863
tanjung pude,734893
el jem,733980
amil,166696
ponnani,724622
champfromier,187329
kınalı,174741
harihareshwar,737315
nyanungu,737106
touvois,195104
dambach,99016
bunda,733109
levanduvka,175606
sulaymaniyah,737321
varmaland,734959
la lague,716416
cuglieri,512873
skaftárhreppur,734977
arcadia (wi),735428
babaneuri,732540
heth (ar),100119
avon (nc),735463
marmirolo,163683
liberty (id),735965
corinth (ky),735360
argillite (ky),736127
aurora (ky),735523
pineville (ky),736125
arcadia (mi),735494
alta (mt),736056
winchester (in),23475
soda springs (id),735041
rothsay,148921
grantville,201773
longwood (fl),78823
mccarthy (ak),736101
urgench,725515
soriano calabro,162999
van der kloof,733166
kleinsee,733232
de hoop nature reserve,734624
waterval,734583
koedoeskop game ranch,734600
skukuza,8086
ngwaritsi,733207
mpumalanga,19697
saint thomas,700432
niijima,720848
san agustin valle fertil,664214
maxwelton,712071
yandoit,728477
pontville,711070
parachilna,19487
nova santa rita,729454
estrela (rio grande do sul),729309
cerrina monferrato,715572
mundaú,732454
paraíso do tocantins,729192
nundle,728419
julatten,728429
mount barker (western australia),733842
eromanga,728662
mcmahons point,4771
yimnon,243443
flexdorf,171531
al kharijah,693672
campina do monte alegre,729104
paramo,73757
itajuípe,729263
bela floresta,167716
feitosa,171386
muchenje,719352
wells (bc),725996
larrau,721014
le boulou,1365
shieldaig,708498
kavaje,512989
lonquimay,724086
leones,724035
puerto blest,724127
caucasia,725093
smiggin holes,728400
terang,728636
horrocks,728537
sebastian,143287
tintaldra,143335
mount morgan,728433
nullarbor,734669
sampsons flat,142673
west toodyay,737497
guamaral,726713
linda vista,693842
hill end,733814
rizokarpaso,725794
dalwallinu,728424
bopa,712935
rankins springs,734681
união dos palmares,729144
viracopos,78511
zallaq,688644
mambaí,729205
nova era,177638
samaipata,733373
congo town,102937
surfside,733349
miliou,719634
abisko,166144
bad blumau,17773
corner brook (nl),6674
barracao,167542
sangão,729310
gadmen,685741
ponta negra,78509
indiara,729215
capitão leônidas marques,729078
bodoquena,729039
lago ranco,728108
morros,729452
salinas (minas gerais),729025
barroso,167572
ghanzi,701107
baturite,688343
neuss,14106
fünfstetten,731147
kößlarn,731128
schöngeising,731120
unterneukirchen,731121
mata de alcántara,727381
hontanas,727567
kon von kle,224382
montboucher-sur-jabron,77616
whiteparish,72064
priors marston,708462
grand-laviers,77276
la grande-verriere,686915
auvers-sur-oise,185951
grandchamps-des-fontaines,189175
campalto,75602
mgarr,176630
meulaboh,513321
les terres basses,706278
villamayor,88026
fritzlar,118874
binan,513264
clavesana,715591
douar aïn el mouali,106134
tamatert,719062
jemaa de mrirt,702333
zimella (verona),716170
ducos,732886
champa,724874
costa esmeralda,19900
strathmerton,732202
puerto sandino,733868
terråk,137407
waiouru,513351
puerto armuelles,726517
tokomaru bay,715338
tambo grande,726556
khaplu,733967
marina di montenero,19220
fajã grande,733033
vatomandry,737221
club makokola,103130
charcas,724807
berea,700239
calarca,663994
ash sharmah,245012
nggatirana island,734997
er rachidia,79434
andasibe,733715
myrkulla,734110
jukkasjärvi,726453
principe,513675
chichimilá,724809
mount somers,728186
mt hutt,21611
huycho,726580
escarcega,672856
machangulo,694530
ibo,733959
mueang suang,205656
valera,716305
morondava,513173
hassi el jerbi,733992
damaraland,19682
bleik,735867
karaburun (istanbul),728900
franko,171713
dipton west,733289
retaruke,734631
shchaslyve,723614
mukono,701293
quebradillas,5553
karamea,728280
aguililla,166293
anapia,702159
ginetes,705618
mingora,733964
gobabis,726931
hunza,737557
caborca,168854
beserovina,723527
murra,694005
cholerzyn,738863
castle hill,728198
faial horta,19160
silverton (co),735340
hayesville,151441
aurora (ny),736022
nyagatare,734015
shongopovi (az),736040
ocean beach (ny),735468
rusinowo,158122
warrenton (tx),736757
canovanas,197814
eastpoint (fl),735458
kenema,733594
blountville (tn),99639
phrao,206679
wright (wy),105023
amambay,700783
kirtland,150327
westcliffe,203890
shippenville,153457
deal island,147746
zionville,151700
yosemite village (ca),88170
kalapana (hi),732152
le thillot,190929
meerzorg,737053
kibaha,733113
logeloge,709309
klätta,174804
gunnilvallen,172810
bushenyi,701260
lüleburgaz,728890
nusaybin,728755
baker (nv),735024
dawson springs (ky),146997
jefferson (me),735500
preston (id),735004
nellis afb,149822
crane (tx),735384
gaines (pa),736422
jamestown (ky),736122
shady brook,735972
florence (tx),735075
morton (mn),100449
minneapolis (ks),736006
sargent (nb),736158
kokand,732489
carrabelle,200963
calhoun (la),736131
tweefontein,733217
mooirivier,78676
albion (ny),735521
iraan,154404
piedmont (sd),736747
wausaukee (wi),735426
laxárdalsvegur,734983
ridgway (pa),736024
washington (ks),711715
gakona,201663
furnace creek (ca),718291
leggett,202270
east new market,147755
west brookfield,148176
wildschutsvlei,734603
canjilon,150288
herisau,173437
margilan,732487
erkmen,85992
peçanha,729351
gama,171958
sakaide,107172
saint-nectaire,20560
kashima-shi,250223
otinapa,724915
goraya,739567
halfing,69540
ragama,179178
mu cang chai,226502
djupkvior,170386
smålandsstenar,181239
einbeck,69121
huisseau-sur-cosson,189512
vall-llobrega,88018
riedlingen,179450
meulan,4154
maury,19228
schmelz,125167
mirabeau,192107
francueil,547759
el garrobo,73538
pac xin,228115
richmond (tx),100665
loloata island,736191
basly,186126
hankamer (tx),104252
melazzo,668833
yen bai,204072
lascabanes,87390
ouoran,734039
ile de re,19183
glacier view (ak),736010
kaniva,143083
zugdidi,184058
carmiel,143992
sìnnai,181043
tres arroyos,102579
ano mera,235291
muhldorf am inn,70515
accous,185506
villematier,195575
bernardswiller,186324
rothenburg,125735
fladbury,722900
tosh,724717
dam thuy,221169
torriana,164025
pathara,728373
jandowae,718476
north bruny,732226
nata,726782
marovoha,709684
nughaylah,245826
wilga,88217
boccioleto,715331
chillagoe,728507
lake leake,728471
niamey,512689
chicoutimi (qc),837
romainmotier,68024
primrose sands,728472
chiquinquirá,726657
auerbach in der oberpfalz,718221
baienfurt,167355
lengede,120973
flecken,171524
kesselfeld,174702
kappeln,69897
beteta,666734
pedredo,73760
laspuna,73643
vera de moncayo,687963
hueva,727404
nazaret,694376
sobremazas,727147
villacelama,687965
pinoso,199716
organya,667304
ampuero,704406
torrelaguna,727678
yanceyville (nc),100999
los diaz,727479
kingstown,23557
san martín de tous,199924
prioro,687881
el gastor,717263
cuevas del campo,687709
ferreira,87865
villamartin,73945
salobre,87977
isla plana,73602
hinojal,198975
lecrín,719629
hohe börde,731056
emskirchen,170982
el figaró,198687
lenting,70151
loviisa,85934
argelaguer,717510
neundorf,70610
artana,198066
sundhagen,717022
taipalsaari,112745
bitterfeld-wolfen,4950
pinos del valle,727285
muurame,112201
casas de don pedro,717729
seehausen am staffelsee,71396
ylöjärvi,113005
bullay,663629
saint-élix-le-château,194019
chateau-chinon,77056
dierrey-saint-julien,188211
andon,185667
chanos-curson,705550
saint benoit des ondes,666072
saint-just,204047
le taillan,190920
montendre,721374
verteillac,709471
blessy,714153
lochieu,191453
grand-champ,721078
ailly,185552
villers-bretonneux,195606
saint-laurent-de-brévedent,194212
vaugines,87674
sausseuzemare-en-caux,714028
saint-affrique,78240
septmoncel,721199
eauze,87322
steinbach,737501
isles-les-villenoy,77534
barberey-saint-sulpice,76873
aniane,185690
vielle-saint-girons,720621
boeschèpe,186518
plouay,193115
vertou,195455
morbisch am see,70488
revest-du-bion,737730
ouveillan,192842
lagorce,513438
poitiers-futuroscope,18394
la plaine-sur-mer,77367
lempdes-sur-allagnon,77466
chantelle,187363
lalacelle,77400
eymoutiers,188574
isigny-le-buat,686873
corenc,77119
chalus (limousin),187282
chasseneuil,20381
lacoste,190294
bailly romainvilliers,103499
divonne-les-bains,14358
fleurbaix,188703
caumont (aquitaine),713817
espaly-saint-marcel,714235
eynoud,188575
montaigu,192208
nivillac,77680
dame-marie-les-bois,686729
vailhourles,195230
parigne-l'eveque,687176
charroux,706841
cerisy-la-salle,686646
galan,714670
chalais (aquitaine),721058
la gorgue,189970
lancon-provence,714901
plelan-le-petit,193081
haut-du-them-château-lambert,721197
santo pietro di venaco,666264
marcé,191748
usson-en-forez,704709
bustanico,694170
bolquere,76940
ceauce,686640
longchamps,191484
feugarolles,188656
golbey,77265
talloires,5640
crottet,188083
brouviller,186894
beaumont-de-pertuis,720795
rochetaillée,193648
mios,192105
beaumont-du-perigord,676126
chasné-sur-illet,187425
vineuil-saint-firmin,714360
saint-pierre-le-vieux,687413
aydoilles,186001
saint-seurin-de-prats,707550
suresnes,4200
daoulas,686733
barbotan-les-thermes,76874
fargues-saint-hilaire,188594
laguépie,190327
les attaques,191031
neris-les-bains,21925
gages,18375
chatillon-en-bazois,694179
saint-privat,666238
moulins-engilbert,706100
blangy-le-chateau,708707
olonzac,192738
lafitte-vigordanne,190306
saunay,194581
besseges,703835
beblenheim,76892
meilhan-sur-garonne,191966
castelnau-montratier,547561
la rochefoucauld,190159
le fousseret,190691
arbesbach,729680
puymoyen,193388
meximieux,99039
molineuf,192157
monnaie,192189
pouillon,193263
saint-aubin-les-elbeuf,704256
collonges-sous-saleve (rhone-alpes),714217
timelkam,139938
les chênons,191094
doville,703944
rugles,193805
penrose,141834
bompas,186559
cambieure,686616
faucogney-et-la-mer,188598
compeyre,77109
daglan,188136
canet (languedoc-roussillon),720700
wintzenheim-kochersberg,195767
pléven,193099
molieres-sur-ceze,687089
goussainville,821
schwenheim,666279
buxières,186977
taule,194929
sartrouville,194552
montrem,192359
veyre-monton,195468
espédaillac,720694
pierrefeu-du-var,77739
charmaix,77047
escolives-sainte-camille,77188
vendays-montalivet,87678
chabrieres,77026
sorbiers,194788
la roquette-sur-siagne,715226
chalmaison,187277
penchard,665935
hastingues,189356
labastide-de-virac,715085
saint-dyé-sur-loire,193988
trausse,714556
moisenay,192142
fauvillers,664101
champagne-mouton,721404
loc-éguiner-saint-thégonnec,191451
ramonchamp,687251
clermain,187710
cierzac,77088
saint-gervais-en-belin,721328
la gaubretière,189964
la cotiniere,77342
saone-et-loire,737459
saint-martin-des-combes,687380
braine-l'alleud,134880
bages,186025
croix,714071
chabestan,187244
trelly,87658
magny-cours,18752
haybes,77299
beaune-la-rolande,186214
les forges (brittany),721079
villard-saint-sauveur,548003
tourville-sur-sienne,721246
saint-florent-des-bois,687322
gluiras,686828
saint-berthevin,738885
sentheim,666347
sainte-catherine-de-fierbois,687311
arnaud,185791
cornudella,687701
thuin,71714
tefía,727595
ninohe,252506
allepuz,87774
villanueva de algaidas,103825
saint-philbert-de-grand-lieu,721302
orsay,77707
dompierre-sur-mer,715163
lepin-le-lac,686995
englesqueville-la-percée,188411
villebois,292864
beuvry,76914
lovagny,191561
liettres,191382
cierp-gaud,715215
vieille-toulouse,77842
paspébiac (qc),718041
champniers,20375
lathuile,190493
cucq,77141
chalindrey,187271
la baffe,189750
hoerdt,189466
pineuilh,193045
fayet-ronaye,188616
chatillon-sur-broue,737301
eppe-sauvage,77182
sens-de-bretagne,687471
borce,547491
betting-lès-saint-avold,186386
ruffec,193800
logelheim,548053
courchevel,3611
valcivieres,714878
antrain,185722
saint-pierre-de-curtille,721439
blatten bei naters,721670
rochesson,193646
lopérec,191511
perroy,178542
montady,665798
pomponne,193182
barenton,703823
chantenay-saint-imbert,513382
vendargues,195362
fabrezan,87337
réchicourt-le-château,193501
marolles (centre),714913
montouliers,192344
les martys,191212
pressagny-l'orgueilleux,665983
évran,188562
mortagne-sur-sèvre,721294
simon,194741
bazoges-en-paillers,186175
andancette,185656
aumes,185910
sainte-croix-aux-mines,687313
dun,714942
putot-en-auge,184083
barjols,547428
kenilworth,11411
crowle,129229
brécey,721236
feeny,129717
peat inn,663968
worcestershire,14713
aulnoye-aymeries,185906
thornton curtis,686167
ainstable,708022
gainsborough,129855
pencader,694069
piddletrenthide,708444
renfrew,17955
cuxton,129270
kirton,130743
rosscor,99492
isle of harris,663883
west wittering,133136
le blanc,190573
stowbridge,132576
ross-shire,18958
shotts,132299
llanon,130979
gortaclare,69414
bow,128483
creetown,663852
llangeler,723074
cawood,128833
rockfield,711469
kilve,723023
pont sticill,70916
daliburgh,129282
pelynt,703232
le bois-d'oingt,190583
bonsall,128456
rhos-y-bol,723243
kidlington,130634
chemillé-melay,721308
bryn-crug,722719
pentraeth,703233
frensham,129828
neuilly-plaisance,192581
denton,68966
fir tree,129758
perranporth,131744
newington,131467
huggate,708268
brisley,128590
cossall,719559
wigtown,663986
lasswade,130796
carloway,128783
everdon,722888
trelech,711554
gulladuff,130094
redmire,672930
appin,21900
bishop monkton,128361
talsarnau,71653
bury (cambridgeshire),722639
châteauneuf-du-faou,719497
risby,71094
alness,722670
denice,547679
apodaca,20332
marans,77552
döllstädt,127305
karpasion,237613
palairos,240726
heidesee,685994
jubar,717174
olympia,8148
langsett,130783
biendorf,68557
exbourne,708188
lower quinton,723106
frickingen,716737
edewecht,69098
berlingen,716946
painswick,3444
sukow-levitzow,716887
gohrde,69398
ffairfach,722897
murlenbach,686031
marstal,196979
lancken-granitz,663656
rohrbach (thuringia),731368
kronsgaard,703124
hopsten,69773
meckenheim (rhineland-palatinate),731037
mocici,703396
plitvice national park,18320
buch (rhein-hunsruck-kreis),713735
jezera,544682
karlobag,686332
orasac,544714
peruski,703419
candeleda,716435
kebonkacang,161817
tarantang,734919
nijar,73736
sigunturmuda,161889
portumna,72927
batusangkar,702165
pangkalan bun,512956
paiton,710775
arguis,198039
bajawa,513656
gaura,734858
odem,710055
bernedo,73435
maceda,717650
cavan,19565
siborongborong,725478
espejo,198766
ribadumia,667429
forssa,13635
siwa,664285
þorlákshöfn,182170
zastražišće,727983
jalon,199031
simpele,112660
les matelles,191213
l'etang-la-ville,714156
anthon,185717
tancrou,709744
deyme,188202
ronno,193693
verdun-sur-le-doubs,99068
valle-di-campoloro,720566
tessy-sur-vire,194967
gézier-et-fontenelay,189040
elven,188399
ceregnano,169397
ayzac-ost,87216
le gue de velluire,547982
cuincy,77144
blaringhem,186492
marcheno,165255
peyruis,665921
fonni,88433
lacs,190300
casalzuigno,165082
montroty,705743
caiazzo,163064
la chevillotte,714348
zollino,184045
charentay,187392
dampierre-les-bois,188152
teano,164651
merlara,176587
lusiana,175976
corigliano d'otranto,88413
saint-pardoux-l'ortigier,78360
monein,87461
aurano,725675
ussàssai,182810
trinita,165749
triei,725558
bricherasio,165801
monte roberto,76096
vayrac,195340
pontboset,668958
quarna sotto,668981
malnate,165249
neviano degli arduini,671739
sant'andrea del garigliano,725626
martigné-ferchaud,191865
cleppé,187704
jouques,189644
saint remy sur durolle,666228
cadoneghe,168887
bressana bottarone,165029
palombara sabina,164586
laviano,725617
amandola,165507
campi salentina,169003
assoro,167102
montreux-château,192365
fossombrone,163565
frazé,721172
montemonaco,668767
longone al segrino,719139
casaleggio novara,165834
luzzi,162898
corniglio,668556
mezzolombardo,176629
crouay,686725
castelnuovo di porto,668505
san vito di leguzzano,712869
grezes,77283
canove,165820
montegaldella,176906
uta,182811
san giovanni bianco,715997
cozzana,737433
cusano mutri,163110
drumettaz,188319
ortignano raggiolo,163762
castelmezzano,668501
san dorligo della valle,668898
santa maria la carita,715347
biert,714830
lendinara,175552
uzzano,182830
venticano,669111
svalbardseyri,707668
caumont-l'evente,686633
sori,164916
taurianova,163009
cinquefrondi,169657
tirli,725552
levanzo,75971
retiers,193550
saint-laurent-du-pape,720761
pinasca,715896
tortorella,163255
bono,168310
varallo,165751
bassano romano,164427
sermoneta,164638
villamagna,162732
stagno lombardo,164000
donzy (burgundy),721112
castell' arquato,163438
villaseta,719131
goito,172331
pedara,21813
nievole,705120
torrita tiberina,164659
sferracavallo,105245
aquino,164417
magenta,76766
marina di gioiosa ionica,76028
garessio,164790
sorga,716062
villanova d'asti,166112
sambuca di sicilia,180019
tavoleto,164015
gallicano nel lazio,164519
campodenno,169029
san marco evangelista,163220
casale corte cerro,713770
borgaro torinese,75555
buia,164121
leporano marina,719118
albisola superiore,712791
savoca,513349
apricena,166866
montefiorino,705739
asola,164980
barzio,688126
arbatax,19112
gallinaro,164520
san giuliano di puglia,725609
saint-quentin-en-tourmont,687419
mazzarino,176479
fontaine-sur-somme,714707
guardiagrele,162651
torremaggiore,716095
premariacco,164301
lanzada,715712
torrile,164026
naucelle,192540
elmas,170939
orco feglino,705124
monticello d' alba,715807
tollo,162715
ossi,712848
notaresco,162673
castel del rio,725706
gualtieri,163607
grone,715687
savignone,76511
vinchiaturo,165684
bolzano vicentino,88353
vallebona,164666
bordogna,165010
collepardo,164494
fenis,75845
arquata scrivia,164685
bene vagienna,75529
hayscastle,130258
paterno,178432
bicester,68554
momo,165962
rillieux-la-pape,512915
montefiore dell'aso,165586
osnago,165315
postiglione,668969
pozzilli,164614
oratino,165674
boissano,715451
marden,131170
ummari,182691
incisa scapaccino,715699
trecchina,715290
norma,99179
piancastagnaio,178606
sant' egidio del monte albino,716028
castellamonte,165847
aci bonaccorsi,166178
saint-aubin-la-plaine,704255
serina,165414
gramazie,547801
spineto scrivia,716068
cormons,88415
rapolla,76329
puisserguier,715170
whichford,721582
pollenza,165610
gera lario,165188
iguerande,686869
gorron,189115
fondo morte,719126
rotzo,715969
valentano,716120
villaggio pirandello,719129
castiglion fibocchi,169315
glenbarr,722926
serravalle scrivia,76546
miglianico,162664
remire-montjoly,721000
san nicandro garganico,725630
hinton in the hedges,130377
saint margarets hope,719309
castelletto d'orba,737462
boiano,165650
montesano sulla marcellana,725554
crespina,169995
bomarzo,668665
downpatrick,129396
mulazzano (lodi),715824
soresina,165419
lizzanello,715721
tillicoultry,132790
hemingby,708253
blythburgh,708069
blakesley,128403
saviano,163234
deighton,129325
allendale town,86650
stabiuzzo,181528
cabo negro,726757
prunetto,737585
gorla minore,513155
findel,20412
filetto,705070
agdal,106125
castel baronia,737420
zebbug (malta),685806
agia trias,105722
ios,7639
el guern,106137
charga,106132
bracigliano,163060
vasiliki,88316
catazajá,724802
tula,725007
selva di fasano,16812
kirkop,174773
les anses-d'arlet,732885
nuevo casas grandes,724908
pelion,21326
totolac,719467
padang besar,211610
kasba beni sitter,106145
avenhorn,184134
la venta,724884
streefkerk,185163
boxtel,145810
lofoten,17982
skrolsvik,717896
isfjorden,735697
ekmul,724839
ulicoten,185229
oudeschans,547328
mariahout,146093
hommelsto,544794
groede,72379
den ham,184342
eibergen,72359
os,15126
chuburná,724813
sogndal,1990
palompon,728034
biliran,708969
fijewo,156718
fabianki,156712
huigsloot,184546
utrechtse heuvelrug,713272
borzyslawiec,158852
milkow,72754
szczecinek,158968
sudimoro,734752
lesna,102277
buk (west pomeranian),158851
teluk dalam,718312
swieta katarzyna,158397
landeira,73227
castlerea,706437
ludwikowice klodzkie,72746
cadima,705998
capelas,73182
fordonek,156719
carcavelos,4281
pozezdrze,72778
pombal (braganca),736815
meimoa,706084
veghel,185241
barzkowice,158848
richiș,729860
santa cruz das flores,669376
sztutowo,668183
ribeira grande,88715
radomsko,158034
kamienica polska,157028
cadaval,688404
sapanta,688589
praia da rocha,9267
borrello,75559
fajã da caldeira de santo cristo,171293
lapa,175412
jädraås,174277
brevik,168542
trenta,732560
stary smokovec,10831
bojná,732976
cavaso del tomba,75726
sepino,716051
sennariolo,76539
ispani,713752
falvaterra,738838
flästa,171519
romagnano sesia,166036
vallentuna,182914
salice terme,15826
löberöd,175771
grimeton,664707
perosa argentina,165993
monteodorisio,162666
mezica,111170
sarule,180554
lentini,175561
almenno san salvatore,715392
palazzolo vercellese,165988
bagolino,164985
pobegi,726419
flyinge,171563
corio,165874
seregno,76540
palo del colle,178301
tived,664777
hova,664717
ig,664331
diano d'alba,668573
pozzuolo del friuli,164298
candelo,165816
alzano lombardo,164965
francavilla bisio,688208
terlizzi,182117
namulanda,725735
jalpan de serra,103085
montevideo (mn),100437
analomink,152639
rogers city,148568
riverview (fl),104699
ratcliff,203134
petersburg (ak),292817
white sulphur springs,155831
granite bay,201768
huichihuayán,724859
san isidro llano grande,737096
pawhuska,152382
koungou,734058
rhinebeck,151043
wilmore (ky),147209
quicksburg,155257
abita springs,147217
purmerend,10052
estcourt,171194
fuailalo,712002
pultusk,88202
lawaan,728038
mkhuhlu,733215
sasolburg,180557
hawston view,734622
nijverdal,184800
marble hall,707924
rosario-lagoa,88718
urzelina,733032
accord (ny),99499
charles city (va),514409
feleacu,171393
ostrowo (pomeranian),726827
snochowice,726902
postmasburg,733235
käringön,726445
fundu moldovei,729885
sandviken,67831
jadcherla,739108
baramati,724268
chiloda,739469
vadalur,739395
radomlje,111012
kapashera,734290
neyveli t.s,724573
balrampur,712005
panruti,739589
padubidri,739501
dwarahat,114766
khirsu,739432
mehsana,702269
haiku-pauwela (hi),732171
na muen,214110
gravois mills,149348
navoi,200404
borebi,168335
content,169843
disraeli (qc),170373
flamatt,171514
reebok,723904
terzigno,163251
ostrov,67506
hilders,69696
ovelgönne,121231
somo,9042
kangasala,67675
lectoure,190982
montbrison,77617
forcé,188784
folcarde,188736
gouvieux,77272
santes,194522
beadnell,663837
montefranco,176904
ultima,711010
hong ngu,222832
brnaze,732292
borlo,664084
fiscal,666988
candelaria,736801
lissone,75988
gørding,196491
roccagloriosa,668863
rotondella,162775
lessines,134046
topolsica,67669
koita,238415
la creche,77345
shamshi,710890
perito,163184
west milwaukee (wi),717977
kotputli,669673
sanluri,180309
schœlcher,719890
floroaia,729998
flämslätt,171515
åsaka,167034
ban muang,204215
north huntingdon (pa),717420
boğaz,725784
lutzville,733259
huyen mang yang,223243
talisay (negros occidental),105980
beaumont (namur),732626
pessoa,178555
bom jesus da lapa,711984
bom princípio,168272
kotkhai,728342
staufenberg,71548
nghia lo,115709
venta del moro,704834
llo,715096
cheverny,99010
le neubourg,87398
rouffignac saint cernin,666028
maubourguet,191915
barton upon humber,103233
parracombe,70849
osan-si,178060
namangan,701035
pasir mas,211639
klamm am semmering,544932
holambra,729023
tête jaune cache (bc),726166
ins,174107
libochovice,110337
fuchstal,122501
fleschützen,171528
saint hedwig,154646
navalmoral de la mata,199555
lapland,21146
lirac,704099
coursan,187978
saint-bauzille-de-putois,714764
bloxwich,128425
sindhanur,739598
torre canavese,669064
castellinaldo,712807
jalal-abad,701001
zacapoaxtla,701987
nowe bystre,726830
branca,168452
çamlıhemşin,728777
kapchorwa,701272
lira,701282
moroto,701289
aitkin,148661
lobelville,154041
mooresville (in),104494
jost van dyke,701422
stonewall (tx),514137
benner,78898
elizabethtown (ny),736411
langsa,161614
shivlalpur joshi,719829
lake boga,711617
campo verde,705202
east anstey,722868
flacht,171511
brunnthal,86323
latpanchar,728361
uda,255497
ahetze,185529
precy-saint-martin,714261
massignac,548102
mondeville,77608
vivari,243083
najaf,737320
mekar sari,734835
allerona,712792
salemi,76393
fukaura,247823
arpsdorf,126415
mantasoa,708914
chekka,169522
limljani,733905
chichen itza,1792
santana,73300
nefza,733985
doruk,170488
nieuwoudtville,711995
creches-sur-saone,20394
grodzisk mazowiecki,156841
sevan,706688
al sharqiyah,704748
faschina,69226
heihoek,135697
merksplas,133798
schilde,133840
toniolo,182312
cruz,170019
lovell,147575
horni mala upa,685488
horice na sumave,67476
rietheim-weilheim,731077
rhodt unter rietburg,71069
brodersby,713597
hvalpsund,87728
eshott,69192
montferri,199507
canjayar,694340
morigny,687123
chalezeule,87280
surgeres,194879
saint-jean-de-valeriscle,687354
saint-antonin-noble-val,193886
saint-cyr-sous-dourdan (ile-de-france),714508
kilroot,130659
torpoint,71741
hornsea,130454
birgi,728940
kotabaru,737406
scorrano,162709
san cataldo,180080
mihama,106669
sumeg,85973
khouribga,78581
berkane,106131
karasburg,726933
lenggeng,211458
aagtekerke,184093
el porvenir,706964
andahuaylillas,726584
cantilan,737469
balangoda,736622
bačka topola,723523
preddvor,67658
sunbury,151641
msonono,736253
sarangan,734768
venus bay (south australia),736186
leopoldo de bulhões,175568
erts,72950
fillinges,737278
meyzieu,715204
stuer,71615
qamdo,447695
lokoja,175797
sagamu,711478
porto do son,73779
mont-joli (qc),176942
staniel cay,737065
black butte ranch (or),735446
odayeri,728901
amadi,166671
littleferry,708337
cacém,168869
hetauda,710464
morbi,710699
yagcilar,701983
akçaalan,728993
vallikunnam,711844
sagar (karnataka),724643
rajnandgaon,724636
pinjaur,710802
sirohi,114703
giba,715679
glinado naxos,705620
san polo d' enza,668930
montereale (l'aquila),715802
chuo-shi,247580
saalburg,71172
egtved,196317
cantiano,688147
bura,709501
mohali,513606
avene,686540
lyamutundwe,709694
wayland,148641
rasteau,193480
saint-romain (burgundy),715115
sainte-preuve,78283
ferce-sur-sarthe,77206
uplyme,708584
piui,716228
razanac,544722
sospel,194795
le cateau-cambresis,77428
saint-germain-laval,194110
romillé,193687
longue-pointe (qc),726195
surendranagar,712058
los pargos,726305
bedizzole,75521
ardilleux,686519
mezzegra,76068
prezza,715264
comrat,737733
almonaster la real,666635
martock,70365
yenagoa,711062
vogue,195692
cheffois,187550
los masos,191523
litton (north yorkshire),723059
moorpark,202586
gyomaendrod,67701
bernardo,167848
tertenia,688318
sant' omero,688312
casale marittimo,668642
newry (me),104553
mulberry (tn),736170
kapowsin,155443
duntroon,710387
kyrksaeterora,16069
flädie,171513
flysta,171564
lometa,154465
romont,179621
ostrovacice,67507
kouklia,67534
tocantins,182262
long island,21888
alpujarra,109284
löningen,120995
pattani,17792
buseck,716842
fluorn,171560
ezhou,160580
onawa (ia),104589
wigglesworth,72087
montedivalli chiesa,712842
avize,185986
sennecey-le-grand,666345
áyios athanásios,162000
binjai,513121
esashi,106724
rumoi,106827
haboro,248130
shintotsukawa,254262
betsukai,720831
nishimeya,252609
rikuzentakata,253458
otobe,107501
esashi (hiyama),720835
nikaho,252497
hirono,106735
obanazawa,252855
nanyo,710735
tohoku,255079
tadami,106560
kuji,107025
minamiuonuma,739541
mogami,251838
minamisoma,251614
hitachiota,248776
sayama,108246
yabu,255796
nishiwaki,106947
okutama,718290
kasang,734920
tamba,254874
yuasa,108713
kadoma,108114
ryugasaki,107050
fujikawa,106164
ogasawara,252938
gojo,107740
hidakagawa,248428
yamakita,107346
nanbu,717766
kitahiroshima,250581
motegi,108441
ibigawa,720828
tatsuno,106973
mizunami,106594
niimi,107938
kitsuki,107886
villoslada de cameros,727540
tsukumi,107901
ukiha,737551
tagawa,106506
muroto,251990
st georges basin,728466
vavuniya,183072
dharamsthala,669647
giave,172210
derecik,728805
pumula,718141
acceglio,715260
vaassen,145257
lesicno,707237
fortuna (nd),736472
zilkale,728782
amreli,724235
idkerberget,173948
bulqizë,732904
lagarto,729317
kimba,736184
karauli,21642
bayfield (on),167652
walcz,705343
pagerharjo,734939
wendelstein,72013
skaerbaek,197334
gouillons,189121
la fare-les-oliviers,189923
la celle,189824
la croix-blanche,686908
akhillio,234870
aubussargues,704304
saint-genix-sur-guiers,714609
knin,727975
paciano,76194
catalkoy,735685
amsar,726410
seocheon-gun,212977
ala di stura,705452
oliveto lario,165306
sersale,162994
painan,709529
felitto,688203
hillside,130368
stia,164003
delebio,165154
gerace,75893
whitley city (ky),104995
ostrowiec swietokrzyski,72769
lokev,726415
lysekloster,544811
comuna 23 august,718889
monduli,718194
red boiling springs,154092
lüdersdorf,718223
vagharshapat,733340
springfontein,733160
schuttrange,109241
hamn,709925
versoix,68073
belp,86104
iyidere,728788
ovronnaz,99441
skutustadir,79273
minster lovell,70457
öræfi,734984
sant josep,73846
kabelvaag,137323
yağmurlu,728775
broken river,736192
ouroeste,729131
lime ridge (qc),672186
lioux,687013
estaing,77190
rellingen,127004
karipur,720804
cortes de la frontera,198579
castel sant' angelo (rieti),715534
castilenti,162607
el mante,705585
turnu severin,16978
raebareli,720450
lipovača,718852
kringa,706641
koprivshtica,544619
tripoli,14972
vesime,164938
ano lechonia,668303
pokeno,728152
turneffe island,103143
crișan,729987
quinta do anjo,179137
tianmen,160609
lauterhofen,116395
yaphank,151270
roche,132007
sankarankovil,713182
y felinheli,72187
goole,69409
blotzheim,76933
emali,726742
castione andevenno,715552
mel kamanahalli,718724
castleford,19028
chhatarpur (madhya pradesh),712902
burhanpur,390138
maunath bhanjan,734366
biaora,390137
tiruchchirappalli,712158
talaja,734229
santuri,734359
bhawanipatna,724285
drosendorf-zissersdorf,729781
southport (me),79903
ninh hoa (khanh hoa),728008
besqaynar,710257
paraguaçu paulista,178356
varangerbotn,136730
lake bolac,728520
smizany,105903
shenandoah (ia),104762
algodoal,688338
cremin,706893
girardota,707015
schonecken,71334
antweiler,663479
nykobing sjaelland,666575
haelen,145580
bad lausick,68373
unterwellenborn,717221
marchena,199399
mattaincourt,191912
puyvert,715213
saint-brice-en-cogles,78257
vitrac (auvergne),719267
tonnay-charente,78200
morcenx,192397
argeliers,547380
villiers-le-mahieu,87689
straiton,132582
cikande,161656
varedo,76666
villareggia,183303
nouaceur,719055
buttigliera alta,165811
bandar tasik puteri,719777
sagae,108738
telok panglima garang,212171
kadawatha,736620
stryn,8103
rytwiany,704965
sugar land (tx),21851
san josé chiapa,724947
powder springs,203083
wilson island,21361
kingfisher (ok),152324
ruskin (fl),3959
imbil,709717
ngargosari,734938
warnow,119978
moraine (oh),104499
revin,193562
goseong-gun,172400
ripley,71092
devillac,706497
cremieu,188038
farthinghoe,129706
clifton hampden,129009
kilsyth,86765
peri,192954
ospedaletto lodigiano,1270
roseto capo spulico,162968
sendangagung,734940
ambattur,114706
baschi,99157
villafranca piemonte,166111
di linh,221359
seosan-si,180818
scurcola marsicana,669009
helbra,126079
phan,669511
bonao,141323
gosol,687756
villarzel-du-razes,715044
chauny,187513
la clisse,709293
leek,130834
montolieu,665827
matanurung,734718
seltjarnarnes,720348
isola della scala,174176
sommariva del bosco,166067
fontanile,165906
poiares,178768
sernancelhe,737499
lästringe,175454
puerto la cruz,10460
baileys harbor (wi),103883
port ludlow,155511
felch,148350
west baden springs (in),104968
ness ziona,143846
profondeville,134785
nossa senhora da glória,729319
tasman,110798
fuente de piedra,667005
winters (ca),203955
sirtori,716060
ban coc lua,217290
les portes-en-re,715211
bezouce,186412
karadut,685671
sissinghurst,132332
szentes,115024
curracloe,688092
santo spirito,180445
kampung keriang dan,209692
monticiano,76124
schaan,88221
vila franca de xira,21323
avenches,67855
middleburg (fl),202518
guruvegowdanhundi,718101
wormer,185393
barka,23051
capaci,169093
tepeapulco,724994
jelesnia,156979
ledong,431416
shelbina (mo),104759
oftringen,177862
lisky,723749
kasan,114514
balasore,710214
itarsi,724417
bhiwani,114507
sitapur muafi,710905
etawah,513365
bankura,724263
leander (tx),23368
mykulychyn,665489
cataguases,729341
cut bank (mt),99841
daltonganj,724331
asika,737488
khagaria,724464
banda (uttar pradesh),734308
raxaul,724640
kottakkal,718740
rajsamand,724637
manjurahi,718090
maraiyur,710654
kelakam,724460
tiruchengode,724712
mancherial,724519
bulandshahr,513499
ramgarh cantonment,737732
champawat,702182
mangaldoi,724526
salanpur,734358
sedano,687925
port d envaux,102242
venelles,666450
la guerche-de-bretagne,721099
west malling,133116
mexico (pampanga),737734
lessona,165936
toano,164019
chornomorsk,723755
almeirim,688398
orsova,178044
bondone,725596
kinigi,734018
murfreesboro (ar),202655
union city (nj),100877
oneida,154076
amagansett (ny),717292
antakya,19790
irpin,665467
pinto,724176
nelliyampathy,724571
burgbernheim,168750
borre,98967
glesborg,196478
vejers strand,197716
torello,102417
ayer tawar,162306
araku,718077
sainte-savine,78285
venzolasca,687547
bedale,68493
ashbury,128045
eynsham,129674
arki,734329
mong cai,226477
rignano garganico,179465
calto,168953
broughton vale,728467
boca del rio,86225
bilaspur (himachal pradesh),724296
yoncalı,728745
montgat,712283
stange,136841
pine cay,719886
nandyal,724562
llandegla,70221
neskowin (or),152559
athalassa,110608
bandhavgarh national park,739628
perg,70875
dhoapalong,710371
mono (on),717340
broc,168566
san francisco de mostazal,707562
vangani,739398
reiskirchen,119349
reitwein,703161
rossau,71123
selfkant,716924
oña,717609
nexon,192599
saint-etienne-les-orgues,78291
montrevel-en-bresse,192367
comps,547634
ash shamālīyah,701095
whittlebury,72067
ternay,194956
derrypark,732601
abbasanta,75428
quero,179121
caluso,23077
prato carnico,705141
genoa (nv),11868
huyen phu quy,223307
bomet,726724
kericho,726720
rio tinto,179500
gokceada,664619
magalang,728028
arua,701257
hill city,148797
troy (nc),736451
conch key (fl),99815
frastanz,729738
roa,687895
berching,167788
samitah,246027
bad schwalbach,14944
penita de jaltemba,685903
kisaran,513269
orcheta,199613
zara,728758
yomra,664673
praia da areia branca,669369
chongzuo,399861
huétor santillán,727278
bibury,722699
seelze,71400
kusnacht,67961
lohfelden,70241
perols,6890
oullins,192829
marathos (magnisia),736883
kent,18907
puttelange-aux-lacs,737230
motikhavdi,737739
einarsstaðir,734990
sconser,132171
unterach,139947
fındıkoba,728801
chaumont-sur-tharonne,77074
breukelen,72302
barkarby,67793
liscannor,88248
niederried,685760
sommarøy,138282
bad sauerbrunn,544871
chatenay malabry,103515
villeneuve-sous-pymont,721182
avrainville,185991
merkez,728807
maelem,703639
triesen,73961
atrani,513514
armou,685550
buochs,18195
epagny-metz-tessy,715151
sorvagen,544843
bad haring,68357
rosendal,137061
peillon village,665916
seuzach,180862
fenais da luz,719200
riksgransen,664752
uitdam,185224
romainville,193679
jouy-en-josas,20444
barile,162741
birsfelden,67868
studland,708541
great baddow,129991
elsbethen,69140
horsholm,196684
nurmes,102672
saint-aunès,193902
valbuena de duero,717269
ağsu,700869
ingersheim,189547
matsloot,144482
weesp,72590
jhalawar,513366
tagounite,685428
lao san chay,225593
lajes do pico,669338
vemhån,183110
punta braccetto,76313
gloria,172288
al qunfudhah,244723
mahabubnagar,739194
punta nata,711457
ladfora talla,719839
kuala nerang,211409
quintana del puente,667410
çamlik,115940
matmata,17043
gököz,728960
going am wilden kaiser,69400
macs cove,728542
windang,142040
mburucuya,707308
bahadurgarh,114506
singrauli,671697
midnapore,114794
etoile-sur-rhone,188542
kirrwiller,686891
berriew,722708
cawsand,68812
portishead,86832
liepe,703133
grossraschen,703097
franklin (nh),514352
konagaderra,143100
ijero ekiti,710478
bagdat,115931
heinersreuth,86407
sprakensehl,717154
vokolida,718668
alto caparao,669151
agia marina chrysochous,720393
tubará,732428
odorheiu secuiesc,19240
iwami,106919
goirle,145927
san joaquin,711093
libuň,721635
akiota,717765
gede,735572
la vacquerie-et-saint-martin-de-castries,714892
kikai,720839
unnan,255574
groblersdal,665201
hwacheon-gun,173866
nonsan,268336
miryang,266603
goseong-gun (gangwon),212455
goesan-gun,212509
geumsan-gun,212486
haenam-gun,172908
jangheung-gun,212694
yeongam-gun,213169
wando,279915
yanggu,280983
jangseong-gun,212699
yeongdong-gun,213177
yeongwol-gun,213186
anseong-si,166805
jincheon-gun,212733
sancheong-gun,180228
sejong city,213180
goheung-gun,172323
yangju-si,183849
gochang-gun,212505
yeonggwang-gun,213178
geochang-gun,212467
wanju,279978
sinan-gun,181000
cheongdo-gun,212292
ulleung-gun,182676
buyeo-gun,212274
gyeongsan-si,172851
sangju-si,180281
gyeongsan,265810
yeongcheon-si,213171
gwangju-si,256221
gyeongsangnam-do,212567
jangsu-gun,212701
cheongyang-gun,212306
jindo-gun,212734
miryang-si,105956
hamyang-gun,173098
hampyeong-gun,173091
boscotrecase,163059
bukit payong,208080
mithapur,114492
lake cathie,710600
icogne,721671
shannan,498713
sirr al ghaliz,246093
hejls,196594
ebeltoft,196305
ben 'aknoûn,143735
a famelga,727569
paradela,199657
varkaus,14780
roșu,729823
elliant,188392
mehun-sur-yevre,191965
cornhill-on-tweed,86704
al bahah,244096
fourni (fournoi),718584
kitatsuru,720849
bacolor,720008
viladamat,667671
adjumani,701255
ekta nagar,737444
vevelstad,137421
mabini (davao de oro),176013
chiquilá,724812
kirra,238349
tulce,158513
pätow-steegen,731500
kinglake,143097
bogie,734654
smailagića polje,733927
blenio,718596
villemoirieu,195576
sherwood (or),737316
upper conaree,707857
valbona,704828
san damiano d'asti,668896
saint-franc,714310
eppingen,69171
grosseto-prugna,720585
tilney all saints,723377
bar-le-duc,76875
pisece,111178
mukawa,251953
central city (ne),671580
yosemite valley (ca),718292
tinjaca,664032
dospat,705289
pierry,193036
tunchang,710998
isa,107998
saint-etienne-en-devoluy,78290
benarraba,87796
parod,735918
amirim,143984
merom golan,103449
haon,144006
nachsholim,87129
shavei zion,18353
be'er ya`aqov,143763
bet alfa,705490
mizra,545350
dimona,144061
messejana,88703
tsukigata,106870
sunagawa,106852
duc trong,221974
kalba,174477
otoyo,253358
carletonville,169172
dziwiszów,156211
vajreshwari,713192
mangalagiri,724524
katihar,718080
narnaul,710738
zero,114425
khenifra,664136
tinggimoncong,737410
palghar,513605
bahapal raya,734933
sorkjosen,103405
villequier aumont,666484
lasséran,190486
shahbad,734344
west (tx),104966
haukipudas,4893
motosu,251922
tierra verde (fl),720048
moroleón,177008
wombwell,86883
lochearnhead,70234
marcelino ramos,729065
jubbal,734333
bhivpuri,739426
okinoerabujima,720847
harnagar jangalia gaon,719837
amagi,247077
hokota,107004
yawatahama,106424
braives,134179
porriño,199738
arevalo,99342
marchagaz,713412
mambrui,719213
grästorp,172512
millmerran,719601
enterprise (or),514365
loen,8654
valparaíso de goiás,729217
moriani,734384
ravda,71015
rantauprapat,710831
lhokseumawe,513388
acklins and crooked islands,700499
payakumbuh,513076
pynursla,734379
castelnovo del friuli,715547
surcuolm,665087
telchac puerto,693992
xuan bang,234333
mather (ca),735327
hampton falls (nh),149885
ash fork (az),735320
big sur (ca),88046
florham park (nj),21796
lac-beauport,718103
rutherford (ca),104716
hartland (ca),735069
tuba city (az),17678
los cobanos,718144
rokers point settlement,719323
midpines (ca),202526
prior lake (mn),104669
primm (nv),21261
jay (vt),104313
amargosa valley (nv),17419
gregory town,719663
saskatchewan river crossing (ab),718318
tatlisu,735648
haslach im kinzigtal,69584
lejre,196908
boufféré,186654
wenshan,161419
el paredon buena vista,685648
andradas,166742
gravelotte,734551
bushbuckridge,733213
nerópolis,177365
de ronde venen,713217
gürsu,172828
denkanikottai,739472
eppenschlag,713575
agua de pau,73136
molleges,192159
fiumicino,79559
barrow upon humber,686121
beulah (mi),103921
independence (or),514311
lagarrigue,77396
lembruch,120969
aizawl,669608
saint neots,86846
piuma,178718
kutacane,735615
eberstein,544883
hartley wintney,69578
talpa de allende,703028
patkote,719832
bengkalis,161784
asthall,721459
charlwood,728514
morón de la frontera,199528
bel aroussi,106128
samail,736922
goalpara,739082
prem nagar,718079
pathsala,739269
gonda,737457
santo antonio de lisboa,712323
novitskovichi,707378
neuil,687140
mimet,192100
hoima,701263
elon,151396
eildon,717733
drasici,706938
kathikas pafos,664304
ajloun,547341
varaždinske toplice,732349
wakatobi,720546
baubau,711127
parit,162340
bali (rajasthan),734458
oupeye,725713
siliau,211893
netarts (or),152560
jinchang,159827
sanmenxia,160543
yushu,486778
layos,103720
goetzenbruck,189094
kisoro,701278
yumbo,109362
simonovice,545261
spring valley (ny),23620
retalhuleu,733462
herselt,133730
herrischried,685995
hakataramea valley,734640
vaglio basilicata,716115
florsheim-dalsheim,713476
lazeshchyna,723650
itapeva,174213
mamuju,512858
le plessis luzarches,547991
luquina,707269
bråfall,168438
mount juliet,732572
bilohorodka,723739
wiselka,668187
indramayu,161804
armentera,198047
winterbourne,72119
kalol,724437
yeni boğaziçi,725795
gaiola,75883
futtsu,106323
koumi-machi,250925
uto,107408
naramata (bc),663337
dalmada ah,733210
krionerion,88287
haimhausen,172975
nathrop (co),104535
raipur (uttarakhand),739591
l'anse-saint-jean (qc),672215
gamleby,171966
mercato saraceno,163703
mannargudi,724530
curvaceiras grandes,73198
leikskólinn tröllaborg,734978
komarna vas,707158
lisandro olmos,723964
irschen,138636
benfeld,186300
tapola,724691
mönsheim,731011
le grand-pressigny,190718
prathai,214441
brinad,734342
harwell,130213
park falls (wi),104614
fertorakos,685605
jadranovo,69858
sint-laureins,71467
sumedang,513056
asikkala,111301
hargowilis,734937
alcoutim,73142
redwood falls (mn),100656
circasia,719174
pradell,701854
guestling,130089
ngawi,706697
saint-palais,687403
kargapinari,701744
rodriguez,179580
pezari,724609
sandbank,132133
lauterach,141078
rouiba,725828
grand canyon village (az),717958
doddamagaravalli,734489
penol,192947
pesawaran regency,737399
al wasil,103607
cambará,168971
loreggia,175843
bellapais,725804
medina de rioseco,103729
longforgan,70254
teora,716083
são sebastião da serra,729024
leiro,718442
montecastelli,688247
beauvoir-de-marc,186233
akmeemana,716209
san felipe de lara,719314
forth,142749
lakemont (ga),736463
boumboukas,235898
ap thien phuoc,216625
trai mat,232259
elenthikkara,724363
norris point (nl),672237
vinglafia,243056
chantemerle-les-grignan,77043
el bour,718125
sulzbach am main,117445
solina,688055
kigoma,701077
altstatten,67853
brcko,127780
hooglede,135712
aberchirder,708010
schwenningen (bavaria),731136
benut,207867
strasslach-dingharting,117431
umargam,724724
prabumulih,161850
litibu,718626
pleasant view,154086
broadalbin,150484
ruiru,719215
kiedrich,119059
ilb,243803
muides sur loire,192494
enquin-les-mines,714570
sharnbrook,132231
albolote,87771
robanda,709397
assis chateaubriand,729087
kaneriwadi,724443
seraki,734420
coleman (tx),104038
duleek,159390
capertee,728423
kandern,86433
haxey,130255
fuhlendorf,69307
pauri,724601
dornstetten,170482
burabay,733527
aurora (on),98840
regba,144035
kefar blum,703787
esvres,87334
carlsberg,125256
mezilhac,687084
agramunt,197866
itapipoca,174215
saint-étienne-de-saint-geoirs,721442
valea manastirii,711928
villa guardia,716153
sharda,733973
deryneia,718663
finnholmen,706987
stape,721560
clearwell,68854
cooch behar,732258
mandu,17941
polichni,241322
hardheim,173154
trevoux,195156
gomoa fetteh,726633
ashby de la zouch,68277
altino,162556
ainsworth hot springs (bc),718330
malonno,176193
codnor,129039
srednja vas v bohinju,664343
black hawk (co),103928
grindleford,130080
são martinho da cortiça,733043
porongurup,143527
authon-la-plaine,185940
orfanion,240562
beresford (nb),663213
uttarkashi,513363
tamia,734316
pagar alam,728074
obersteinbach,192705
gyhum,120626
estancarbon,188516
montbrun-les-bains,77618
kirriemuir,103288
coreglia antelminelli,715606
northfleet,131535
intragna,718278
viby,72666
settecannoli,719133
pôrto franco,178910
moux,694269
hatgad,724400
breasclete,128546
minaret bay,734639
arzier,167026
tropojë,732915
san prisco,163223
el limón,737043
montgeron,192294
watulimo,737409
kovel,701752
broumov,109855
santa caterina dello ionio,716032
kadapa,724430
vernantes,105705
olburgen,686483
guardo,667061
ikom,173982
cenerente,19104
goshen (nh),737588
clunes,102451
njayappilly,724577
são gonçalo do amarante (rio grande do norte),729425
burgthann,68758
carbognano,688150
green mountain falls (co),736654
hosen,735925
shear yashuv,547238
kiryat shmona,705339
sde boker,547236
be'er milka,735932
lotan,735934
ka'abiyye-tabbash-hajajre,735917
balule game reserve,665189
nesslau,177368
rocbaron,193633
bijanbari,719842
cold spring,150549
cornedo vicentino,737532
marone,165258
rakkar,720812
blackall,725190
arcones,666660
neroth,124746
bisalpur,734461
são josé do rio pardo,729156
cınarcık,169652
lermontov,733323
pital (alajuela),720867
coggia,686694
gretna (va),100069
snohomish,155537
pangkal pinang,512920
mataranka,17911
hunnebostrand,664718
black forest (co),719378
plati,720923
wunsiedel,72176
hucknall,723478
ortonovo,178053
muglitztal,716974
wafeghar,724761
udimore,132902
bannay,547423
cashiers,151341
pasman,544715
veliki preslav,707749
shkorpilovtsi,706670
jursici,686330
santenay,194520
mbarara,701288
huyen luong son,223237
kitale,707145
santa anita huiloac,180327
tonneins,195060
sapit,734836
rockford,148566
karaman,174575
sogliano al rubicone,163992
wolseley,712177
segart de albalat,200018
lake toxaway,151478
mobile,176767
banda aceh,725258
chopra,114765
mareeba,142293
kími,238308
talalla,106118
pessinetto,165997
cistierna,687695
ba ria,216927
urnasch,712567
neuried (baden wurttemberg),86517
farghona,701032
mukachevo,177103
rostrenen,193732
ogan komering ilir,737427
torremocha,727366
el gigante,724842
tlaquiltenango,703031
matias romero,724897
wyberton,708629
mansa,724533
saha,114518
gadarwara,724368
bapatla,724266
fazilka,724366
mantralayam,724534
annavaram,724237
barbil,724270
garhmukteshwar,513392
bettiah,732252
hingoli,710469
rupnagar,724642
adipur,702191
jeypore,724198
haflong,732200
betul,710258
mannarkkad,724531
virupakshipuram,724749
kodakara,718746
iztapa,707091
linguizzetta,191416
filattiera,668591
gransee,118106
malung,86052
les pieux,548021
tlapacoyan,721715
dillon beach (ca),201312
bokakhat,724300
qormi,179097
emmernthal,711229
sangota,733969
santa monica,737234
georgenberg,731170
gollwitz,118095
isle of south uist,103279
arjona,198045
gori,21567
langerwehe,123173
clansayes,706859
gaja,720957
ashington,68279
govind ghat (uttarakhand),737372
taytay,182050
kharar,114673
thiruvallur,737708
safra,726812
watlington,133041
myto pod dumbierom,135883
khamgaon,739574
saint-etienne-du-gres,194051
quarndon,131893
finike,85993
cline river (ab),726253
alba de tormes,103639
busung indah,734716
synevyr,723813
valbonë,732914
polonezkoy,685675
dhoros,706914
prodromos,725790
mudigere,724184
holmavik,671694
dhanachuli,719840
nsukka,726443
sundipenta,724682
arden (nc),22328
thanh pho thanh hoa,230898
budesti,706796
tattapani,710956
the crags,665243
east haddon,129492
cacica,688585
maralal,711823
cologno monzese,79410
santa catarina,88721
notre-dame-d'oé,192669
picanya,73764
naarden,6273
l'union,77526
rochford,71099
chatham,17731
hafnarfjordur,79267
augny,185899
settecamini,164641
sankt margarethen im lungau,98819
hohen wieschendorf,703108
nova russas,729359
castels,703876
trebeurden,11478
kanchanpur,719825
lauf an der pegnitz,116387
friar,727273
grolejac,547810
liezen,140522
erlinsbach,664881
praia da vieira,73285
vieira de leiria,20026
san pedro los baños,724963
stokesley,132550
kunak,211427
carambeí,169135
dum dum,728573
castellucchio,169310
sjötorp,726462
százhalombatta,115323
lambrate,165220
dagmersellen,170096
liesing,87057
ilaro,726441
condover,718809
bihat,724294
kirazli,67774
amana (ia),22325
mula,199535
varysburg (ny),667929
westensee,127184
nagashima,107496
martvili,713079
onley (va),104592
sawyer (mi),100747
tigard (or),14024
ocoee (tn),154072
odon,146241
verona (va),100891
port stanton (on),718358
griswold (ct),104234
gap (pa),514348
lovelock (nv),149817
melegnano,165268
botum sakor,716346
buffalo (mn),99687
lewes (de),100283
el tor,736816
lakehurst (nj),100248
kastelir,69906
choiseul,701071
meo vac,226401
sipplingen,861
saint-pierre-aigle,715033
misilmeri,176735
ya'an,79864
poroszlo,685624
baicheng,160925
tequesta,203624
sunny beach,19700
alfacar,73372
zatoka,665548
notsch im gailtal,544970
louny,110344
vylkove,723750
fresnillo,103079
baniyakund,728364
el álamo,198649
george (wa),735010
khmil'nyk,723727
förhult,171609
nendaz,86146
saillon,68033
rottenbuch,117162
nova mutum,729032
kaufering,116203
odenton,147845
lindlar,70195
le pouzin,77447
saint gratien,194129
marchaux,20492
ronchin,87548
lescar,20473
mers-les-bains,77584
grigny,77285
perrigny les dijon,192971
rubelles,77930
saint-pourcain-sur-sioule,666237
villemomble,195578
roye,77929
vranje,105447
mielenko,668060
saignon,513527
ulundi,11872
berre-l'étang,186335
lundsbrunn,175956
sala comacina,292821
port de lanne,87522
plonsk,706202
ostrow mazowiecka,668129
port-saint-louis-du-rhône,193253
hoddesdon,130393
rosyth,132044
unterweißbach,127727
cazouls-les-beziers,715173
thirroul,141940
lara,143112
miami gardens (fl),78832
hardisty (ab),726133
guisguey,198954
auterive (midi-pyrenees),720635
bornem,68639
loppersum,72445
saftica,665407
aasiaat,110849
mazotos,664311
quba,700897
borovlyany,706785
la font d'en carros,713402
gualchos,198941
montpelier (vt),79892
massillargues-attuech,191901
mango,165946
bordeaux-saint-clair,547492
sayaboury,671704
skrova (nordland),735716
amriswil,166718
reinhardtsdorf-schona,686055
meyerton,720362
flintstone (md),104170
saint-vincent-les-forts,715090
siroki brijeg,663826
winwick,133313
gwadar,711907
ghardaia,700968
fergana,200401
punta islita,719763
es senia,725816
gardna wielka,704896
ap thap muoi,216614
lidroo,734391
beaurepaire,186225
gia lam,115695
dallas (pa),736427
oberharmersbach,70721
friendly beaches,734705
alsager,68192
stromsund,102853
silvana,155534
ouled yaic,725822
amba,724229
kingsland,130686
blida,143740
tongano barat,734899
ariyalur,719681
ain benian,720514
basar,724275
serrekunda,105415
lanchares,704555
venetico,76669
janaúba,174295
gran roque,719344
boumerdes,700964
tenacatita,23640
bretforton,722728
virgínia,718540
pierrefort,193029
pontpierre,193224
neidlingen,177353
ongole,671698
ferozepur,724187
bijnor,724295
gurdaspur,728335
autlán,167191
shahada,732243
cheriton bishop,128901
chikhaldara,724321
brampton abbotts,722729
rhoscolyn,131970
eßbach (thuringia),731366
careiro,694477
astravets,732436
francisco villa,724855
erpingham,722884
cliffe,129004
maracaibo,13662
uig,705899
costessey,86705
a capela,671805
bobbing,128435
fincham,129743
talbot green,721566
ponte in valtellina,715905
venise-en-québec (qc),726091
westby-with-plumptons,719550
perućac,723565
downey (id),735355
ower,86825
great glen,86742
alanson (mi),99507
red hook,732409
lamont (ab),175343
east meon,129506
marsa matrouh,102649
san cristobal,103479
woodville (tx),672129
west hills (ny),718689
ephraim (ut),104150
cormier,733498
spanish,181468
serule,726783
milagros,728046
warings corner (on),718361
berrechid,736913
val-morin (qc),718376
tizi n'tacheddirt,719063
tamnougalt,718873
san jose de buenavista,719783
brewster (wa),735013
mercersburg,153190
hanksville (ut),100087
waymart,153593
guayana,144295
skiatook,152415
belo monte,719190
tooma,734688
gondar,725325
gingoog,738812
kiyokawa,108728
shimogou,254044
ono (gifu),720829
wiang kaen (chiang rai),669514
thaha,725763
kumbet,709036
köprübaşı,728776
benteng selatan,734885
sereflikochisar,671089
blunsdon,128430
mentawai island,512984
kirsehir,664645
maratua payung-payung,734788
epirus,19731
jimeta,726436
turgutlu,685680
vranas (attiki),736878
avyerinos,235712
lichinga,105402
isen-cho,249303
danehill,130462
nishikawa,107940
ljungbyholm,175751
oumu,720838
slawi,728075
finlayson (mn),514358
kamijima,249849
arsin,685660
bando,108463
shikama-cho,253937
kawakami,107796
shiwa,107364
dighton (ks),717391
seoni,724655
shiiba,253920
susaki,107366
shivpuri,390153
nakagawa,106202
kolli hills,721606
masvingo,102951
otsuki,108854
plankinton (sd),706114
bifuka,106713
san leonardo,712661
seiyo,253786
commercy,187800
kalaloch (wa),720206
wasungen,127746
sidi bel abbès,143749
bonorva,168312
delano (mn),718308
mexican hat (ut),17558
wormleysburg (pa),105022
muara enim,513323
beuron,705492
kelsall,130594
delta,142197
berrima,141418
russell,179763
mason (tx),735536
honnebail,724408
llangadfan,723073
wappenham,721573
north randall (oh),104571
kateel,739146
altenbeken,121733
sloboda,110588
kemble,130601
inegol,102808
orhangazi,178008
miyoshi,106199
corn island,694001
taldykorgan,195908
san miguel de los bancos,725840
papantla de olarte,685902
punto fijo,103478
ez zahra,719662
eisfeld,127322
saint-georges-sur-loire,666135
limbe,102755
saint-etienne-de-chigny (centre),714808
piantedo,165338
phanna nikhom,214330
oakford,131568
marsden,70359
velturno,183109
tafuna,671768
stone harbor (nj),150228
colleville,187760
as ferreiras,727557
loleta,202321
grand marais (mn),104223
russellville (al),104715
zighy bay,79614
lamongan,390129
bowling green (mo),99656
kribi,664471
ziguinchor,513023
touros,669281
marechal deodoro,176307
byala,23092
inwald,102273
podgorzyn,72774
sambade,712514
yozgat,183940
kozakli,664648
kula,102147
ag. panteleimon,720336
preci,668973
orta di atella,715848
bresson,186813
schlierschied,686066
lochgilphead,130999
annan,128003
ballintoy,86658
port mcneill,178874
maniwaki (qc),86259
ayers cliff (qc),167231
point arena (ca),104653
north ridgeville (oh),100508
moclips (wa),667874
chania (agria),718588
villamanrique de la condesa,717475
torrico,73901
kyllburg,102182
chvalovice,109573
madang,8460
somerton (az),104788
hamilton (ny),717887
acayucan,706488
sarıcaali,728889
sangano,76461
mbale,701287
rajgarh,724758
hambleton,130139
maentwrog,131128
melling (lancashire),723124
el khroub,736220
taghit,711800
puspanegara,734737
sungai danau,734777
osakikamijima,253265
satte,108245
cuffesgrange,668236
asperen,184130
marmolejo,717468
yeşilköy (bolu),728991
morlon,102882
dogana,88740
teufenthal,182142
santo tirso,73304
wieringerwerf,72599
doenrade,72338
wiener neudorf,139467
barna,72867
sangho,718138
port coquitlam (bc),12554
bamburgh,68444
weilerswist,71985
sedlescombe,71386
knighton,6120
laceby,130758
coupar angus,708133
fern down,69239
susa,76588
san massimo,668916
gamberale,88441
bosisio parini,165019
boltiere,75549
trent,86607
bagnolo piemonte,165770
teningen,102195
grossbettlingen,69469
grefrath,86393
heric,77303
niederwiesa,125648
rainhill,86837
saint mihiel,666186
bouzies,76958
grant grove (ca),736039
tavel,78184
homewood (il),201974
pont-de-l'isere,714535
fontenay-sur-loing,77227
lightning ridge,728406
happy valley,173141
menongue,712051
sangkulirang,711978
minamidaito,720845
el oued,103445
barquisimeto,21036
bou saada,103444
kanalos,237461
pamalican island,720022
bontang,161771
maroua,736519
tacloban,181894
stanton fitzwarren,721559
framilode,99471
libreville,20639
mlolongo,726730
zeralda,103448
fota island,737078
bahraich,718066
finikas,72991
el peñol,726682
vita,737283
giuggianello,712823
podsreda,111099
bustarviejo,198292
montier-en-der,665821
knights town,707152
godhra,719010
sobotka,158268
pefkali (korinthia),719983
algarvia,719755
nordestinho,688417
slani dol,719921
ljubač,727990
zvoneca,703517
palamartsa,686297
tribanj,544747
zejtun,184005
ribeira cha,705820
ekatondapiliani,236367
akrotiri (cyclades),728307
savar,707593
strada,88617
otzias,240599
tokoroa,110815
pokok sena,211693
l'ile-d'yeu,548043
serpentine,143536
martis,176395
milagro,711390
aguilar de campoo,87765
bawal,739556
courpiac,547653
canaules-et-argentieres,714510
oulad brahim,718871
orgosolo,178006
villaescusa,718396
rogno,715960
burgos (surigao),702020
san jose (nueva ecija),180131
pili,178649
marabut,728039
brolo,18788
torre chianca,712501
hubbangeri,724412
ljutomer,111159
monte seco,694502
alforja,706586
ngwala,712069
mezquitilla,199460
fuzeta,712819
goudargues,547795
dauchingen,170157
holmen,155964
little paxton,130929
albissola marina,75445
velika planina,726423
bau-bau,709492
al ruwais,246505
irosin,737589
ceska lipa,109717
liaoyang,160983
heavener (ok),78795
rockledge,203213
villaviciosa de odon,20031
castello tesino,668499
sisal,665668
ayegui,73405
fondón,198818
langenmosen,731132
alandroal,669290
leitchfield,147083
saint bernard,193920
parada,701838
ejin,409148
hegang,160438
jixi,160451
qitaihe,160471
meolans revel,665754
trecate,166090
trinitapoli,182495
paszkowka,72771
castillon-la-bataille,187144
quintanilla de arriba,87969
whalton,708613
seongju-gun,212999
sant' agata li battiati,705152
amatrice,715398
shangluo,161070
harrold,153885
gò công,737290
pietroasa,707431
kvariati,723498
buon buor,219537
susak,136376
quevedo,705364
dietmannsried,68989
baleira,727229
viedma,109055
pader,701298
turkistan,733512
ban yen nhan,218832
huanuco (huenuco),716328
mansoura,110501
ain sokhna,98986
nabunturan,737236
mancagahar,734743
hokuryu,106738
marston (mo),100361
selama,211860
sik,211890
mota del cuervo,718421
spille,732930
vilopriu,701968
termignon,103597
lai son,224719
han-sur-lesse,69563
sisseton (sd),104778
frankenried,69283
villarente,701966
nakskov,197028
saint-symphorien-sur-coise,194437
dufton,129425
bodinayakanur,717433
kayadibi,728949
österfärnebo,178100
presteign,663971
mindelstetten,116590
sogliano cavour,181303
huklyvyi,723668
timberscombe,708559
hodyliv,723710
montecorvino pugliano,512819
wietze,72084
sepekov,693662
manzanita (or),152542
gafsa,86181
gladwin,148370
sandwich (il),79897
coombs,129093
sorbo-ocagnano,687484
castellare-di-casinca,187132
kakamega,726719
sasaram,724652
dar bouazza,712113
aydat,186000
altındere,728806
dong trieu,221872
choctaw,152245
pizzoferrato,688278
balfour (bc),737296
providencia (saltillo),718633
el coyote,170863
rosendahl,127016
schesslitz,71292
dhaid,170289
phutthaisong,206715
phuoc long (binh phuoc),728005
naples (ny),514234
nancay,192526
loipersdorf,1697
sussex (nj),736401
gujrat,110561
huangnan,161478
haibei,416489
lincang,161393
caopuqian,396563
nagqu,442469
ngari diqu,444302
baisha,160217
aral,391107
haidong (qinghai),416512
ergun,409206
mala ivanča,733721
anambas islands,717277
ch'e-chan,398277
nyeri,200459
balsas,167435
matrice,165671
sematan,211865
namu sialang,734925
crossac,547671
bracca,725685
tongchuan,161083
qiongzhong li and miao,492745
dereceören,728994
hooghly,114788
naro moru,707351
montecastrilli,176896
theth,732919
saint james city,203273
ennetieres-en-weppes (nord-pas-de-calais),714531
sint maarten,185078
eynesil,728795
bida,737294
augst,664809
isthmia,73004
kalamourida (ikaria),719951
rimbo,179468
saint-gaultier,666132
penryn,131730
van chan,232745
daronda,720954
sceaux sur huisne,666275
fulford,129844
naibos,734719
madhepura,732248
rayagada,114664
sicignano degli alburni,715301
portela,732449
mundi,739223
dehri-on-sone,739471
nabadwip,724204
air itam,734726
jussey,189673
westhouse,195750
huguenot,173814
artibonite,700437
dixcove,726620
banga (south cotabato),736093
sarikei,162439
kuantan singingi regency,737398
kota pari,734932
utarom,725516
tembilahan kota,734870
ostrozska nova ves,110463
doshi,107264
chintpurni,724324
tömük,728846
tanga,162512
babo,725255
montfrin,687108
kupand,713050
magetan,246861
buronga,728564
manmad,724529
savanna (ok),667909
salamiou,707555
banjar,724262
newmarket on fergus,18556
long wehea,734795
olda,76170
kotabagh,719831
bukit kayu hitam,207999
cranleigh,129178
sicasau,707609
nieuwpoort,4524
ijevan,710479
schroon lake (ny),104736
ar'ar,243768
luisiana,737475
north muskham,718152
moosonee,176966
ecka,723532
coria,87842
montefortino (fermo),715795
meschers-sur-gironde,192038
walgett,717273
nebbi,701296
oberschwarzach,716816
shawinigan,180882
navahermosa,727384
oggiono,165303
prevalle,717034
catia la mar,103459
jaunpur,717282
egg,140042
sinzig,71471
tapejara (rio grande do sul),729245
talayuela,88003
pine bluffs,156192
urbana (oh),514120
brookville,200853
morgan (ut),737300
vettelschoss,71874
saint-morillon,194315
chabeuil,187245
sea bright (nj),718008
airole,688114
amerang,166690
moyogalpa,733896
kami (miyagi),720841
chitrakoot (madhya pradesh),720949
kawabe,107427
wills point,154769
mpouka (ilia),719931
melanes,239749
chalkis,72978
andizhan,200399
maselheim,70368
novi pazar,105440
corbeanca,169867
weaverville (nc),514102
bekopaka,711943
singletons mill,728427
plelan-le-grand,193080
sungai penuh,728078
pedro meoqui,720293
bulak,161644
xcalak,665689
montlhery,709343
bikal,671720
le corbier,513143
obersaxen meierhof,665041
sobrado (galicia),727266
wood ridge,150266
ruppertsweiler,124893
ga-boelang,733219
el tambo,725852
cavle,544664
tuy phong,232702
corberon,187860
priekuli,87150
lliber,199289
vaalwater,78714
amarkantak,390133
sarola,724651
trecasali,164030
surry,147652
gurtnellen,665080
aurora,167183
milesburg,153203
villaverde,200354
saint-jean-de-fos,715045
ipsden,130556
gannaur,724373
banos de rioja,704422
garryvoe,732607
celestun,103070
osterspai,663775
codlea,169725
vega de pas,717697
cibeureum,734736
butterton,128715
acqualagna,75434
zsira,664544
san mateo atenco,180166
cananea,703006
headingley,69613
vladicin han,669447
stanwood,148609
kirkhill,130730
burghclere,128675
chippenham,15117
lechlade,70134
whitchurch (hampshire),723437
waukon (ia),104958
ejido km treinta y seis,724836
atitalaquía,718625
granadillo,719432
sialkot,110576
neemuch,390149
seeta,725733
lower brailes,86788
hammar,173071
jambrung,724420
ladik,702542
bonghwa,212240
kimhae-si,19481
cheras,162228
begelly,68502
monterubbiano,688250
mastershausen,124689
boiensdorf,703068
da tham,220906
rancho murieta,725077
mandla,724521
barog,738813
rattota,736594
sonning eye,723300
tregarth,708573
norham,131494
hawkchurch,69604
broughton in furness,686125
wirksworth,133314
cornforth,129110
castleside,128814
newton blossomville,721533
glaston,99474
tivetshall saint mary,723382
west wickham,133134
lyddington,70297
benfleet,128279
new mills,131441
royston,71146
walsingham,132992
williton,102214
alveston,68224
sherburn in elmet,132261
sangareddy,739508
kamena,711297
chikkaballapura,724186
vazhoor,21043
tocina,667593
ovwian,726432
carandai,694475
igrane,544680
saint-prex,179940
kafr qasim,143821
kiowa (ok),100222
lanchester,513423
dewlish,708153
oakhill,131569
bosbury,708076
crockham hill,129197
gross sarau,663588
coxwold,701673
alderholt,127952
kidmore end,723018
cerne abbas,128840
copplestone,706017
llangynog,708357
little waldingfield,723055
new romney,131444
nefyn,70563
ditcheat,129367
dabhoi,734285
pallikkara,739635
chas,724314
zetting,714288
guachaca,726717
hadsund,196536
inđija,723538
melun,841
tillé,195050
melton south,720555
treillieres,20600
saint-julien-en-genevois (rhone-alpes),713922
ploumagoar,87516
villers-semeuse,20622
seilh,78432
essomes sur marne,20407
emerainville,15168
le chesnay,20462
archamps,20333
mellac,87445
cormontreuil,77120
alixan,76785
camalu,693970
longnor,131043
uzice,105446
finnentrop,122444
hentland,722973
barnstorf (lower saxony),731408
coripe,717473
pateley bridge,70854
ryburgh,723262
chirbury,128947
brentor,708087
manston,718813
queen camel,131900
llanidloes,86784
wadhurst,103346
aylesford,103228
llanwrtyd wells,70232
morley,70495
rufford (nottinghamshire),723257
meysey hampton,131264
galashiels,103265
furstenberg-havel,703087
brasted,128535
lumphanan,708376
hampstead norris,130150
greges (upper normandy),713994
tournon-saint-pierre,715049
moulis-en-médoc,720642
aragon,185734
simiane-la-rotonde,720790
regules,512767
cabarceno,701644
suevres,87640
clairvaux-les-lacs,547619
beausemblant,186228
peyrat-le-chateau,687191
perrigny-sur-l'ognon,192972
castroviejo (la rioja),727640
varilhes,195299
lugon-et-l'ile-du-carnay,714545
saint denis de gastines,193976
guipry,189303
oudon,192823
rogues,720779
socx,194756
plumeliau,665952
joyeux,189654
barbeville,186089
torralba de oropesa,200123
picinisco,164595
grantola,715684
busnago,668488
saint-georges-en-couzan,194092
pouzols,708748
aspiran,185842
xouaxange,738826
tours-en-vimeu,666404
chamery,686654
saint-jean-de-thurigneux,194168
incourt,189543
orleix,665890
carataunas,713293
lezardrieux,548034
llanarmon dyffryn-ceiriog,70219
maenclochog,129890
stratfield mortimer,723341
walcote,723407
east linton,708172
brewood,68688
newark upon trent,70633
hofstetten,173621
niederkruchten,123421
newcastleton,131459
grain,129974
bridgend of lintrathen,68692
cranborne,129174
wantage,71948
north elmham,703231
macduff,70304
kirkby mallory,130725
ecclefechan,18951
biggar,16388
kilmichael glassary,708296
hardham,130172
mobberley,131320
pont-sur-yonne,738834
kvinnhult,702763
mittenwalde,70462
pakham,206473
ledesma,667148
gundlupete,724387
pruggern,140642
burray village,68768
login,131010
walkenried,121572
inverkip,130554
muhlacker,70514
beltheim,716937
penselwood,131731
barrow upon soar,128200
tamm,71655
volkesfeld,713610
hage,120635
steeple,132512
rumburgh,708481
hinderwell,703218
odstock,131584
llanfachraeth,708347
honingham,69768
wanlockhead,708586
cooling,129091
holburn,130402
blackhall colliery,722644
great yeldham,86745
ufford,719295
milborne,131281
llansannan,708360
west camel,711586
higher wambrook,130355
bressingham,128560
montacute,70476
tal-y-llyn,86862
egloshayle,708180
tavernspite,132686
chute forest,722794
hatch beauchamp,69588
gager / rugen,663542
stedham,711532
wigton,103355
greetham,722948
euston,129648
normanton,76741
ottery saint mary,131628
cold aston,722807
corbridge,129103
silloth,132321
fawsley,721499
longframlington,708368
charmouth,102205
portesham,131824
barnham,128189
brulange,547524
bansud,737302
cushendun,701678
althütte,166620
weisenheim am sand,125021
kirton in lindsey,719298
tarvin,86866
hatherleigh,722967
clipston,129011
ponterwyd,70918
tendring,132706
wool,133373
bottesford,128474
tomatin,71733
capelulo,717254
skaill,132333
broadwoodwidger,128609
foxham,129815
pontarddulais,721541
blackfordby,722617
ripponden,721545
lower lemington,708372
brabourne,128497
boxford,128493
neroche,711531
porthallow,708455
waterston,133039
templeton,132703
modbury,721529
langholm,130779
eichenbühl,737701
abersoch,705445
ashprington,722706
dunsfold,129446
wootton,133385
west rainton,133126
albury (surrey),722679
laxton (nottinghamshire),723041
boyton,722691
crook,129207
bolney,68627
ellerby,711228
treverbyn,721570
priddy,131860
staveley,132506
dickleburgh,129351
great massingham,708224
oberlungwitz,125659
saviese,180587
kidapawan city,705965
saint-antheme,666047
belvédère (provence-alpes-cote d'azur),721413
cabezon de liebana,87809
servillas,712763
sainte-marie-de-cuines,194029
broglie,186881
chaudenay le chateau,547604
althen-des-paluds,76791
sylvereal,87642
le pallet,190806
breitenbach,186800
ledenon,87410
omonville-la-petite,719262
montdoumerc,665813
saint etienne sous bailleul,666078
queige,694284
anjeux,721194
saint-sernin-du-plain,666245
argoules,547382
allauch,76787
azas,186007
cabrerets,547533
thiviers,195006
bahceli,735644
castelnau-de-médoc,720643
gorrevod,686830
triel-sur-seine,706296
bernieres-sur-mer,715183
sainte-gemme-moronval,194014
san martín de valdeiglesias,199925
pibrac,193017
tresques,195149
crest,188044
saint-martin-d'aout,714988
revigny-sur-ornain,666011
pont-de-poitte,714345
freland,87344
saint-amour,721016
la barthe-de-neste,686894
le barp,190559
saint-paulet-de-caisson,714743
le pellerin,190816
anievas,666646
sant feliu de pallerols,667506
listrac,191430
saint-jean-de-ceyrargues,714972
eclaibes,714108
griesheim-pres-molsheim (alsace),714096
valentigney,195247
torigni-sur-vire,195065
couffy,715191
soudan,194807
meynes,192069
fresneaux-montchevreuil,686809
canillas de aceituno,198376
orion,87499
mottier,712726
argenton l'eglise,547381
salles-d'aude,711694
épersy,188433
héry,189437
polanco,667379
trebuesto,200155
beaulieu-les-loches,686560
roubion,687270
la ferte-alais,189931
enval,87329
rosans,704246
posada de valdeón,390231
mas-saint-chély,720765
ferriere-la-petite,714154
saint-paul,714908
prehy,704220
nordheim,192644
muchedent,714982
riventosa,87546
la garde-freinet,189959
lamoni (ia),100255
saint genouph,194083
agay,76772
trepail,666413
carlton (richmondshire),719304
lower halstow,131070
rillington,131981
morton (wa),672115
tynemouth,71802
palmariggi,709681
east dublin (ga),201393
winfrith,133288
flamborough,708194
reston,131965
madeley,131122
rode,132015
saffron walden,132097
chatteris,128878
lydford,70298
highbridge,69691
great asby,708220
great chesterford,130006
framlingham,69279
sibson (cambridgeshire),723288
mundford,99488
collyweston,722814
cornsay,129113
shilbottle,708499
sark,716425
crookham,129209
melbourn,70398
bentham,128281
ewelme,129659
herringswell,722975
cholderton,128957
shouldham,723284
cadnam,68779
gwennap,708237
snape (north yorkshire),723297
ettington,69200
charing,68821
moorhouse,709048
breedon on the hill,128554
south petherton,132411
magheragall,131135
woolpit,133377
milnthorpe,131295
inkberrow,130550
carradale,68797
calne,68782
llanfyllin,130968
thornham parva,719296
thornton watlass,132749
burg (dithmarschen),713722
edmondbyers,129564
buscot,128706
swineshead,711528
repton,71050
flyford flavell,722901
froxfield,69305
helpston,130292
potterne,131839
aylsham,128110
bowsden,708079
south witham,723307
blyton,128433
detling,129348
baston,128216
llanfair talhaiarn,130962
marton,131202
lauder,130801
great ayton,708221
scarva,132167
harthill,130201
kircubbin,723034
alvescot,722680
king's stanley,130676
hampton poyle,722962
lindfield,130874
burwash,663842
north cerney,131501
shrivenham,132302
elsing,708184
pyworthy,708465
rainton,721543
green hammerton,130053
straid,686165
dalwhinnie,68938
balterley,719557
magheralin,131136
stogursey,708532
carnteel,722778
little bollington,723051
ardingly,128023
upavon,132914
walsheim,125008
ivybridge,130573
glencassley castle,734147
allington,127969
great ellingham,708223
mendham,131240
whitney,133219
motcombe,131365
malborough,131143
exhall (warwickshire),722889
hethersgill,721509
fundenhall,722914
hailey,69533
broughshane,128628
mondon,665785
reinhardshagen,706326
schliengen,180652
daisendorf,68933
trie-chateau,706351
jassans,189612
bruyeres,186912
saze,87622
chazey-sur-ain,686672
chambéon,187288
ange,711110
landivy,190385
saint-nazaire-d'aude,194318
la cadiere et cambo,547867
conde-sur-noireau,187820
kircheib,124590
ligne,191389
bethon,694161
guacalito de la isla,719336
skibotn,138276
ta khmau,710934
rolvenden,132028
caerwent,128730
carstairs,722779
acomb,127922
seaton valley,723274
fakenham,69217
fen drayton,719568
buckland monachorum,128648
edington,129560
coughton,129143
cononley,669521
sandhead,708488
holne,130421
nercwys,723157
breage,708086
beulah,128302
gifford,86738
capel garmon,708103
trefriw,708571
pwllheli,131883
trudoxhill,132870
south warnborough,723305
brafferton,712385
polbathic,718816
scole,71379
downderry,128009
rake,131927
moorlinch,723143
west pennard,133124
thornham magna,721567
hanley castle,69561
wybunbury,723471
shillingstone,132272
south brent,132389
walton on the naze,719708
bolton le sands,708073
thurlestone,708556
crowcombe,708142
stoke row,723337
upton magna,132943
quendon,131904
marnhull,131187
east ilsley,86722
market deeping,19054
crayke,708138
hook norton,130435
rowde,132056
donhead saint andrew,129374
the forest of bowland  - scorton,663975
long crendon,131016
hildenborough,130361
shiplake,132278
cynwyd,708149
ibsley,130518
loddon,701779
ball,128136
swainsthorpe,723350
sulgrave,132615
isle of whithorn,708287
kilham,130641
how,69799
buckerell,722689
dorum,120376
stourton,132572
newton poppleford,723178
henham,708519
nafferton,663906
avoch,686119
chapelhall,128862
moor monkton,721530
maer,131129
bardwell,68459
north rode,131522
dymchurch,69070
easington,129473
lerryn,130847
plaitford,70895
eastchurch,69078
peasenhall,131702
achmore,708018
morfa nefyn,708396
doune,129386
birch,128339
warehorne,723413
spennithorne,132438
bourne,68648
bachhagel,713697
gorisried,663579
bad colberg,685952
insel poel,716871
sidcot,132311
falkenstein/harz,717180
holme upon spalding moor,708259
pembridge,131712
sedgeford,708495
watton,71972
holton,130424
freeby,129825
soberton,723299
bourton,128480
duns tew,69057
manby,723112
weston-under-wetherley village,723433
whashton,721580
thropton,132763
west keal,133108
sherington,132264
nettlebed,70575
compton bassett,129073
darley,129305
woodbastwick,723462
grove,130087
dürrröhrsdorf-dittersbach,731375
welschneudorf,86629
dousland,708161
acton bridge,722649
eldersfield,129579
magherafelt,131134
hermalle-sous-huy,134235
castlepollard,159453
avoca,105057
crupet,68921
kingscourt,159069
cahersiveen,72874
ardara,72854
yoxford,133458
seybothenreuth,117339
rufford,71153
thalfang,71693
shiptonthorpe,721549
compton martin,129075
queenborough,131901
ralingen,686054
dolton,706608
coltishall,708124
chilcompton,128925
heydon,130331
hagworthingham,708240
newbrough,131456
st giles on the heath,721555
inverasdale,708278
portreath,131831
marsham,70361
barnby in the willows,722609
wissett,708619
fortrose,686136
wistow,133320
nawton,86808
cilmery,722795
hunstetten,717118
amroth,708028
castle acre,68803
groomsport,130085
barley,128181
ladock,708317
lugau,125572
weston longville,723431
newbiggin-by-the-sea,131452
montegut,192261
dorset,663856
mountrath,159331
longdon,131033
fagnieres,77201
magnac-laval,191634
chinnor,68836
castle cary,68805
grabels,189147
tottenhill,723385
putgarten rugen,663788
rosslare harbour,732609
alice town (central eleuthera),725758
red fir (ca),735331
nyagatugu,711414
willebroek,133873
tinglev,197587
lundi,734556
tveit,735840
weimar (tx),100930
solochyn,723639
seine port,194640
saint-féréol (qc),726038
athens (ny),735477
keene valley,150781
mays landing,150105
purling (ny),151025
walden (co),151202
syracuse (ks),736014
red cliff,203143
creston (ca),735065
whitehall (wi),514092
newark (ny),100495
lummi island,155461
andover (nh),667783
noonan,151755
charlos cove (ns),17461
damascus (va),717369
nipinnawasee (ca),736635
orr (mn),104595
onancock (va),100537
cumberland gap,153983
eatonville (wa),155412
wintergreen (va),105013
jaffrey (nh),514306
havana (il),735996
warwick (ny),514109
pulteney,151024
scottsville (ny),514151
monroe (ga),104485
laughlintown (pa),735489
cluster springs (va),720173
springfield (la),672133
saint-joachim (qc),726037
strathroy,181710
chester (vt),514406
grenville-sur-la-rouge (qc),663275
cayuga (on),663232
dungarvan (waterford),737726
simpelveld,145714
conches-sur-gondoire,713927
zivogosce,544759
sugar hill (nh),78877
westbrook,709763
shevgedang,724660
bepton,128286
kasserine,716386
punta chame,667748
sagvar,67729
panormos mykonos,240821
serhiivka,723752
fay-sur-lignon,694198
niederstetten,12069
kerava,111779
send,132209
bubbio,164716
moosup (ct),104497
kemmannu,739625
châtelaudren,187464
maitland (on),718359
dozule,188303
campagnac,187040
demi-quartier,87316
puget,193356
montaren-et-saint-mediers,715203
le mesnil-eudes,704073
am salzhaff,713638
castaneda,666825
denny,103254
buildwas,128660
santa liña,199979
randolph (ks),736118
reinholds (pa),514175
camden (nj),737305
homer glen,201970
toeufles,687514
eskibedir,728892
ehringshausen,118808
roddino,668869
rangsdorf,71004
unterageri,68067
bad duben,68336
lynsted,131113
pagolle,705775
sokyrna,723777
athurugiriya,710198
la cumbre,664197
juanga,734818
balsta,102831
seagraves (tx),154663
kopparberg,174926
tumbarumba,719717
kumbağ,728888
bima,161869
baran,724269
puget-theniers,665972
cazaux-villecomtal,714056
durfort-et-saint-martin-de-sossenac,188333
la tour-d'auvergne,547907
dampierre-sur-salon,21623
poligny,7364
algajola,21504
arluno,102293
morro d'alba,163748
adrara san rocco,715379
buti,168810
inishbofin,719653
inishmore,668249
glenfarne,707017
collon,706872
vex,665309
vegby,183092
banagher,72866
maricopa (az),104439
pauma valley (ca),735063
lula (ms),736151
les moutiers-en-retz,721306
lake forest (il),88103
pitimbu,669243
la vendelee,547911
pyecombe,131884
saint-yrieix-la-perche,78402
alzonne,185617
embreville,188402
berlaimont,186318
rorschwihr,715118
samois-sur-seine,78411
isle brewers,708286
sutton valence,132637
llangynidr,723080
salford,8544
fraserburgh,129822
strete,708539
zirchow,706554
binbrook,703194
essey,715041
llanbrynmair,686147
castle bytham,722781
wilnecote,133268
steeple ashton,711533
starbotton,708530
tintinhull,132800
mesquite (tx),2907
nipigon,177476
les éboulements (qc),718044
pulo indo,161875
blora,706227
merapi,161838
shimokawa,254078
rio bonito,179484
allithwaite,722650
howqua inlet,718159
serang,21936
penha garcia,669365
east preston,129511
lütjensee,731508
castroville (ca),200981
wendorf,119983
sierpe,701913
al 'ama'ir,243972
champagny-en-vanoise,87283
breamore,128544
stokovci,703472
salles (aquitaine),713910
isiolo,726721
dete,672880
kajjansi,725091
ruwa,737311
rwesero,734017
lokichogio,732429
kariba,719719
bumala,726734
mbita,726732
midlands,700511
ntungamo,701297
quelimane,711942
wakiso,701306
machakos,200457
mityana,718903
bondo,726733
asmara,21194
rukungiri,701301
kisii,200456
bovey tracey,68652
nether wallop,723160
vestric-et-candiac,704727
azinhaga do ribatejo,669306
ferrette,188645
neukirchen,716983
sint-genesius-rode,71466
belo sur mer,737740
rocester,719706
la baume-de-transit,189766
vyans-le-val,737313
selonnet,78434
saint-mathieu,704293
saint-genis-des-fontaines,715025
la bâtie-neuve,721424
lozzi,191566
les essards,191129
saint-paterne-racan,666171
fougueyrolles,686803
ambazac,185623
rontignon,193694
castets,390249
jurancon,189670
lumio,77525
steenvoorde,194858
la roche-des-arnauds,720788
jijona,103706
vieiro,727196
pauligne,714967
villegailhenc,666473
wattignies,705917
montmeyran,192332
attignat-oncin,694152
jullouville,513228
le cheylard,190647
vimoutiers,195654
tocqueville,704699
montrejeau,714992
savigny-en-veron,714843
saint-nicolas-des-motets,707547
massay,191897
montigny-les-monts,714701
pfastatt,193008
saint-hilaire-des-loges,666093
bozouls,186759
marckolsheim,77554
torrecilla en cameros,704818
pesaguero,667368
champigny-sur-veude,706244
bergholtz,186315
el tranco,713133
trévières,721267
corsept,703914
ejulve,704487
chancay (centre),714704
millas,192094
gerde,77256
fronsac,188903
beranga,666724
sevigny-waleppe,714834
rimplas,687267
ouagne,192818
villers-bocage,666486
chenehutte-treves-cunault,16249
saffloz,193835
toucy,195074
saint-affrique (midi-pyrenees),720702
claira,187676
vienne-en-arthies,195496
villers sous chatillon,666489
lagardère,190312
macchiagodena,513674
prainha,512964
bettystown,105869
moate,159357
port wemyss,723227
wettenhall,721579
shotley bridge,132296
wighton,133246
lindisfarne,737731
todenbüttel,127145
distington,129366
east wittering,129518
instow,708277
bad uberkingen,68413
wendisch rietz,663944
boltby,708072
elsfield,129605
whitburn (south tyneside),723436
warnell,131469
bredgar,128550
llandybie,70224
sulhampstead,132616
cark,128780
abbotsbury,127906
luccombe,708374
eastoft,129530
letchworth,70157
trusham,703241
south luffenham,723304
snainton,132360
charlton marshall,722789
hartshorne,130209
kirk yetholm,86767
balsham,128152
kemnay,663886
alford,21534
whittonstall,133227
oldbury-on-severn,131599
langport,70101
wildsteig,686108
wierschem,86631
woolstone,133380
west beckham,723422
fishguard,17735
bromham (wiltshire),721590
bossington,128470
kings bromley,130671
bruton,128638
horrabridge,69784
torver,132833
tomich,708564
lütz,124673
engelskirchen,122361
antrifttal,663478
rossendale,86841
clyro,86700
ware,20016
maßweiler,731034
plawsworth,131784
bohlen,68620
southport,17749
graignes-mesnil-angot,721263
selaya,727504
sizun,194752
herve,134238
bertrix,686177
bodiam,128441
finchingfield,129745
warcop,708588
poyales del hoyo,667387
sea palling,708494
hickling,130338
droyssig,125988
phop phra,206650
nhon trach,115712
gangjin-gun,212448
dunchurch,721495
campo di giove,715265
arbucies,73390
withypool,708621
sheviock,719310
zeeland (mi),148658
sunggal,161892
situbondo,161758
patikraja,161732
warroad (mn),104950
lukove,685789
gallos,236922
skala u humpolce,545262
malshiras,734233
elsegem,664094
ichalkaranji,718092
great waltham,130051
gron,694420
briston,708089
rani pokhri,710830
kirup,737306
ardesen,737742
dersingham,86715
mashike,251360
grossbottwar,172614
mulungu,729179
canton (ma),717834
mells,721528
anna,197997
shamgarh,732245
gyeryong-si,212569
grâce-hollogne,718211
jerome (az),104315
big bear city (ca),514448
torgon,665090
bintang,161641
mayangan,734947
gartmore,129872
raisio,112499
toyone,255294
rosalie,702003
mailhac,714538
pougues les eaux,99055
mosnes,77653
noeux-les-mines (nord-pas-de-calais),714427
scionzier,78429
la chapelle-d'abondance,77334
mouzon,192485
saint-blaise,78253
le broc,190606
saint-joachim,719268
dieffenthal,77153
availles-en-chatellerault,76851
tulbingerkogel,139420
la loupe,190029
maisons-les-chaource,77547
zeanuri,73958
segonzac,194625
l'hospitalet-du-larzac,77492
cubry,188097
villenoy,714318
brezolles,186842
bouin,76948
draveil,188307
andelnans,547371
champagneux,547581
le pont-de-claix,77444
gratentour,189202
la verrie,190236
passenans,77727
bedretto,67859
daverdisse,68951
la ricamarie,547900
damazan,188143
la gouesniere,547887
arbonne,76813
davezieux,77149
anet,98999
caprarica di lecce,725556
shirakawa (gifu),720826
bitlis,664601
loa (ut),154826
abu ghosh,143955
pahang,17334
lambasingi,737663
monte san giacomo,715299
mourao,513054
opglabbeek,134538
north ferriby,70687
locarn,721089
kanakapura,724439
osa peninsula,19914
ampère,166714
gundiah,737677
great witley,69438
osmancık,728872
baligrod,156277
vanrhynsdorp,709464
king george (va),22973
camporgiano,688145
angel fire (nm),103863
forni di sopra,668604
vandans,545049
halki,668336
moya,736893
marignane,20493
kutus,735552
tororo,701305
wundanyi,735553
soroti,701304
iganga,701264
tsavo east national park,16905
kinazi,734014
kabuga,734016
kaathene,711822
viganj,686353
hunter (ny),104298
ag. georgios (olympia),719945
ripollet,103771
arrigorriaga,704416
crestwood,146992
sidhi,739597
shostka,711518
mabopane,733253
diegem,20678
ancy le franc,547370
cathcart,737560
rahim yar khan,513238
straden,140749
sabaneta de yasica,725963
shawano (wi),100766
aussonne,185932
langenhagen,70095
pulau derawan,734790
murbad,718070
lac-mégantic,175281
balbido-rango,688124
hogsback,173639
vredendal,665248
matsulu,723898
vioolsdrif,733246
letsitele,693906
castenedolo,88390
ménil-jean,191993
cardet,737761
tanjung morawa,719285
braidwood,141438
pôrto ferreira,178909
altenhausen,731055
wittersdorf,666513
ferrargunj,734264
chidenguele,737107
kilindoni,708867
mcgregor,665222
calima,685457
poso,736320
la phu,224649
rowlett (tx),100694
estremera,701694
lustenau,141083
lamotte-beuvron,547937
iritty,717281
wailly-beaucamp,676143
murphysboro (il),104534
aliwal north,702970
general rodriguez,19967
orfu,664530
sivaganga,114734
pernegg,140617
alfredo wagner,708899
pivka,111003
differdange,85876
khashuri,174709
puegnago sul garda,715929
dadlana,734423
tatvan,719208
adrasan,67753
binson-et-orquigny,547474
pinhais (paraná),720938
maserada sul piave,715745
claussnitz,125260
harsum,120667
inkoo,111588
guana bay,736242
adatepe,67752
vivoin,77880
azogues,167252
devgad,724339
terrebonne,152602
cizre,728737
schloen-dratow,716860
marinduque,512820
alozaina,73386
coruche,169919
breede river dc,736258
drosh,735626
nesso,668780
flint (tx),735083
chitral,735621
ngong,711825
superior,203563
hayange,189386
cidade velha,105418
alaminos,105669
ceylan,169432
kanagawa,18737
pozo negro,704621
callicoon center (ny),739641
monterosi,164569
plav,669456
naihati,739585
modinagar,739583
robertsganj,738794
golspie,708216
medici,727987
azizler,167251
coningsby,129078
porterville,712658
nubra valley,734215
ecrainville,686760
pojo,735872
ocotlán,177821
saint verand,194448
greenville (de),720045
miyake,108135
l'estany,727499
st. george,102594
klejniki,726380
vrigny,195719
mexilhoeira grande,736814
aubeterre-sur-dronne,703819
mesnil saint pere,665761
villasmundo,99197
gryfino,158883
honnavar,724407
lang chieu,224877
ulestraten,145733
garcia,172000
sumberejo,734746
san josé vista hermosa,724949
aritzo,75475
brugnera,75572
kaymakli,664641
ramanagaram,114563
bernau bei berlin,68533
ingram,154402
dundee (ns),718977
la penne,190104
mentok,734723
gricignano di aversa,716259
la vancelle,190232
phu tho,215124
syahi devi bagich,724683
gerede,728979
oudewater,184889
bab al luq,110527
uchte,121516
antigonish (ns),3280
pennington,23056
portel-des-corbieres,704211
villa cerro castillo,728119
czajowice,156545
algermissen,68179
montreuil (pays de la loire),713890
setanggor,734831
arrah,720005
birgu,712173
long bennington,129804
menno,153899
sundargarh,739362
tshituni,734544
easingwold,69074
nieuwersluis,547326
hung yen,115651
egernsund,196312
boursault,186721
olean (ny),2437
boothbay (me),736679
le lonzac,190744
seesen,7668
whittlesey,133224
lunay,694253
liempde,146072
targu neamt,21898
halligattu,724391
lindi,701078
mukundgarh,17289
el pajonal,736909
cyangugu,725292
kibuye,734022
namugongo,719353
butare,734027
lyantonde,725729
karangtanjung,719281
nocaima,707373
kristiinankaupunki,111891
kennett river,728388
olmiccia,720590
zofingen,184040
riverside,735970
netheravon,723161
straumsjoen,544845
civitella dagliano,88407
kingwood (wv),19848
moncucco torinese,165964
staffanstorp,181534
yablunytsya,701982
mareuil-sur-lay-dissais,687055
platanitis maronia,668414
faris,668344
seytroux,694307
sapele,180526
saint martins (nb),672177
dindi,717351
freyung,69297
okehampton,70770
generargues,715017
birkenhead,723908
runai,734076
marina di grosseto,76029
stithians,132530
kanhangad,724444
nanodra,710732
al rama,736858
taksim,181937
sembulang,734800
kleitoria (akhaia),719965
bakar,727962
dong xoai,221899
piscinas,669182
eglingham,129575
bengtsfors,167764
olofstrom,19243
aloxe-corton,76790
buaran,161643
pinsdorf,139826
krispl,140107
dargun,68944
bertogne,686176
oude-tonge,728691
bievre,68559
deutsch-griffen,729801
gesves,134735
salignac eyvigues,666252
beauraing,68488
pracht,124841
uitgeest,185226
gehren,120536
gondrecourt-le-château,734195
pouzols-minervois,715188
doische,686186
cinais,686683
voorthuizen,72578
goeree-overflakkee,713227
maurik,145145
twistetal,717123
bant,144571
oederan,125667
untertauern,71837
isla de arosa,687771
orino,715843
brotnice,732313
amel,68227
hamois,134744
zuidwolde,72623
crottendorf,68917
piobbico,163802
sternberg,119940
hooge-hexel,184532
st mary in the marsh,723317
vidochov,721634
colijnsplaat,184271
theux,71701
sorici,703463
cadillac,76986
stoumont,71597
veli iž,727989
beemster,713211
alle,68182
bernau im schwarzwald,68534
neubukow,663714
obrovac,544711
zeil am main,663964
vaires-sur-marne,714212
blankenburg (harz),717023
flassan,686789
abertamy,545087
somme-leuze,71491
rovershagen,716890
maring-noviand,86485
selci,716047
sesta godano,164912
uelsen,71813
milire,707871
steffenshagen,123891
sant'agata feltria,688311
excideuil,188565
swolgen,145726
lampertice,712712
carcabuey,198396
pontecchio polesine,688283
bligny-sur-ouche,714858
neu bartelshagen,713540
ausservillgraten,686386
schleusegrund,717016
houyet,69796
brainville (lower normandy),721247
tabua,21578
schoondijke,87184
trierscheid,713619
monte colombo,715783
niderviller,665839
citerna,163482
hart im zillertal,140895
san costanzo,163902
reißeck,729799
jacarilla,199027
neu poserin,717128
debeljak,703304
montbrun-des-corbieres,715018
sivry,701916
apecchio,668657
alcalalí,197906
dunes,547704
kleinich,69982
froidchapelle,718209
elburg,144991
allas-les-mines,185592
rtyne v podkrkonosi,109706
zemunik donji,727993
menigoute,706086
middenbeemster,184734
reusel-de mierden,713262
haarlo,145028
maslenica,703390
viroinval,732617
felines-minervois,708718
lalevade-d'ardeche,190346
salviac,194497
nova pec,545212
marsberg,70357
piteglio,178714
courry,686711
la tzoumaz,664947
castelnuovo di val di cecina,688165
saint-rémy-des-landes,721251
zlata olesnice,702450
ellscheid,713485
granaglione,715246
bathernay,703827
salles-de-belves,714439
de fryske marren,713287
mézy-moulins,734208
haserich,713718
basse-bodeux,68471
bilice,703280
plougasnou,87513
bullingen,134181
saint-germain-du-bel-air,687337
tittmoning,71726
bredene,68677
turnov,67523
obora,711416
gornji karin,544676
waxweiler,125014
saint-maximin,78351
satow,663792
zgorzałe,726848
riudarenas,73808
reddelich,731183
castellarano,163436
heino,184491
altenfeld,685949
buzancy,686610
villefranche-du-perigord,666470
wateren,686491
sellerich,686073
karwienskie bloto drugie,668092
fermanville,721256
mercues,4648
peyzac-le-moustier,715008
muldenhammer,709614
giroux,189068
saint-maurice-sur-moselle,715229
meisburg,686023
fresach,729775
coux-et-bigaroque-mouzens,715223
magliolo,705094
langewiesen,127487
hastière-par-dela,725717
idro,715697
wieda,72071
grands champs,189185
nisterau,713724
kato achaia,18678
nouart,687151
prats-du-perigord,715219
kattendijke,184579
vauclaix,105704
wijdenes,686493
warmenhuizen,87192
hamoir,664108
erezee,69174
radovin,732305
chiusi della verna,668530
kollnburg,686008
herisson,704001
grossbreitenbach,717215
alt bukow,703056
vaux-sur-sûre,725711
kopalino,726829
montemboeuf,687106
jablonne v podjestedi,545150
taxenbach,71670
ingenried,713655
bégard,186245
lirstal,686019
scheifling,140708
sayalonga,671793
haaren,145938
flobecq,133976
blowatz,716874
baderna,686317
lübberstorf,731494
spijk,145233
lantheuil,190432
tredozio,164031
carnoux-en-provence,77003
riederalp,21625
twenterand,713270
julianadorp,184562
grury,686845
almogía,197961
saint-julien-du-gua,194192
imotski,694114
san valentino in abruzzo citeriore,716021
jesberg,119040
wierden,185365
villanueva de san juan,738830
piller,686413
hérémence,173431
vessem,185257
pfaffroda,717194
west-graftdijk,185357
snargate,723298
gransdorf,713452
malá skála,109926
pratovecchio,163834
kaifenheim,124568
liebenscheid,686018
buzon,694171
reillanne,666009
chiny,68837
telti,182082
santa maria a monte,76475
kootwijk,686478
plombieres,686214
barchi (pesaro),715423
le faouet,87394
purullena,73797
saint-bonnet-la-rivière,721220
cerdedo,666854
fontenel,134728
grandfontaine,189180
saint robert,102245
auw bei prum,124230
stramproy,145721
schoonoord,144518
gerbepal,189020
belhez,68510
san godenzo,163920
jalhay,69861
murvica (zadarska),727991
mörtschach,138691
montsalvy,192378
galovac,709015
el robledo,687729
lambesc,190363
stadl an der mur,140738
benevent-l'abbaye,547457
tautavel,194933
gray,189211
neuvic-entier,721208
montclus,665812
besse (aquitaine),713914
oploo,184865
vila-sacra,726972
manhay,86902
visvliet,145476
monkebude,712725
motta santa lucia,715823
burggen,716822
niederaula,119224
juvinas,686884
mantinge,144480
deesbach,713701
steinbach (thuringia),713636
ampus,185647
mettet,725712
saint-maurice-sur-aveyron,714897
goldisthal,717013
faverolles,188608
fuentes de andalucia,667010
querrien,721081
nemojov,727817
sonnen,86591
hindeloopen,144691
marignac-en-diois,706270
lauwersoog,145401
gasselternijveen,144449
olst,184834
pomerols,193166
willingshausen,119545
mombaroccio,165573
lus-la-croix-haute,77527
herbignac,189415
sestino,163987
saint-leon-sur-vezere,714672
castigaleu,687688
noordbergum,144756
viano,164050
sprimont,134331
buisson,186934
muhlenbach,70516
aywaille,68310
thizay,714286
saint leonard de noblat,194233
schuttertal,686071
sibratsgfall,545008
aubel,68290
saint-germain-de-belves,714983
počedělice,727865
netro,688255
mossautal,663706
tabernes de valldigna,200069
casola in lunigiana,688156
portacomaro d'asti,668964
kortgene,72428
niepars,119869
heeten,184486
bettenfeld,124254
sant andreu de llavaneres,87979
ziano piacentino,165500
palzem,124825
saint-louis (lorraine),721226
ronshausen,703162
bozanov,707864
slochteren,145453
eschfeld,703083
ossenzijl,184870
iskrzynia,156901
saint-pierre-le-vieux (haute-normandie),713812
monterchi,705111
grives,686844
la omanuela,667347
molat,544708
falkenstein/vogtl.,69222
casalfiumanese,715524
eperlecques,188431
saint-saulge,666329
walkendorf,716883
geldermalsen,145010
sluknov,98965
frontone,163569
kukci,703363
saint-sauveur-lendelin,721248
sussac,721210
domart,188245
ribnitz-damgarten,717024
marktrodach,116528
ruederbach,687276
saas-balen,718282
pahl,116878
roquefort-de-sault,708754
łyśniewo sierakowickie,726851
bruck am ziller,140853
santa cruz do lima,688428
neuhaus (carinthia),729790
huttschlag,69812
stadlern,686079
poddabie,668122
koettmannsdorf,138650
talairan,687499
pego,87950
elsendorp,145895
grengiols,725938
lissendorf,663672
folleville,188740
xertigny,195788
plurien,665953
casarza ligure,668645
ventron,195389
saint-aignan (pays de la loire),713855
saint-laurent-des-mortiers,715011
molkwerum,686480
welschbillig,125028
uxheim,686099
le biot,704063
buchet,713539
saint-laurent-de-carnols,715009
kandergrund,664928
lage zwaluwe,146061
stroncone,181730
jestřabí v krkonoších,721655
denneville,87317
ponchapt,193185
le bourg-dun,686973
jiretin pod jedlovou,545160
wapse,72586
sourzac,719480
thurageau,195034
pioussay,193049
bouniagues,720671
picciano,162685
lichtervelde,135747
la bisbal,199072
weinsheim,125018
wolphaartsdijk,185391
zátor,727833
svinarov,736960
heers,732616
ripenda kras,709063
nans-les-pins,77667
heeg,72393
piesau,713590
beilen,144402
ripabottoni,688292
pernink,545227
serooskerke (zeeland),720990
diemtigen,721663
tagliolo monferrato,706248
schmogrow-fehrow,686067
vizinada,703493
oldenburg in holstein,663741
saint-laurent-de-la-salle,721292
guimera,687760
altillac,686507
treixedo,688433
stankovci,732301
san remo,6707
asnieres (upper normandie),715218
saint-pierre-de-colombier,720756
villenauxe-la-grande,737751
bovington camp,128482
owschlag,663778
la roche-guyon,706061
gulmit,737725
bayburt,664597
tirilye,719732
villanovaforru,2806
roccavivara,668867
bois-jerome-saint-ouen,714529
kolthare,710573
omuthiya,726940
saix,78404
abercraf,68126
çoturtepe,728957
gaitanion,236898
copperopolis,201165
tundla,739386
skala marion,242050
janjgir,724421
nuwakot,711908
sopetran,707636
rippingale,723248
monks eleigh,131331
spaichingen,181465
aledo,666622
goma,718843
moricone,712844
carinish,128778
majdal shams,545347
gerin,703249
zman,703512
restrepo,726662
tondano,738892
carro (la spezia),715517
garvestone,721502
calitri,88364
san paolo cervo,716006
chakrata,724311
milford (on),663327
colfax (ca),514398
valsonne,195281
caleta de velez,87819
riggins (id),100670
zukowo,72853
rogowo (west pomeranian),726826
ag. lavrentios (magnisia),719933
valgrisanche,88645
charikot,710315
godda,734360
vizianagaram,728372
adoni,724215
anakapalle,738890
chavara,739562
dwaraka tirumala,739476
shrivardhan,724666
kanchanjuri,724441
al 'arin,243985
azeitao,88682
budoia,668485
vonitsa,243149
syke,71646
nandi hills,726727
san marco d'alunzio,390248
maunaloa (hi),104448
semey,710884
doyran,728866
palwal,513031
flint,69262
marienhafe,86484
hrensko,67480
kurortne,701756
upottery,132919
bruchhausen-vilsen,663514
mobridge (sd),23329
kaset sombun,213679
plouescat,193121
adiabo ikot mbo,709823
chudleigh,128964
niah,211605
ludchurch,711369
lafare,686934
flavigny-sur-ozerain,686791
kirchbichl,140918
meganisi,73055
gwaldam,728363
felines-termenes,703959
benaraby,728449
kosh-kel',711322
ban keun,256219
parry sound,178402
phalane,734474
dahegaon,724330
occhiatana,715039
orsingen-nenzingen,178042
whittington (shropshire),723442
casas de ves,687679
daleville (al),99847
north mankato (mn),718310
valley view (tx),100885
kit carson (co),736485
durant (ms),99893
russell springs,147150
eastover (nc),78771
markle (in),104440
conneaut (oh),104048
ushkhvanari,732545
flumet,188734
saratok,211842
archea pissa,88266
limani litochorou,718573
snoqualmie pass,155539
pineola,151565
santa cruz de la seros,87990
shoranur,712903
south stainley,132415
fresnay-sur-sarthe,547762
duc khe,221946
lodwar,725387
nathia gali,513411
andeer,513140
gnotzheim,663576
punta perula,705807
pedace,162944
montemayor de pililla,727556
sankt andrä,138753
sint anthonis,185075
saint-jean-de-vaulx,187310
pougnadoresse,676138
saint-cernin (midi-pyrenees),720693
comines-warneton,732628
kierspe,123029
barnekow,703061
preims,686416
berkelland,713214
courniou,715101
vasles,721354
artigat,686525
thezan-les-beziers,715058
hohn,69742
neuburg,717138
brives-sur-charente,186877
roquebrun,720651
bergen (l.),713213
vihiers,704733
montcuq,192253
isil,711286
conilhac-de-la-montagne,714085
salavas,78405
zbandaj,703508
ayguatebia-talau,715100
liebenfels,138670
plaka dilesi,736890
villes-sur-auzon,195620
cesseras,715159
gutenbach,713451
plankenfels,116958
albanella,715385
rekken,145212
huijbergen,146015
saint-siffret,666248
bomba,162575
parlan,720715
drniš,727971
borstendorf,713731
jadreski,703338
stezyca,158327
dombasle-devant-darney,714422
bribir,544661
montaron,705734
brignac-la-plaine,686600
saint-martin-labouval,666162
benitachell,198213
chilleurs,187630
zelwagi,688078
vic-sur-seille,694325
tagliacozzo,716077
schleithal,714453
serrieres-en-chautagne,687474
serraiki akti (thessaloniki),719942
spreenhagen,118369
calamane,714340
ciruena,704473
murla,713390
taglio-isolaccio,718648
klokočí,727829
blatten,67871
barry-d'islemade,714580
escales,188470
guilberville,189290
ruoms,193818
payzac (aquitaine),721051
strotzbusch,663819
farge,188591
turquestein-blancrupt,721225
comblain-au-pont,68879
bouix,734198
wesepe,185346
ellezelles,69135
kerpen (eifel),713581
heusden gem asten,728708
palinges,192866
salir do porto,669374
saint-jean-le-centenier,87579
serle,725594
huelgoat,686865
clavier,68852
ktova,736989
aignerville,721268
channay,714661
malves-en-minervois,714950
boncourt,186561
merschbach,686025
la caunette,715084
oryavchyk,723672
virovitica,86973
cotovia,169947
bandar bera,207799
holmbridge,130412
al aqah,78726
derveni,709881
ruaka,719217
gaviao,688411
kahta,664634
arnold (ca),514464
idestrup,196736
tourouzelle,704702
urda,667631
verges,701961
khulo,723499
padise,719337
utuado,734047
masarach,737566
kehena (hi),732154
chirala,114403
zapotlanejo,183992
blond,186508
auxey-duresses,185956
rajshahi,671813
calhoun falls,153691
carleton place (on),15413
villereal,666485
anaconda,149589
fournels,686805
arroyomolinos,198063
ziarat,735619
east hanover (nj),99900
lido delle nazioni,668680
thornton dale,703240
maicao,732417
masseria solicara-gelsi,719124
killaloe,105074
canzo,165058
pratappur,724624
horbourg-wihr,20434
western shore (ns),19910
beniarbeig,666717
saint-lizier,78332
batang,709813
saint-aubin,193893
tumkur,114567
arsha,693926
pettorano sul gizio,668820
mandya,114558
jacksboro (tx),514308
oni,665341
muneambuanas,736789
liminka,112057
lakselv,12098
koh kong,79615
faiyum,78541
lyons (co),104420
bressols,186812
nordberg (oppland),735722
machern,70305
rovinjsko selo,544725
skaloma (phocis),723918
tzanes,720337
pellworm,86538
gitarama,734025
kayonza,734012
bagan batu,734875
montbard,77614
alacati,102802
fabbriche di vallico,725575
pontardawe,721540
kvareli,718888
llandysul,717245
elva,725648
winona (tx),721028
beetham,128262
hemingway,153746
bishnupur,114781
janetpur,719818
barcis,715424
san pedro de macoris,6415
lancaster (wi),514284
hartswater,733239
cisurupan,734741
tamhini ghat,739531
planina skradska,732265
makanda (il),736025
saham,736919
busana,164718
furstenzell,86373
llanteg,721524
marco de canaveses,513318
pesmes,712737
mittelherwigsdorf,125590
theog,734331
makurdi,176140
waha,734896
dehiattakandiya,716210
divjake,709884
tepeyahualco,701937
gwaelod-y-garth,722952
azay le ferron,547416
katni,390145
dirs,245262
oberhausbergen,192701
gehrden,86376
talgarreg,708545
rozalin,158096
great torrington,130048
volčja draga,719674
sidi rahal,720303
delaware water gap (pa),104088
linntown (pa),717853
tilloy-lès-mofflaines,719271
patikarya,734889
ecos,703948
crediton,103251
bernin,23008
storuman,181695
melilli,176534
yendada,739525
cartisoara,705948
winneba,726604
coimbrao,73191
wambrechies,195730
allan,185590
northern areas pakistan,700195
beaumettes,76888
wamena,19404
gounu,720802
kilgetty,69936
loveston,131058
zarwad,724768
fulton (ky),104196
paonta sahib,718086
insko,704909
isla tintipan,726669
pelvoux,77729
woignarue,715192
jane lew (wv),718524
navaluenga,667272
buninyong,512773
stepʼanavan,710920
sátoraljaújhely,114949
maimón,725969
reilingen,19355
benkovac,136308
panora,146641
galazia nera,728291
pontfaen,70919
holmsbu,103390
kumanovo,175054
springhurst,728545
caconde,168878
venissieux,195377
vaglio serra,669091
journiac,686881
ikaalinen,23094
cesarica,703299
san gregorio nelle alpi,716001
cantalojas,727400
marušići,720352
roe volciano,715959
shangarh,728337
rafina (attiki),718283
windwhistle,728180
peristerona,664316
bantaeng,737417
carpineti,163378
mogliano,715763
wincobank,133281
hornachos,687766
trece martires,700534
touvre,714454
les vignes (languedoc-roussillon),720768
dent,129339
dettighofen,737448
candarli,701651
webb city,149580
cassagnes-begonhes,547553
cantalupo ligure,668628
southwest minneapolis (mn),719038
chiusaforte,715582
solano,181322
kodaly,718745
swanlinbar,738769
colomars,703909
koumeika,706507
padre burgos (quezon),514500
rancho queimado,729060
verzuolo,166107
lonavla,706687
montresor,665862
plazhi san pietro,732907
nong prue,214227
la manzanilla,78568
kelagur,728368
st. kitts,19010
khir ganga,724469
cabrieres (languedoc-roussillon),713878
johnston,130579
phra nakhon si ayutthaya,214377
greentown,152984
hardstoft,671695
parque holandes,687861
vizzola ticino,76704
bangar,737255
monfaucon,714536
offrethun,192721
lamberton,148830
silsbee (tx),154672
whittier (nc),23629
karimganj,739573
adiyaman,99450
fayette (ia),104163
pulaski (wi),151023
saint catherine,78546
cajati,168908
baia de fier,730009
nanda ki chowki,739636
aizkraukle,144134
chateauponsac,187451
likani,726464
barron,155856
crisfield,147739
thorverton,71711
moissac-vallée-française,720773
aigneville,714547
bryne,68726
ardalstangan,19114
tramaga (portalegre),733049
avia,235693
fidjeland,686362
mala moravka,545198
prato leventina,716292
krzeszna,726846
stavern,138427
partizánske,136084
bila,702346
wegorzewo,72833
vulcan (brasov),729834
vilassar de dalt,713419
czersk swiecki,704888
baciu,99298
charleston (or),735376
sundby,86079
hjo,86035
chudoslavice,545110
hazlov,685487
nove syrovice,685505
lyngdal,138338
arenillas,693879
smrcina,736955
skanor,102851
gjeving,544786
kobylí,727805
morgedal,686371
vitoria-gasteiz,88031
bystre,545103
terezin,85901
trojanovice,721629
floro,16950
kajov,545161
kyjov,67492
srni,67518
valderas (castile and león),717536
velké bílovice,109653
hurup,196709
uloybukta,707725
lucany nad nisou,109924
leikanger,16359
zatec,67530
jyderup,196766
vemb,197732
plentzia,73772
glogow,72697
lampeland,86983
kněževes,721615
vědomice,727864
kalliopi,237342
bartoszyce,72668
zawiercie,158774
nørresundby,197070
zdiby,109466
almhult,166548
spangereid,735710
røkland,137374
kaposvar,85966
warora,732241
muri,177151
tsavkisi,732535
elysium,719243
arlington (tn),23696
gashland (ks),719030
holmsund,173697
knebel,196835
týnec nad sázavou,110296
puigreig,99389
prachatice,67510
la garita,707193
lagunas,726351
strelki,693963
proszkow,157959
san esteban de gormaz,87980
rymarov,109818
mariager,196976
dörarp,170460
ruds vedby,726928
slodyczki,688052
misto,702398
slangerup,87750
mariefred,176327
mnichovo hradiste,109932
gjerstad,137645
napajedla,110461
azquizu,198095
hradek,110448
vandellòs,726948
ballymaloe more,720922
domaslaw,667995
pozlovice,706457
puerto misahualli,665141
topolcany,99329
dolní moravice,721621
male cicovice,685500
ricky,685510
skalna,85897
oravský podzámok,733009
bogatynia,156347
benátky nad jizerou,109850
krasny dvur,711327
blizsi lhota,713061
kolo,157117
norre nebel,666574
baracska,702477
newtown mount kennedy,72923
neratovice,110261
kisharsany,712828
racice,109629
viszák,732787
bedrichov u jablonce nad nisou,545093
marki,157492
leczyca,72740
vetrni,67526
volary,109543
rodekro,197247
agerskov,196046
veltrusy,110298
kadyny,21896
holic,135915
cinovec,685478
hubova,708642
skjervøy,138279
boguszow,156353
maníkovice,718844
korning,87736
hradcovice,85884
piechowice,157851
czeladz,156568
bucovice,109566
saudasjoen,735705
isla cristobal,726536
skals,197342
moravec (south bohemian),727871
birkerod,87715
spongano,76576
chvabiani,726514
st. john plantation (me),737429
propria,712659
biervliet,184183
pigadia (argolis),736874
guna,114588
cunardo,688197
mundesley,70531
naran,706675
setti-fatma,720300
yunets,709482
chantepec,720295
carmópolis de minas,729332
karup,196793
cotabato city,705975
kefar yona,143830
teotihuacan,16929
starigrad (ličko-senjska),727955
winchmore hill,133280
sarcey,194531
lauterecken,124646
ramsau im zillertal,140971
pandi,178324
chauchina,666863
arakkonam,739460
ringa,735586
haldensleben,69538
jos,174396
ayubia,733970
kalgha,738810
haselbourg,547819
frettecuisse,714143
ansley heights (nc),720114
desbiens (qc),17474
atimonan,702179
jhargram,724424
tulette,195185
ireby,711285
puerto cayo,665139
mollens,67988
vitthalapur,737349
calimanesti caciulata,665580
tota am,710987
marina,70343
antique,390203
epanomi,88271
st andrew,102791
mandeville,102788
nanacamilpa,720490
lupeni (harghita),729846
kinlochbervie,708301
wakefield (ri),79908
cúllar-vega,198619
schwalmtal,123812
ris-orangis,193615
oro-medonte (on),718034
bagla,724253
yamunotri,724767
barot,724273
albany (ky),671565
mount vernon (in),104509
barrington (il),21845
karterados,73022
outeiro de rei,667312
suratgarh,734346
plavilla,720604
los santos,711365
sandy hollow,728549
pommard,513488
andenne,134688
monroe city (mo),717404
tobago,12734
anse la raye,668268
wickliffe (oh),22547
glasgow (mt),149623
altamont (il),99520
pambanar,724590
verton,195454
loos,714284
le poinconnet,103549
fresnes-les-montauban,77242
nea irakleitsa,240217
colgate,721488
puerto gaitán,732412
milby,723133
waldbröl,124072
fluhli,67919
domnești,720321
zminj,136292
mainpuri,732254
sculthorpe,71380
bagnoli irpino,163050
albrightsville,152628
varnsdorf,109999
agam,702041
satriano,162984
bireuen,737567
cove,86706
oroquieta city,513360
midsayap,705970
cannole,88370
paynesville,720969
puerto aisen,665296
beulah (ceredigion),717241
laroche-saint-cydroine,190470
izky,723638
uruçuca,729420
san jeronimo,664026
leidschendam-voorburg,713239
senise,76538
da breline,220856
jim corbett,694539
nikane,724574
saint-pierre-la-noue,737541
san lorenzello (bn),737347
san jose del guaviare,693628
albuñuelas,197902
dhupsari,110568
sitapur,734413
pasecna,736935
mons,192195
lisnyky,723610
tobelo,738785
pauri garhwal,512987
madhubani,728353
barh,737355
eastern cape,21885
mabul's location,176017
morebeng,717910
gurdon,201814
cusago,513443
maisach,176122
ribare,707516
daund,710360
govardhan,724382
radhanpur,734280
brahmbad,724306
morong,702148
fairfield bay (ar),21209
oberlin (ks),719027
holstein,146531
cambridge (ne),711876
capivari,169111
angervilliers,185676
mafuta,711870
puerto ordaz,17159
dargalim,724333
dharampur,720950
camarones,710304
novellara,163757
mi'ilya,735926
cobb,201113
tazentout,726767
mangaldan,705977
bar-sur-seine,686555
boyne city,148247
south caicos and east caicos,701407
montemorelos,176915
tlalpujahua,665685
santa maria huatulco,79589
villa hidalgo (jalisco),737519
mababe,726785
choma,732481
chobe,711980
etosha national park,672935
serowe,726772
mzuzu,718922
kakumbi,732476
nacala,711814
senga,732893
svilajnac,723589
mudzi,737348
mutsamudu,736891
lugar la fé,733880
llawhaden,723093
savognin,68043
kintampo,726609
mwingi,732431
kibwezi,735582
elena,69126
guastalla,163608
hakkari,664625
monaragala,671676
actopan,665610
nabua,709102
burnsville (nc),717761
strontian,71612
bertreville-saint-ouen,714270
thanh chuong,230827
barcovan beach (on),726096
lo de marcos,705697
schorfling,87088
servian,194694
marrupe,727388
dundonnell,734164
taufkirchen (vils),717067
hatfield,6720
tallassee,203592
piodao,669366
torrent,88011
le bouscat,77423
krishnapura,734495
plailly,193061
aberdare national park,16904
huércal-overa,720439
lábatlan,115213
binefar,198236
vlichos (attiki),719996
rachi (gytheio),718567
boticas,73170
sabugal,179813
mosteiros,725234
roccalbegna,668864
divcibare,688450
llechryd,708365
küçükkızılhisar,728831
karvina darkov,545164
trilofos,242658
eluru,724364
baganga,736094
busia,712053
belur,724185
cotopaxi,16741
pucioasa,705955
troyan,71782
tartas,194926
bhaderwah,734324
villa san pietro,76690
hessisch lichtenau,717124
ellison bay,155918
sehwan,710880
srayang,737763
beseri,207872
ivisan,719234
bendorf,68515
titi,212187
wanica,700398
sanchi,390151
balsam lake,155854
hamsiköy,728808
štefanov nad oravou,733008
moñitos,726715
gorewali,724380
fangfoss,703209
estreboeuf,714233
belgorod-dnistrovsky,665447
thulin,737358
castroreale,169324
dapa,693617
zomba,23648
radonic,727976
nkopola,718923
salima,6610
kerns,86129
buffalo (mo),149249
l'avella,687800
bour,732878
kusubur,724498
guapimirim,716231
badia calavena,167316
alfredo,724774
bramston beach,513145
balch springs (tx),717453
bourg-de-peage,76954
south goa,672515
kinarut,720519
rivignano,164316
watu nggene,734851
mccormick,153780
bagan datoh,207766
nandurbar,724561
mukah (sarawak),725417
kampoti,734880
shahapur,724207
aghora,738898
pinrang,716186
ambarawa,710183
bambu,161745
młyny,737265
pressac,676139
belle-eglise,87235
magalas,709316
williams bay,156157
oyugis,726725
valverde de la virgen,727214
kandeman,737653
tigaon,738774
edsbyn,170694
trebiz,545289
petit-bourg,178563
mangochi,103131
oldambt,713254
miches,737304
caggiano,162745
mautern,70379
shivrinarayan,737496
svanskog,664771
ludes,191579
bucak,685665
mare de déu de montserrat,727308
calig,704447
milford sound,728253
san michele salentino,88561
bilbor,730096
pregarten,139841
montiel,704582
cuyutlan,703010
guaduas,709020
nirasaki,108851
le fresne-camilly,190696
laterns,141077
matarangi,710660
hau giang,222541
thurcroft,719698
wray (co),203986
tehri,114776
khed,105993
torre de santa maria,667601
malana,724510
malino,390126
lisicici,703371
şarköy,728721
làconi,175284
gazlıgöl,728873
sebastopol,143288
koslanda,737460
alhendin,666628
puerto triunfo,664019
deesa,728348
kaset wisai,204945
unguja kuu,733117
erlensee,69180
moissac-bellevue,687088
port-saint-pere,87524
vallieres,195269
stisted,132529
orrville,152069
ambridge,152638
ord,149752
bridgeport (ne),717913
corry,152814
charlestown (in),718173
greenville (pa),720155
saint-ghislain,71198
ringleben,713692
bassano (ab),650672
vendeuil,99067
tahuna,725492
cassinasco,705041
davidstow,708151
tarcoles,719761
kolar,724476
le poiré-sur-vie,721299
kalibata,161672
kanye,726777
bandaragama,167464
kuakata,732503
sonnappanahalli,719785
shirkoli,724664
sultanpur,710925
kjellerup,196819
fleury-sur-orne,714277
ap nguyen thai hoc,216211
yeovilton,133452
punjur,710819
vadiyuru,724732
kamanadurga,734487
basavana betta forest,724276
eedu,724357
valley hill (nc),717763
houghton conquest,130469
benteng,734884
porto formoso,709377
sabbio chiese,165393
potrerito,712122
ngaoundere,712160
kadumbul,734861
pulaski (va),735486
beed,724195
velo veronese,705189
homa bay,718914
ol kalou,735567
bungoma,712304
chuka,726740
makuyu,735555
qusar,700899
sagoni kalan,734510
dangan,402916
dolle,125976
dilham,708156
sidikalang,737426
lubuk alung,734921
luisant,191590
embleton,69147
pano panagia,719166
ámfissa,161975
bulago island,725736
hisarcık erciyes,728965
al ula,244026
branesti,705357
manor,724532
chapaize,187374
ferndale (md),717989
kunnukara,724495
markapur,732235
heir,719813
lorgies,191516
yeida,718799
montecalvo versiggia,715785
moustey,665878
tayug,737463
kithyoko,735576
migori,712303
cournonterral,715097
tiana,200103
bongabon,728058
kunkeshwar,739626
camps-saint-mathurin-léobazel,720717
bhadesar,734274
agami,719731
girivan,739633
landran,114674
diósd,115262
balneário barra do sul,720543
dwellingup,705306
la pera,687789
gignac-la-nerthe,714412
san jeronimo de tunan,716333
nam pi,227246
kelibia,513492
celenza valfortore,165656
hersbruck,69668
mughalsarai,513513
mokronog,110998
talekhol,717305
oloitokitok,732433
pölich,124839
thriprayar,724708
puok,716363
aultbea,68302
santa maria del tietar,667521
cogua,706869
knyagynya,707953
vezinnes,666552
nepi,164576
paluel,192872
cormano,88414
kiryat ata,143934
koforidua,103491
tarakeshwar,725781
le porge,547994
dhokamale,719809
caneliñas,727254
berryville,200717
papatotara,728252
jasaan,174334
trebur,71760
millers flat,710682
luri,548070
banksville,514457
marmora (on),176369
cermenate,165110
thorn,72556
çeşmeli,728845
mettupalayam,724543
nizne malatiny,70672
ampney crucis,708027
commonwealth,169804
adilabad,737391
dayapur,720807
montereale valcellina,76113
blanca,198239
bisuvanahalli,719787
chamoli,724313
old bolingbroke,708428
barwala,737644
bali chowki,734411
subang,737378
moung ruessei,723913
meunet-sur-vatan,715038
bato,167619
tra vinh,204070
sinjai,737339
southam,132419
willand,133255
montelupone,165589
bokonbayevo,733529
suttons bay,148613
sarotari,734848
eigeltingen,170785
new ashford (ma),104539
thulamahashe,733225
ortaköy (mugla),728936
morgex,176994
lowton,131078
kolvan,710574
madi,725777
hummeltal,716769
solwezi,725204
french village,171756
ambeghar,724231
agos vidalos,547350
maihar,390148
canlaon,169075
clarion,146435
lake view (ia),709731
manning,146583
horsley hills,711990
kirichu,735600
karatina,726738
le creusot,15284
galateia,725793
gedung,161776
king island (koh sdech),246855
penyabong,735951
dale,129280
bruggen,68724
dhampur,724342
mystery bay,390160
murni jaya,734808
kelwa,724461
erdemli,19960
wajo,737396
san cassiano,716173
saharsa,739319
steep,132511
tixkokob,671098
eggesin,731179
nandgaon bk,734470
elbistan,664613
san martín de las pirámides,724956
petrovec,700663
fond doux,720403
gosaba,710436
man,724517
taki,737737
mollet de peralada,667230
valjevo,694514
liang ndara,734850
saint-didier-de-la-tour,714697
billom,186440
saint-leger-en-yvelines,194228
vicq-sur-nahon,687560
jalore,21040
hammana,726801
sagana,726739
shahdol,724656
blue anchor,128427
guoluo,416002
ariana,166941
delta junction (ak),201290
marthandam,739539
cuastecomates,718628
hoyvík,162517
toktogul,733537
pacatuba,716218
brensbach,118739
jarvenpaa,67674
lutsen,148842
bardouville,686553
adamas,88259
barkly west,707922
rantau,211728
kikuyu,709665
agani,724217
kingsley (cheshire west and chester),723027
bramshaw,128528
arch,114530
sheshory,665523
tilbury,132786
lützelflüh,175987
mondonedo,667233
jose cardel,703012
pancorbo,2238
villa lago meliquina,664236
elche de la sierra,712534
risaralda,109343
polcenigo,164290
dorf,729713
el tigre,103464
wachtendonk,124068
ammerndorf,166702
tallaboa,709439
marigny (poitou-charentes),713907
rajpura,114679
bidholi,739627
schattenhalb,719878
wardha (maharashtra),724764
radetici,709060
loborika,703372
medulin,19453
rakalj,703440
brajkovici,706426
cehu silvaniei,729960
alhaurin de la torre,102314
copley,129097
lauro müller,729058
rodby,23115
comalcalco,169793
katun lindarski,707120
mrgani,707338
bukhara,712300
hellbuhl,173387
musalez,703407
cisarua,738859
turbaco,701949
porumbacu de sus,665400
nueva california,726523
leitza,73646
red feather lakes,203144
pomer,694118
lake helen,202222
saint-martin-de-juillers,194271
dezmir,730143
lebak,705326
matanzas,693920
simonstone,132094
smoljanci,703462
peresiji,703418
weston subedge,708611
saint-just-en-chevalet,721447
solitaire,719684
barre-des-cevennes,708704
slavs'ke,665526
chocowinity (nc),99770
facatativá,109315
pachhad,734330
melamchi,736915
benevello,105192
rockbeare,132010
pias,73273
łazy (west pomeranian),726824
agioi anargyroi,234731
skhinos (korinthia),242098
tierce,195045
belimbing baru,734775
sintang,725481
mamburao,728049
duggal bittha,724354
capel,143430
villa del mar,725013
kizilsu,429099
guzelcamli,85994
alto lucero,724776
lunzenau,70292
fengersfors,702653
pevensey,131755
grand beach (mi),720943
cortes do meio,718847
wischhafen,72128
tierp,182189
el serrat,72948
naklo,111001
anneville-sur-mer,686512
colan,701671
kalthota,726303
kanfanar,86955
ahuacatlan,711104
mechuka,739402
moustheni,240162
awka,167216
belfast (ny),667795
pinamalayan,720023
baie-mahault,167354
les champs-géraux,191089
villanueva del rosario,200337
barinas,103453
travnik,127809
lichtenau,119136
west baraboo (wi),104969
kosinozici,703353
tar,71659
pasai san pedro,199667
warrenpoint,706371
pacho,664014
guérin,189274
saint-martin-d'heres,78345
saleilles,194468
springfield (co),737386
ilorin,174021
gatitu,735570
katelembu,711827
timau,735568
hinigaran,702151
rimske toplice,85916
saint leger sous brienne,666105
strath creek,143307
manline,226346
lakin,146849
steele (nd),719007
buccheri,168659
bellavista,720397
mosquera,109320
ban bang,217097
kirke-hyllinge,666570
kasganj,739144
solbiate olona,76555
porac,708935
aptos (ca),99546
areatza,99341
orduna,73746
sitapur (uttar pradesh),737364
parham,178379
breitscheid,118738
saint-julien-les-metz,194197
guamote,709249
pale pawan ma,724588
zabkowice slaskie,158720
born,106045
rio frio (tx),706129
batina,727956
marieulles,191800
anggrek,161780
godella,198900
maslives,191892
klimkowka,157105
piracaia,178690
khliehriat,737692
vihour,724746
al kharj,166378
milly-la-foret,192098
angoume,713121
fontanelle,171582
bergschenhoek,184175
carden,722769
maubec,191914
gujranwala,110571
gujrat (punjab),733972
tagkawayan,737384
mila 23,665377
saint jacobs (on),701889
athmuqam,737020
gajano,667016
borsa,665572
roujan,704248
huehuetenango,707074
caivano,163065
blossom,154195
nozeroy,714029
saint-leger,687370
koksar,738818
ivanjkovci,111138
olimp,86211
cassiglio,705040
motul,724902
halfeti,728739
kolltveit,703619
bom retiro (santa catarina),729405
la calera,720410
maly slavkov,544571
putley,708464
calvisson,76994
sibiel,720315
parcheş,729983
tribalj,71768
bua,737211
timbangan,734924
rokan hulu regency,737392
buriton,128678
jementah,208278
higuey,98982
semenyih,162273
manises,20490
alcasser,717042
dharmasala,724346
neuilly-le-réal,721067
aghios emilianos,718186
unterkirnach,716758
high halden,130341
shogran,706676
st. martin's island,735950
ramanathapuram,513320
le merlerault,721284
garden grove (ca),249
huntington (ny),88089
gignod,668675
playa cocles,21108
alor island,736327
lercara friddi,175577
brunete,198272
chiddingstone,128920
horomerice,67478
ljustorp,706480
singapur,724670
zymna voda,723687
hajlah,245361
stanford le hope,132478
velada,737660
big moose (ny),672159
kuala kurau,211406
lien huong,214952
bargarh,724271
mclean (tx),737484
oxborough,131642
mandraki,105809
thamana,734421
vienna (ga),717746
coutiches,188003
satley,132150
maragusan,711749
parigi moutong regency,737400
astley (worcestershire),722744
chabanais,187241
saint-laurent-des-combes,687369
tucano,694495
little wilbraham,723057
langquaid,717070
ballinderry upper,68434
huixtla,719434
rouxmesnil-bouteilles,714186
montanchez,87924
ocuituco morelos,701829
norklit,704337
montbazin,192232
monthey,176935
lamjung,513270
calumpit,709713
peyrolles-en-provence,193005
alderwasley,127958
binalonan,728031
saint-père-sur-loire,721171
south haven (ks),709732
bougival,79528
winterstrand,709479
amasaman,708694
montayral,665807
white bird (id),514095
upper heyford,132928
bhabua,724281
grama,114552
dehiovita,716208
fremont (wi),735430
thusaragiri,724709
gallur,701704
cowdenbeath,129155
cassibile,75669
amellago,705458
rivas,733886
kvemo alvani,732539
winnsboro (tx),514088
grayland (wa),711645
la garrofa,199115
čelobrdo,733931
foncine le haut,547750
wilgamuwa,736593
couco,737538
fonseca,726678
wepion,72019
nonoichi,107089
smalyavichy,726369
puchuncavi,728103
basse-goulaine,711125
conceição do coité,169816
brunello,668483
bugallon,728030
majene,737419
real,705376
holyoke (co),201967
maiche,191645
vilcabamba,719177
worliny,720912
medina (ny),711865
bennett,200709
kvaloysletta,544807
saint-bauzély,193915
mukutmanipur,739622
talbingo,728650
manilla,737390
varagampadi,711026
langwies,67965
torsken,735761
sindangan,737694
onhaye,686209
garies,733270
hartzenbergfontein,173207
firozabad,718082
chaspuzac,547591
palia kalan,712067
tessenderloo,134569
kodiang,211360
bathgate,16274
dannes,686731
sherston,132267
yeniçiftlik,728891
port blair,725032
hammarstrand,173075
kilmore,143095
otatara,719873
dungog,710385
la guardia de jaén,727293
ag. konstantinos (messini),719949
pulau kapas,512798
mansalay,737489
khandala,30364
unhais da serra,88732
svratka,545283
gorraiz,73581
kehidakustány,513147
celldömölk,115489
penela,688424
monda,199486
cestlice,67467
felsotarkany,513504
benetusser,713401
hustopece,85887
bad erlach,68343
furstenfeld,87015
jenbach,140910
nuevalos,667286
poseritz,70937
san agustin (surigao del sur),737325
elsdon,129603
sinan-gun (jeollanam),738772
mangalamkombu,724525
jerash,547342
omales,728309
perjiwa,161772
kalinaun,734908
wonogiri,706695
temanggung,161742
krui,710582
samiran,734747
grabenstetten,172438
guardavalle,75921
viroqua (wi),104929
nichols,150925
osprey (fl),22107
holiday (fl),201957
kamilche (wa),735420
east chicago (in),104121
colts neck (nj),99808
yeongyang-gun,213189
sopo,712120
aperathos,235411
hogenakkal,724406
guitres,714120
paralia alissou,728296
nsikazi,733216
lochaline,737728
labruge,175268
cloyne (on),726117
basan,717311
velanidia,242989
nymfaio,728293
ciudad guzmán,169669
altidona,165506
leona vicario,719441
lija,175644
elappara,734502
san jose soccoths,707566
mongui,726650
forcalqueiret,188783
taguig,181924
cabannes,186987
bayawan,167648
valmojado,667659
samastipur,114439
ranipet,105635
ebersheim,188340
quarto (campania),725624
warri,183543
tupelo (ok),152437
edale,129548
sahiwal (punjab),735620
unterammergau,686094
njeguši,737084
tafila,185482
gallocanta,667034
kalavan,710521
hartheim am rhein,731001
ijebu ode,726439
dundrum,129433
benayes,719519
nouadhibou,700200
o mon,227928
telfs,10203
pidima kyras,241128
maujamabad,734266
marilao,711739
phata,737425
patiala bawa,734859
pasu,733966
lanzahita,694364
shankarpalle,734243
phuong phi,228819
conza della campania,163107
ciudad lópez mateos,169670
dipaculao,728069
kottagudi,724485
kosharitsa,86946
castiello de jaca,666837
favareta,73561
sao joao da pesqueira,669378
luterbach,67978
coulonges-sur-l'autize,703919
kato alepokhorion,237739
rohr (thuringia),731370
las herencias,727391
saint-cyprien (midi-pyrenees),720662
mollendo,716309
orsara bormida,715846
usangi,733127
olgiata,105888
gold river (bc),663266
loding,175784
mosta,177043
kemaman,162502
chirgaon,734334
saint-seurin-sur-l'isle,194417
kalgan,728504
sunds,197538
albese con cassano,715386
bontoc,513157
barnoldswick,128191
terong,212183
palmadula,76202
crevecoeur-le-grand,714618
new plymouth (oh),514226
marwood,131204
karang tengah,734935
chaiky,723607
ano gatzea,235215
hemberg,173394
kasoti,724455
ador,666592
gingee,512699
cisterna di latina,668534
saint-sigismond,687435
ebbw vale,86723
valdelacasa de tajo,717724
alli iwo,166518
cuevas del becerro,713302
tattershall,723361
latour-de-france,190495
saint-martin vesubie,666156
damietta,110542
paredes de coura,669362
costa navarino,236001
grottole,715688
monsteras,176855
calvignac,720691
clementina,729115
milford haven,70452
friskney,722912
costacciaro,688192
hinojos,667081
schlemmin,71310
churwalden,102868
manglisi,710025
peal de becerro,687863
seydikemer,728934
catavina,513612
waratah (tas),142838
seybaplaya,701910
west union (ia),100945
el soberbio,664181
buffalo (sc),720161
vert-toulon,714815
san luis de la paz,703025
chittenden (vt),78758
indaial,174055
ramales de la victoria,687889
miena,728619
red cliffs,143261
valeria,73923
chorin,14500
monesties,192183
pimenta bueno,178654
villa paranacito,707777
st. tudy,128419
comfort (tx),514395
lugo di vicenza,715729
cheruthoni,719791
smederevo,79696
kotz,716787
bradwell,128509
mumcuçiftliği,728828
huillanopampa,709948
cholpon-ata,710332
clinton (il),671168
jhajra,710495
kannauj,732253
belloy sur somme,711128
doradal,726648
schönbach (saxony),731383
sveti stefan,99247
anaa,725244
philippine,184927
hudikeri,724413
asipovichy,732435
carrazeda de ansiães,105988
soulac-sur-mer,78471
steenwijk,72553
south ogan komering ulu,737447
daik,734806
pulisan,737403
parečča,732441
dikili,719210
vaideeni,710141
moggio udinese,164248
santa giusta,180367
wickede (north rhine-westphalia),731396
tiguert,706598
conchagua,665636
thon co luy,231205
hoback (wy),719375
altentreptow,68212
tazılar,728986
échauffour,188348
dai lanh,220971
barkot,114764
tze'elim,720386
sauk city (wi),104733
chopta,738914
pakyong,737422
valea drăganului,720310
monfumo,715774
quatre bornes,109279
rigny-usse (centre),714674
sagra,737479
laurenburg,663659
glifa,237007
villiers-le-morhier,714537
vaeggerlose,667019
sorell,142827
moyo island,719278
villa corona,725012
creil,99015
lure,191601
blindbothel,722645
pontneddfechan,723222
bedminster,152676
bir el djir,719673
acambaro,724770
thimari,728287
rio acima,179481
thirukadaiyur,724702
tupiza,513420
guglionesi,172758
atina,164421
collins (ms),104039
kampong chhnang,701006
koita mani lakonia,668357
puljane,703436
zlarin,712548
genevilla,704520
sürmene,728789
khumrah,245576
billy,186441
greiz,69440
knippa,154427
chaukori,671597
humberston,130486
koroni (zakinthos),736875
selsey,71412
luong oai,226146
premosello chiovenda,165361
biligeri,724297
ayios nikitas,105746
lalitpur,512906
tokmok,710983
jind,114513
kolonna,716196
sainte-genevieve-les-gasny,715178
pipestone (mn),104644
junta de los ríos,727417
shimshal,735622
théza,194987
solok,737667
korhogo,725368
malappuram,21073
tuba,728070
santa maria della versa,719104
kampung jeram besu,719349
kyrenia,19977
antón lizardo,166821
edaikazhinadu,718793
barsana,739555
sint-gillis-waas,135573
sasaima,726695
gratot,189203
hedenaset,664715
remanzacco,164312
lava,720947
nedajno,733920
gergus,189022
mercallo,702140
glencar,88241
monóvar,199492
oshogbo,178068
chancay,705320
gelbensande,716889
racova,730064
couhe,187929
silverstone,132325
huntley,202010
aranthangi,739551
boddin,119629
sant cebria de vallalta,712561
montseny,102259
magny-en-bessin,191640
saint-privat-de-champclos,715150
ballon,186060
labruguiere,190277
tanneron,194917
parnacciano,712491
pontepetri,688284
schaijk,185024
hoogersmilde,144464
vlagtwedde,145477
wicko,158981
grues,189257
waterlooville,133036
yaylaköy,728781
irinjalakuda,671657
andrésy,185669
proenca a nova,19773
caràzinho,169145
daito,108093
wyoming (mi),21031
carcès,187081
freixo de espada a cinta,73216
milton lilbourne,723135
saint-barthelemy-de-vals,193913
cononbridge,68883
tzemi (argolis),719988
kallakurichi,724436
sullana,159047
worlington,72163
anttola,111289
barcice,705479
o val,727193
dong giang,221674
batu arang,162444
sant mori,726962
svabensverk,705881
mainstockheim,116502
nemi,76147
silvania,707613
castellbisbal,73486
villava,88771
norena,79284
nusco,76166
darnius,666913
boca de aroa,733084
dundee beach,728498
an son (kien giang),728009
mostki,711758
fındıklı,728770
razac sur l'isle,666003
guereo,734042
molines en queyras,665781
panhandle (tx),154562
dzidzantun,701685
fairlee (vt),514360
estollo,704506
rivière-matawin (qc),726106
langelmaki,111983
siegenburg,117347
muncy valley (pa),736423
chester (ma),717829
bocabec (nb),726090
mokra gora,723557
beauceville (qc),167669
brevort (mi),736137
palafolls,103745
bolanos de calatrava,198247
abasolo,705947
westport (ns),717357
prolom,723571
laguna shores,721704
elmore,728382
bergun,67861
rainbow (ca),736637
two harbors (ca),735326
gedinne,69342
lakeshore (ca),104377
yosemite west (ca),720538
yanchep,702175
ashland (ma),720527
tonala,182300
huff's corners (on),718362
north utica (il),721027
dell rapids (sd),104090
sexau,71428
el rasillo de cameros,713446
park hills,149477
marlboro (vt),104441
sydney forks (ns),672193
albanchez de mágina,718111
lohberg,86481
cabanes (girona),713418
canduela,666792
newton upon derwent,723179
alan,185568
votorantim,183447
macomb township (mi),737424
champoton,693972
estância,171190
szwalk,704985
marakkanam,739494
akhan,728951
sancti spiritus,667498
bridge lake (bc),725991
kalınçam,728815
pera meria,240997
stenbjerg,704368
moyston,728519
dyida,723658
harsil,21082
reallon,687255
champaubert,187318
eriksmala,706433
sharon,733819
forrest,21419
jagadhri,710487
plan de ayala,724923
campo belo,169017
lenzen,120976
sadani,733124
vavkeri,242978
tuljapur,671685
st. georgen im lavanttal,545020
morro do chapéu,729247
hang thau,222504
binh dai,219058
porquera,687874
moncalvo,88487
lavre,73229
kohlberg,174867
mitterbach am erlaufsee,729794
mergoscia,67985
sainte-foi,194008
saint nicolas la chapelle,666188
duddington,129419
necocli,712649
qechresh,726405
broby,168565
tsemi,726480
nakanoto-machi,252231
rijeka crnojevica,707519
nedd,131415
matrafured,115167
taza,726763
santa veronica,685465
merzhausen,176593
vakfıkebir,728794
maarsbergen,72448
kylesku,734145
villarroya de los pinares,687977
dhriopis,236257
nea artaki,240205
carmen de apicala,701655
madathil,724503
kiryat tiv'on,143939
hasle,196569
litcham,70209
budhar,734317
nuevo tingo,733090
parismina,726337
berriac,186336
burgersdorp,712624
cedaredge (co),23226
villa tacú,724142
mătişeşti,730113
alwand,724226
puttur (karnataka),724755
damiatte,686730
puerto boyacá,726709
chugchilán,725861
ngebel,737250
bretenoux,547519
diskit,724349
baillargues,186033
slabčice,727778
zante,105176
washington (ia),21658
onamia (mn),104588
zapatoca,723522
manerbio,165251
oreoi,240557
burstwick,128695
dalton piercy,721492
la pommeraye,77368
dushore (pa),152874
skurup,181210
saint-jean-aux-bois,194150
clark fork,201085
portskerra,129703
trbounje,703479
sunderland (vt),717949
drăguș,730144
ravenshead,721544
guateque,707859
alaverdi,733319
rampurhat,739593
montemarano,163161
pichidangui,102997
sortino,181425
sidi bouzid,85865
sigueiro,709420
karya,237640
sarahan,724649
glenelg,128290
santa catarina los reyes,180337
tecate,99237
dilasag,737432
persac,705790
pearl beach,141831
arbo,718447
puebla de la calzada,73786
garding,126610
la somone,20638
guanaqueros,707043
al kamil wal wafi,737437
janzé,189599
humboldt (tn),672107
pillayarpatti,739526
haluabagala,709664
guerquesalles,189275
cappelle sul tavo,162590
mehren (rhineland-palatinate),713631
gondomar,172367
catona,169339
colachel,728370
auterive,185934
fleury,694201
bouzov,545099
grigoleti,723503
neuberg,70582
senduro,737413
guarrato,75923
perdifumo,668811
bianzè,165783
vernasca,164937
triggiano,182488
brancaleone,168453
roncola,76373
osilo,178069
aiello calabro,162787
dolceacqua,164772
kosiv,701750
cicerale,668532
roncone,179629
vanzago,165462
san pietro in casale,88563
villafranca d' asti,716157
faeto,171267
bianco,167910
kilözü,728985
saint denis le ferment,666097
sudarbal,710923
nikolaiika,240407
ranebennur,724639
pylypets,685862
ounagha,719066
gura teghii,730142
tkon,544745
odzun,712344
chortkiv,737428
danielskuil,733245
litton (derbyshire),721519
stanton in peak,132492
tring,71771
ualapue (hi),732179
novazzano,86147
chiquimula,733483
adamuz,197858
saint colomban des villards,666067
prailles,193291
cassen,547554
dumah al jandal,737452
kumarawand,718062
jabli,739629
done,724351
kropa,110895
boncourt-le-bois,721138
osterwieck,717183
magura,176105
château-ville-vieille,721421
ilsfeld,69830
raiganj,738889
sultanköy,728896
kajiado,726729
navas del rey,687845
bergkamen,121912
nocé,721229
kolbotn,136470
turkeli,685681
yerkiv,723747
cuitiva,685459
bussy,186968
dang,737453
handari,260692
hohenfels (baden-wurttemberg),716745
culiculi,170059
ernakulam,114573
iten,726736
dompierre-sur-besbre,694191
sarytag,736896
kolczewo,688018
majitar,739201
padghawali,734475
da cay,220859
kei mouth,665212
meyrannes,687082
sartilly,194550
romenay,721142
vaggeryd,182843
cravanzana,688194
maddur,734220
san donato di lecce,180089
little quirpon (nl),726155
albac,705370
leintz gatzaga,667150
el cuervo,687721
harden,728548
uffholtz,666421
jerup,196759
hoang su phi,222761
newburg (md),737482
nociglia,177494
uscio,164932
bonneval,186583
north tapanuli,737436
grabow,126042
sagarejo,726485
hanamkonda,114406
benson (mn),99616
est,700822
los baños de guardias viejas,727288
hitchcock,154387
plumlov,545235
clarin,709705
santa maria (laguna),737658
motiejiškės,733646
kfar saba,143831
rusk (tx),100700
yelverton,72196
fire island (ny),736495
darechok,725764
kutoarjo,734753
manggar,734786
kiskoros,114814
kanjikode,724445
arthonnay,686524
plockton,131790
órdenes,199615
keene (on),17526
leavenheath,70130
ghimbav,68098
paravur,712894
dunga gali,733971
suwannaphum,214649
sao raimundo nonato,705228
saint-martin-d'entraunes,666160
ovčinja,733802
sendang,734770
walliswood,723409
nkwazi,719241
newbury (nh),100497
maupertus-sur-mer,714010
sancak,180226
hammam bourguiba,718884
mahe,103368
srinagar (uttarakhand),728357
harda,724395
malá ida,135959
bouvante,720628
buea,708990
rajgarh ( himachal pradesh),724757
pazar,178451
an nimas,244818
al 'ammaj,243977
niles corners (on),726095
ocean city (wa),671202
toplita,182320
saidu sharif,733963
gelenau/erzgeb.,716960
oxilithos,105820
townsend (ga),100866
bribes,198269
simpang ampat,211897
dorna arini,707942
liasny,726376
hainburg,730997
adegaon,734508
mihanici,703393
salfords,86847
pangong lake,734394
valganna,165456
maghar,144017
la crau,189901
carew,722771
allen,166507
weiden am see,138541
spring city (tn),100815
moonambel,671647
miscouche (pe),176734
vedi,183089
balatonszepezd,685590
decollatura,162854
villars-les-dombes,666466
kavak,728968
lake illawarra,141694
sartiz,735623
narendra nagar,718805
färmansbo,171336
cabeco de vide,73175
chamaret,187286
bousbecque,686589
berezivka village,665449
joué-sur-erdre,721314
fall river mills (ca),736478
saint-prosper,179942
talacre,132667
huay-pix,724858
tishomingo (ok),711705
kampong leav,716351
pombia,106086
dalaigaon,710353
alcains,688395
samayapuram,739617
crescent (or),735016
vatagaru,734485
woodnesborough,723465
maraussan,191742
wallace (nc),22701
cenicero,73493
mitake,106592
vellad,716384
geghark'unik',701309
tsovazard,733326
carlibaba,665583
nyord,726926
đa nhim,737487
alling,166520
hecho,667071
tichy,725820
martina,711382
marzy,191883
kiyikoy,512708
peresak,734825
borovoye,710284
chililabombwe,732477
presque isle (wi),736173
moncale,714303
kelberg,69915
la ville-aux-dames,190246
ban na ba,217917
rosharon,154631
rheinstetten,71067
tabo,732256
cagnano varano,168899
neuhaus (lower saxony),731436
stadtlengsfeld,127674
saint-nizier-de-fornas,718656
itoupava,174231
albestii paminteni,713080
cimanggis,161662
aurons,185929
huacho,159029
miserey-salines,705726
orange walk,700722
chainpur,710312
pierre-percee,687197
challacombe,128854
index (wa),735445
val-des-lacs (qc),672196
achanahalli,724212
sotogrande,200062
nittenau,663730
bourg-sainte-marie,87251
biguaçu,167954
chichicastenango,671738
pendleton (sc),22922
san martino in pensilis,668915
pakenham,143236
daksum,737696
shar,114540
susville,714506
assington,86656
sedico,180749
nocera superiore,76155
golubac,688451
sainte soulle,666118
garoua,736278
wacmerek,704989
randbol,87746
isla fuerte,726671
wednesbury,133055
kampungjawa,161810
reengus,728347
goreville,201751
tyresö,182613
satabhaya,710875
algard,16945
ansó,727003
savanna-la-mar,707592
portglenone,131826
nanegalito,725859
ponts,718412
qırızdəhnə,726402
caiolo,715482
la victoria,713357
l'eguille,686991
vidisha,724745
khardi,739157
recaș,729876
vella,665324
cervarese santa croce,715573
sanchez mira,737512
jitra,162127
mechi,700816
north babylon (ny),88124
khsach kandal,716355
enns,87008
comblanchien,187788
hyogo,18821
sanand,739507
gaganbawda,724369
hrisey,707072
choteau,149604
gerstungen,127361
nowa nowa,143223
clyde (nc),736457
lustra,713749
awassa,726352
figueira de castelo rodrigo,73212
nimbin,390161
tinian,18178
whitehouse,21095
marathon (on),98888
seymour(tn),736166
ali terme,715391
kitaotao,702153
hósvík,162516
broga,721607
cobeña,718434
jogad,737564
orta (trabzon),728802
mati,702136
phulambri,739503
chontapunta,512954
dobo,736324
villeneuve-de-marsan,666476
konongo,726626
djúpavík,734953
senas,194658
céres,187208
mellansel,176543
sant' angelo muxaro,716027
sainte-opportune-la-mare,714553
lukla,513493
huntsville (ut),667841
choluteca,700418
aksu (sakarya),728748
artemisia,235553
chambon-sur-dolore,715080
sankt olof,664756
punta indio,723978
lairg,103290
lake isabella,202225
alsvag,735868
chateaugiron,87287
plage ejjehmi,718885
piribebuy,664069
kotel,686288
monte argentario,76094
star mission village,723893
firminy,188675
österbymo,178098
old town,202819
mirebalais,733495
vernosc-lès-annonay,195430
pohreby,723617
st. philip,19886
cuyapo,738819
léogâne arrondissement,733490
komodo,734849
grisslehamn,172580
usakos,726934
meeker (la),720072
moreton,86804
twin lakes,719666
szakadat,664534
klimpfjäll,174815
pio v. corpus,728043
monterosso almo,715803
ladyville,175292
aley,665252
les rouges-eaux,687001
castelo (espirito santo),729336
tang klang,230557
champion,152766
timsgearraidh,723379
cameron (mt),735021
me neftoah,703791
phu tho (phu tho),669666
playa dorada,16713
paul,732448
panabo,178313
palora,725845
klöch,140472
olovo,686117
çakırlı,728827
devrukh,724341
ropki,704963
rupa-rupa,716327
agbor,732548
san marcos sierras,664218
loreto-di-casinca,720572
veyangoda,183157
lebo,161751
tepas,734762
rajampet,724635
askham,712183
vaal marina,719417
moorreesburg,733265
zastron,733167
witbank,183733
lady grey,705677
phnum samkos,738841
pachar,710771
babatpur,739553
kojori,723509
barabanki,724193
lyubimets,136181
lundu,211529
bukidnon,168721
ingrandes,87365
pantano redondo,726696
reichelsheim (odenwald),71027
sakes,712865
miramont-de-guyenne,77595
gratangen,138240
la neuville-d'aumont,190090
glumslov,86032
oradour-sur-glane,192762
tikapur,725767
pantabangan,736095
thu dau mot,231650
arnados,727040
buigny-saint-maclou,686605
zacharo (ilia),719957
alajar,666606
tsikhisdziri,726493
riong serignac,229784
muladdah,672978
jala-jala,728053
kolaka,725363
ash shaykh,245019
venecia,726324
bingil bay (qld),728376
esentepe,719632
hordle,708265
amargeti,725799
quetena chico,733378
poggiomarino,163192
pernik,136204
gizo,710428
bac yen,217010
höchheim (bavaria),731019
badagry,726429
tsukim,709702
torreano,164379
cabezas,721716
el carmen aztama,170852
san miguel jaltocan,737522
karystos,237646
llandyfriog,717244
ambasamudram,734227
bouille-courdault,714494
rattanakiri,19660
brejo santo,729322
savigne-sur-lathan,687467
vigneux-sur-seine,77847
gassino torinese,165916
pachacamac,726575
badagarakeri,724250
madampe,716198
kedarnath,513396
amarde,724228
nufringen,177666
toomsboro,203666
kempfeld,69922
nannay,714591
ocosingo,724912
sissu,739536
warnford,102213
regnitzlosau,731360
saint-agreve,666042
auffargis,185896
longborough,131029
bishop auckland,68581
adamstown (pa),720148
griendtsveen,145572
basantapur,725774
sambas regency,739544
vista flores,719678
mongagua,688371
capesterre,706816
ruwanwella,736626
nova zagora,136222
aguachica,693613
le robert,702998
poreba wielka,668126
jorquera,687775
memnuniye,728983
cazin,725864
stonyford,132566
umred,739601
longuenesse,191502
myla,723735
wielsbeke,72076
endingen,725901
nagchala,710725
inglis (fl),514310
kobryn,707879
kaua,685895
sarp,701908
torroja del priorat,667611
watersmeet (mi),736172
berard,712933
bulalacao,718706
macisvenda,727297
sloop point (nc),735974
didyma,236286
moutoullas,725807
galicnik,707000
toppenish (wa),23532
rejosari,734756
karangkandri,737359
nako,732229
clichy-sous-bois,719516
gillitts,172227
histevarz,736895
dwyran,722864
gamboa,16975
chirongui,734061
komula,514288
hum tukdah khasmahal,719841
spring city,153489
jinan-gun,212728
malin,72914
portmore,115851
kohalpur,725769
guánico abajo,726519
jarealito,705652
ribnica na pohorju,700232
gabes,13309
kurfallı köyü,728907
sils,687935
pallejá,199645
senmanat,200025
aisonville-et-bernoville,87196
tunes,718849
crni vrh,85912
ocna mures,177820
saukabu,734945
mineral del oro,724898
corbu,705369
lafayette (or),514286
westmore (vt),709478
gladewater (tx),154352
ahero,735589
rollag,138201
emalleville,547707
trou de bra,686226
crosby (tx),737367
laluenga,717681
cam,128751
sing cong,720978
newton (tx),737414
dolinka,710378
muruguru,735569
ontonagon,148522
camos,666782
wrightwood (ca),100995
demirkapı,705570
kekri,734273
joanópolis,720291
guernewood park (ca),736636
rennesoy,544823
miroslawiec,512860
gölcük,728910
kapuzbası,672884
itaquaquecetuba,174221
strood,132603
strawberry (ca),735334
krusa,666571
igarassu,173953
aragarcas,716225
el alto,720378
rocchetta sant' antonio,715956
parks,202920
thasos,671253
penmaenmawr,723203
bygland,136536
stolpe (mecklenburg-vorpommern),713529
kwanibela,733178
onekama (mi),104591
enontekio,16409
itapiranga,729068
quissamã,729388
sultan murat yaylasi,707663
villa vásquez,725967
manhumirim,729439
gokcebey,664620
kozlu,720874
rovato,165385
deka lake (bc),726240
derekoy,707901
boqueirão,168321
tucuma (para),712039
spigno saturnia,164646
ixtepec,724862
treherbert,132855
mellbystrand,176545
springfield center (ny),514143
planoles,667375
ahmed salem,709827
babakale,728726
monroe (ut),712075
ifaty,694498
vallegrande,710144
scheibenberg,71288
cieneguilla,709797
denver (nc),736454
vernou-en-sologne,195431
kalawana,736624
beauchamps (picardie),713887
lekvad,175543
skyforest,203427
jauja,709960
groton (ny),736412
nauta,726578
bédenac,186243
polatli,664659
gills,129900
tibasosa,726699
azambuja,167243
coronation (ab),726173
cascade (id),104004
gullaskruv,707048
vikedal,703750
la mision,705674
fisher branch (mb),726115
ajaltoun,726794
smakt,728687
nerola,76148
sint michielsgestel,72539
earlton,170608
bhagamandala,724282
pambujan,708949
trigance,87662
paranoá,178368
udumalpet,724722
baraut,738974
sirsi,724671
rangeworthy,131933
bruern,721475
wangdue phodrang,718202
maragondon,728052
espirdo,666971
kharkhorin,736075
ishull lezhë,732918
cudal,737458
saint kew,712392
khanna,114672
korumdu,733545
druogno,715321
vouni,664325
urawade,734476
harnai,724397
pulpí,726945
murshidabad,718881
celanova,666852
ismailli,726398
barranquitas,197812
covington township (pa),736746
tanabi,181976
metapan,709328
kaminokuni,249936
tayabas,702319
labulia,734827
purworejo,706686
pusey,193375
serravalle langhe,725652
vado ligure,164933
carrollton (va),99726
corleto monforte,737446
ambergris caye,103133
firavitoba,726698
al mallah,244541
baltow,667943
mundota,739532
sucina,73885
birendranagar,725768
bischoffsheim,186453
aparecida do taboado,729130
vallesaccarda,716124
ribnica,111197
nawada,728355
watkins (co),203841
lapleau,720728
hyrynsalmi,111558
garrosse,703978
husseren-wesserling,686867
droitwich,15073
thiruparangundram,734225
cañas,736910
jhajjar,734287
ha hoi,222377
kodungaiyur,114718
papendrecht,12618
buon mhang,219731
badlapur,724251
udersdorf,71811
amapala,733510
rasa,211730
mathias (wv),736450
huyen hoai nhon,223174
beuda,666735
aurra,706726
caronia (sicily),725567
huyen can giuoc,223058
saguramo,732524
abovyan,166148
camp sherman,152483
batu kurau,207839
soledad,109300
pisgah forest (nc),151569
baripada,724272
canyonville (or),99717
quint-fonsegrives,714326
stocksbridge,132538
shaugh prior,71431
downton,129398
triggianello,182487
rookhope,132031
marske-by-the-sea,725544
donji lepuri,727988
buković,732333
policnik,703427
briševo,732303
dračevac ninski,732335
sikovo,727999
nea dhimmata,693684
castiglione di garfagnana,688169
fibbialla,171435
montegabbione,176905
maple falls (wa),104435
budak,732302
otrić,732322
breteuil,186818
guardea,725667
urbisaglia,165639
saint-pol-sur-ternoise,687415
candes-saint-martin,714194
bruno,165803
gropparello,164801
ždanovičy,720371
kerepes,512825
saint-aventin,714759
kilpettai,724472
sukkur,725099
dera ghazi khan,717435
sahiwal,110575
dunlap (tn),735483
bourg-madame,547502
plav'ya,723671
grumolo pedemonte,172668
guayabos,709922
rekowo gorne,671231
nyanyanu,708695
pinhalzinho (santa catarina),729070
ardes,720737
khowarib,737057
obuasi (ashanti),726619
boe,76935
pacaya,733875
ilkal,738911
la adrada,667766
puerto salgar,710817
zschepplin,717200
saint-maurice-en-rivière,194292
sylvester (ga),100845
onbi gorge nature reserve,734585
soda springs,203447
kampung sapagaya,210597
tizayuca,182231
newton ferrers,706316
smajici,127806
discovery bay,115845
huaral,159030
wula waiijelu,734862
potrero de garay,707455
sacalaseni,665406
thana,719803
misaktsieli,732529
arba minch,512836
élincourt-sainte-marguerite,188390
west wendover (nv),104963
boada,198240
chole,701665
narlıca,728962
sesto fiorentino,18798
dietingen,170331
claye-souilly,77092
jakhalabandha,724419
biswanath chariali,720424
hojai,114430
lamure-sur-azergues,190372
itanagar,513319
pelluhue,728122
biersdorf,68558
yellapur,734236
tokeland (wa),155558
ain el turk,711802
da binh,220855
sebong lagoi,734802
rignac,77906
sainte-lucie-de-porto-vecchio,78280
vendres,87679
chemellier,547610
senta,723578
grove ferry,69489
barsac,186113
buxton (norfolk),722640
parent,707422
madoc (on),176054
carmiano,169180
dollar,69008
nga son,227375
mahuva,739200
kovarska,109676
preixan,714413
theralu,724699
yadagirigutta,724765
zubachi,711594
nonantola,163755
noizay,5083
wadhiware,711036
benllech,708058
vredehoek,734606
shindewadi,724661
dhargaon,724344
anaimalai,724236
malicorne-sur-sarthe,191691
achara,724213
verneuil-sur-indre,195422
sheopur,732260
lang khiem,225104
colonnella,75789
la mesa,709816
gharakar,724377
sainte-pétronille (qc),718043
hilmiye,728747
rianxiño,727248
orai,711988
ampara,513242
badshahpur,710205
aigio (pelopponese),669589
sant' egidio alla vibrata,668999
isaka,710486
kharwade,734477
pedra badejo,719683
bina,724298
zaria,183995
toms creek,734671
sera,253831
sivasagar,724673
schwielochsee,717079
rheinbreitbach,71063
krasinec,737030
raska,99320
lukung,734393
schreiber,180697
wombourn,133347
tykocin,514498
yamato,255911
bayana,734291
kudali,724489
castledawson,663847
kaladhungi,739130
vicdessos,704729
raj gunda,728336
huetor-tajar,73595
cisnadioara,665586
bures-en-bray,706802
mulanje,103132
sivakasi,114735
timimoun,711801
bad gandersheim,105708
amorosi,88332
busuanga,701449
karapınar,712353
similiguda,724669
chimbote,159000
hohenlinden,69739
ruviano,163208
gorubathan,711898
ghoom pahar forest,719844
delhi,170225
buxar,732259
qiryat motzkin,143937
staples (mn),104851
san fruttuoso,719098
santa clara,726529
madhai,739191
port severn (on),663360
cockfield,129038
fitou,188678
ameca,166688
finnt,726766
valros,666438
conde-en-brie,87301
lekgalameetse nature reserve,734626
bauchi,167626
visnagar,724750
assabu,720836
chat trakan,213524
rio rico (az),203190
muhr am see,737665
fjordgard,737679
cogollos de guadix,687696
balallan,722675
banban,245145
plaridel (misamis occidental),178731
berthier-sur-mer (qc),167868
ferryhill,129735
los antiguos,109065
baras,728029
san antonio de prado,720417
hailakandi,732201
mutriku,73728
esna,734054
violes,77872
eureka (nv),736053
la cropte,694222
doddaballapura,724350
skole,685869
paiporta,199637
coatbridge,129032
pudukad,724625
kheenwal,734447
paute,665136
mansur,114561
mundargi,734235
fatehgarh sahib,734335
bhimbetka,390136
anuppur,718753
renukoot,739310
ghangaria,724376
raikot,734336
talcher,724686
malerkotla,739205
harihar,724396
mahasamund,734247
shrirampur,739509
nizamabad,114416
hazaribagh,724402
siddhapur,713052
chandipur,720806
velankanni,513052
kuppam,738886
sangrur,114680
titilagarh,724714
virpur,724748
bhadrak,720445
mandsaur,724522
hindaun,711855
begusarai,728354
matituy,707302
nalgonda,724557
golaghat,114429
hardoi,114754
purusottampur,734261
dhenkanal,114660
zuluk,724769
gumla,739091
gandhi sagar,739520
merak,734395
khalilabad,739154
motihari,724548
ambajogai,732231
sitarganj,739356
nawalgarth,513434
dausod,724334
jhabua,390144
sri muktsar sahib,724676
modasa,739495
piacabucu,706454
vennakkad,724744
kannamangala,724446
al shamal,701543
deer lodge (mt),104084
thadlaskein,734380
samugheo,725633
cimarron (nm),717408
loucna pod klinovcem,545195
ramgarh,717444
akkalkot,739459
log pod mangartom,67648
nirmal,114415
neelbad,739630
raba wyzna,158014
pianello,668822
mariano roque alonso,732393
formiche alto,704513
mampituba,716237
manaoag,728059
dalen (aust-agder),735825
gundalapatti,724386
waidhofen an der thaya,139445
henderson,201907
machacón,737480
baldivis,728506
gracehill,706431
soluan auzoa,727619
ponneri,737569
calliham (tx),736489
hogen,86423
poncin,193187
ponte do sil,727543
paramakudi,717275
kien svay,716356
puerto píritu,103477
kagal,739570
cudrefin,67899
balibo,737681
quinchao,736390
keylong,728345
malitbog,702263
caruthersville (mo),104003
van wyksdorp,733257
schuyler (ne),155285
vinton (ia),104926
monticello (ia),736007
lierneux,134264
ouffet,70825
baarle-hertog,68311
hastiere lavaux,664110
bourseigne-vieille,664085
cerfontaine,134707
bournoufay,686181
bazel,135286
reinsberg,717199
filz,124394
la chaux (franche-comte),721189
sainte-valière,720650
sainte-honorine-des-pertes,715210
saissac,687446
saint-cernin-de-l'herm,687299
oupia,717332
saint-hilaire-de-lavit,687344
liesville-sur-douve,687008
arthel,185814
faucon,547736
artignosc-sur-verdon,715078
saint-genest-d'ambière,721347
twijzelerheide,87189
heiloo,14134
garderen,1670
kerkdriel,145091
voerendaal,145740
de heurne,144946
lemele,184669
vledder,144540
ternaard,144819
frocester,719292
midhopestones,723132
bouère,186652
grand-couronne,189176
gdow,72695
tierras nuevas poniente,720363
paralia kalamakiou,728295
concepción,115799
torre di ruggiero,669067
wankaner,724211
tagbilaran city,700532
kadalur,724429
hattemerbroek,145041
ganalu,724371
fuentes de cesna,687747
thanh pho vung tau,230901
el bruc,198663
coruripe,669188
mousuni island,739429
roslynmead,733835
ftan,1995
hanumanahalli,718089
belan,732576
jämijärvi,111603
mittelhausbergen,192126
sonada,719846
attur,734223
rouveen,185006
sravasti,23737
datia,390141
een-west,144435
ochagavia,667294
alcala,737565
batoti,710248
east halmahera regency,737486
morinda,114676
giungano,668677
apatin,712517
kovillur,710580
condat,187815
khargone,114589
studholme,706166
pilar (sorsogon),737943
moca,141317
casanova,187119
boulbon,76950
santa maría del tule,724971
goldau,172337
moirang,734375
varillal,733094
bjelasnica,712202
morretes (parana),512802
sei pinang,734780
haveri,724401
barmoya,736190
hiriyur,732230
milina,73060
laterza,162759
hunsur,737279
vlierden,185273
sachsenbrunn,717003
posada gorna,157935
calahonda,99349
borgo pace,715460
castelveccana,688166
nehren,70565
agliana,166258
montmeyan,706096
lathum,145123
badacsonylabdihegy,664495
kraljevica,70034
localita goraiolo,668683
warstiens,144842
sint annaland,185073
groenlo,145022
hoogstraten,133744
lussan,687035
florennes,664102
boekhoute,135305
ooststellingwerf,713256
loutra oraias elenis,668382
kraslice,109678
daya vieja,198625
avelgem,135636
bantega,144599
sourbrodt,71501
schimmert,145708
couleuvre,721065
tuitjenhorn,185214
sant' angelo in pontano,711512
emst,144996
sint kruis,718104
lastebasse,725585
dalerveen,144414
gedser,196449
makkiyad,724509
bogliasco,164702
villanuova sul clisi,165489
moral de calatrava,667251
luwu regency,737450
nunukan,712522
polpenazze del garda,688281
hilsenheim,189454
starogard gdanski,158311
eaton (co),201418
santa maria del oro,665665
evansville (wi),719016
brush (co),99682
bjorli,544767
hamilton abad,724392
ekbalam,724838
rutten,144584
an khe,215297
nunda,150947
tacheddirt,702339
pearisburg (va),104620
doraha,739475
skeid,137387
al 'asibat,243986
beckingham,128244
la roque-sur-ceze,715140
yasinya,701984
göfis,141061
pedavena,178457
silvolde,145225
grouw,72381
eys,547315
sleen,144522
poortugaal,184942
polino,178786
san salvatore di fitalia,705151
pionsat,665927
dompierre-les-ormes,547691
vysoke myto,693667
sevenig,686074
krumbach markt,139110
oberwölz stadt,729683
someren,185107
villers-sainte-gertrude,686227
villaricos,726946
deschambault (qc),694024
garni,710419
attersee,139533
medvedzie,707310
dundee (ny),735953
ocnele mari,707391
lanzo torinese,165930
garhwal,114767
san luis (aurora),728073
sao vicente,79301
stevenson (al),23464
ophemert,145186
houston,130471
mandria,664309
bhanpura kalan,719799
phadamchen,724610
dorfchemnitz,716971
spalt,71512
magway,701098
castel ritaldi,169296
borim,724303
hibberdene,710466
risca,131990
pusad,734254
salinas de hoz,717266
taceno,181893
rauschenberg,105715
ribas do rio pardo,729112
kamshet,671669
paulilatino,737252
thateng,717026
jaegerspris,196747
fuente alamo,667004
el brasil,709895
rillo de gallo,704628
katzrin,545335
jamkhambhaliya,713191
prievidza,136026
montmagny,192327
melo - cerro largo,664053
towednack,133463
coffee bay,78627
saint priest en jarez,194370
onesse-laharie,720622
sandton,20713
manapparai,724518
arpajon,76827
jansath,734348
kolda,701144
wadala,114651
bouznika,102521
şabran,700878
dzoraget,710390
warmingham,86875
burwardsley,722652
stains,194853
cavo,169355
alumine,693575
karkala,718731
kiketi,732534
alnif,718869
whitehall (mt),78893
paras,161731
achhalal hatta,737516
marco de canavezes,176303
anthisnes,134152
guihulngan,702227
jimalalud,720014
selakui,718807
kibale,701276
pagadian,512911
welimada,711919
frasso telesino,163120
hunawihr,547830
livadia (voiotia),719982
leizen,119817
nava del rey,687844
bhimtal,21635
san fermo della battaglia,715989
meulan-en-yvelines,714011
lakitelek,727881
gattatico,163584
sarari dhar,734409
maia (ribeira grande),733035
gangnani,728367
dobara,737513
san blas,665660
kingori,733115
asparukhovo,136251
miglcni,686455
newfane (vt),514223
ceará-mirim,701661
manglia,114590
byalalu,718730
bugadahalli,724308
mimisal,737675
tanauan,181977
cesson,737525
a espiñeira,727201
cuyabeno,706905
nguyet hang,227612
moran,545342
umrakot urf baidanu,719836
deneysville,705571
comarnic,688555
nongoma,712652
turre,704823
jaldapara,669645
plein,663785
ammanford,127992
feusdorf,685980
gayaza,725732
aidlingen,166322
gangotri,30353
home island,701431
san andres huayapan,703024
sharurah,709416
hundon,69807
poipet,512788
nederweert,145666
la ferrière (rhone-alpes),721430
osorhei,665385
madinat `isa,162546
reinach,179351
le châtelet (centre),721156
cupramontana,163515
nobres,729033
taurasi,163250
bolsward,72294
padum,513515
zlocieniec,668200
tinjan,694123
wakefield (va),735964
micoud,105090
akwidaa,733077
baroipara,732512
boughton monchelsea,128476
barbosa,701621
kestell,733175
etxarri-aranatz,666975
ickburgh,130521
mahawewa,716200
zygi,707834
summit hill,153513
jászárokszállás,115183
rumney,149916
felsberg,118854
sotoserrano,667570
hattenville,703998
ha chue,222357
regny,193507
young's cove (on),726132
ayios theodhoros,110596
worleston,133391
aglona,686442
chandbali,739018
cais do pico,733031
tân an,115663
pietracamela,668842
pachangara,716324
wörthsee,117827
porto canoa,718198
kocabaş,728952
königswiesen,139694
islamabad capital,700194
chkalovka,733325
zawiyat ailat nuh,701989
montese,668770
benighat,710255
büren an der aare,168743
berkenthin,126454
tussenhausen,117535
vakkom,720441
pedrogao grande,705782
nianing,734038
ramat yishay,144033
monash,142625
mallig,728071
badens,686544
åsele,167058
bungendore,141458
thomery,195012
parañaque,178365
charlemont (ma),736706
ibajay,736091
gebenstorf,685744
wezembeek-oppem,135247
lozoyuela-navas-sieteiglesias,738821
gushaini,724388
andes,726712
bast,703275
castleblayney,159405
baimbridge,167362
holand,711274
ichikawamisato,720846
lapu-lapu city,175418
sawley,132155
aidonia,234840
gibostad,544784
borlipanchatan,724304
santo amaro,180432
falna,734459
snowshill,708516
oranjeville,736260
villalcazar de sirga,667695
francestown,149877
gluszyca gorna,709916
garrigues-sainte-eulalie,715212
james pt,725759
machachi,707273
montale,163726
pozzolo formigaro,164872
thies,701939
teasdale,154853
pylos,73094
germenj,707013
farges-en-septaine,694197
porkellis,708452
gadbjerg,196425
nyngan,141817
eelderwolde,144434
kumai tea garden,734516
sainte-thérèse,179901
cologno al serio,75788
claverdon,68851
monitor,155478
konarzewo,157171
dickchou,734514
indigo bay,736243
orissaare,685937
bičići,732342
coedpoeth,722805
llangefni,70225
cordisburgo,738868
hem-hardinval,734201
barkelsby,731441
skabu,686376
lafarge,190302
chariton (ia),104013
konnakuzhy,724480
boutenac,186732
olivenza,717713
las rabonas,701766
fougeré (pays de la loire),721290
siqueira campos,729095
theologos (fthiotis),728289
mineral de la reforma,685899
ellos,170938
vidin,71876
jasenak,69862
neripura,737515
gravdal (nordland),735749
moraleda de zafayona,199519
center point (tx),735401
kiseljak,707143
xa trang bom,233232
frutt,105914
zizur mayor,79305
útica,726666
cunca wulang,737559
craster,708136
gherla,172202
ambegaon,718759
nimran,245820
smiths grove (ky),147167
filotion,236769
chalkio,728308
ano sangri,235327
bonto lempangan,734890
stio,737536
ribadavia,717651
ar ruq`ah,162539
sira,739355
maksamaa,112140
urubage,734490
chalifert,187270
siebengewald,145713
marknesse,144580
malilipot,728050
juguang,737702
zechin,716831
tumblong,141965
buttala,168814
arese,164977
stabekk,136514
phum banteai dek,228632
doringbaai,712033
cheshire,19491
abadiânia,729138
antonio prado,688340
glenluce,708214
el cocuy,726702
atlit,737506
belolaut,734722
pioneer (ca),671208
castel boglione,668650
serpe,727176
focsani,20028
lamarque,714464
kabil,161807
skalia,242064
nová dubnica,136079
los urrutias,667178
bath (nc),735467
mugaiyur,724549
palo grande,719171
tijarica,732314
zipacon,737504
vromopousi,243271
villanueva de arce,727636
windeck,72110
kalpaki,694453
chiţorani,730172
ottenschlag,729760
meise,135106
hale heggudilu,724390
karangan,211318
algarve,19110
kota marudu,211368
newfield,150923
coudersport,152816
châtel-saint-denis,169508
tellancourt,687503
horazdovice,109487
roddi,88543
san giorgio scarampi,715996
leland (mi),735506
charles,128868
greiveldange,109133
boimorto,717659
belokomiti,105749
villar san costanzo,76696
tanjay city,671679
paiguano,736367
dhawalagiri,700813
vadakara,724730
la charite sur loire,671136
nestani,240379
muang fuong,737549
el morrión,727515
burhanlı,728723
chaniá,162010
jaunpils,733561
kishanganj,724473
heubécourt,189443
tikkari,734428
vilassar de mar,512814
buffon,186927
becilla de valderaduey,727061
chirad,734472
sanzhiika,737544
woodwalton,723466
kitriai,238356
huajuapan de león,173793
narlı mahallesi,718863
roldanillo,726688
soriano,181415
birtamode,737037
aignan,185534
wolfersheim,72143
gil garcia,709240
kuchinarai,213894
condat-sur-vezere,547638
weiler bei monzingen,731307
badung,717279
aggius,712457
pietraperzia,178637
landiras,190384
smiths lake,710909
aryan wings colony,734509
lierde,544511
rolleston,132027
aljaraque,197953
sodus,151116
creon-d'armagnac,706019
montoire-sur-le-loir,87470
capesterre-de-marie-galante,732859
juan de acosta,726677
lubao,737237
apalit,737705
vimeiro,73347
flic-en-flac,18155
tomas oppus,737521
patten (me),514202
port william,686153
bronte,168587
puy-guillaume,77801
middleton (northumberland),723130
eldon (pe),726237
lubmin,86482
pengkalan hulu,211670
eichstetten,170779
saint-vincent-sterlanges,78401
sarilamak,734918
faugeres,686785
pegatan hulu,734781
skibby,197359
hatherop,708248
killala,737338
lenggong,211459
dinalupihan,728055
little fort (bc),701776
kornati,737528
eldorado dos carajás,729296
ratanpur,713195
billingham,128328
nagyvisnyó,732660
montnegre,199511
banesti,86200
lachute (qc),175278
neisseaue,717195
ipalogama,711906
mamers,77550
thirlmere,728595
potterspury,131840
owingen,178218
roade,131999
panthersville (ga),736669
sta elena,733348
kasunganyanja,712342
gangaram,114404
lancrăm,730168
hartmanice,702364
röthenbach (bavaria),731083
cumhuriyet,170063
oak island (nc),151544
north bank,701335
nangamese,734852
pasacao,709103
schaprode,716905
echenevex,77170
paul roux,733159
gwynfe,708239
sohagpur,724674
bieber,118700
mücheln,126192
salt,185480
akbarpur,734305
zederhaus,545067
cubellas,87847
okna,110350
barx,713399
aimargues,76777
campinho,733046
esine,165165
minheim,663700
tumlingtar,725509
kruče,733929
smokvica krmpotska,732329
reydarfjordur,16862
dong banh,221592
flein,171527
acton turville,68142
lubok antu,211522
alliance (la),720068
bruksvallarna,664685
sangamner,739330
ishurdi,736307
ramallo,98797
la arena,720237
forgandenny,129799
farakka,734355
kamuli,701269
bermudian landing,733362
higuera la real,704528
gobichettipalayam,737523
wadgaon,724753
ormoy,719515
vallabregues,666437
great witchingham,722946
duhok,738802
são bartolomeu de messines,180459
el banco,109336
el gouera,701689
cornellana,666892
chikhli,732242
neira,726691
tabundung,737547
la puebla de castro,667350
leisnig,125546
budduso,75578
jageshwar,739449
bosiljevo,703284
melissatika,239777
kabini,513091
aspermont (tx),99556
welcherath,713530
san andrés,719183
skarinou,718129
ribeira quente,736805
monte belo do sul,729053
segura de los baños,727446
calabanga,709117
werdohl,124119
lauzun,704062
san pedro de jujuy,707854
kinderbeuern,124587
pipalkoti,724615
ponnamaravathi,717255
connelles,105680
voorhout,185286
jensen beach (fl),16272
chinchero,716311
obonjan,732299
estillac,188522
corno di rosazzo,164164
nea ankhialos,73068
contamine-sarzin,187842
bello,109287
la chapelle blanche saint martin,547873
neuenhaus,70586
l'olleria,667169
bruchweiler,731000
montlivault,77634
follo,715649
palauig,720496
bihta,739558
dras,738907
washim,737640
koc pai,224255
jhinjhak,738805
neuilly-en-thelle,687141
sora,164644
shabdan,733554
tornimparte,716091
ocosuyo,701827
kadi,739127
agios konstantinos (fthiotis),728286
ottiglio,165985
gonnosfanàdiga,172369
eschbach (baden-wurttemberg),731002
johnsbach,686392
erattupetta,719861
leomil mbr,669340
bogra,671812
voglans,195691
nová ves (south bohemian),721651
chippni,728365
east wemyss,69077
orsomarso,162935
rugby (tn),736169
villelongue-dels-monts,195574
kilfenora,727935
aia,666598
pilot point (tx),514194
misson,723137
nyanza,734024
berlanga de duero,666726
gonnesa,172368
nurachi,715833
vaniyambadi,739602
camastra,168970
khe sanh,223849
mojstrana,67651
val,109546
solarino,76554
montoro superiore,715811
sersi,734414
matias barbosa,707301
nea karvali,240221
valanchery,724734
zeda makhuntseti,726511
frederick (ok),23217
renwez,737526
sholayar dam,724665
orosi,710766
elkhart lake (wi),104144
kojsko,707155
cabrera,545073
xa gia tan,233155
moncontour,665783
casalabriva,720589
pasakiat teileleu,734917
pecharic-et-le-py,687180
hunucmá,724861
dhubri,739056
piesting,139261
uis,726939
calco,75591
naftalan,700891
maries,736876
whitsett (nc),104997
seville (fl),736106
castrignano de' greci,169319
lagnes,190319
ocke,702819
nederland (co),104536
hudson,173802
khura buri,213837
kyperounda,707182
werther (westf.),99106
hungry horse (mt),736714
locsin,175782
st. nikolai im sausal,729779
cembra,715563
el jardín,726321
agumbe,737382
diava,236282
thanh pho da lat,230888
agnanta,234785
iraí,729067
zlatograd,544654
cartago (valle del cauca),725274
pillig,686047
new london (pe),718366
gassville (ar),23510
ruhla,71156
saint-germain-du-corbeis,714328
caehopkin,722724
mánfa,114843
delvinë,732937
marinilla,707295
saint blazey,86843
south gulf cove (fl),719401
ville-saint-jacques,714542
guilford (vt),736762
aritao,737529
gabarret,188921
tangstedt,127129
port henderson,711449
petrila,730224
neenton,712389
navodari,705366
shanti niketan,710892
cromarty,68913
shaftsbury (vt),104756
saint-ay,193906
holt (dorset),722988
brawby,722762
smoketown,153471
briar (tx),736755
ellemford,69133
rambah,734877
kitagunma,737941
narsaq,110845
roha,739313
kalongo,725738
sanguinetto,76462
buggerru,688138
pitt,131781
mainvilliers,77545
sanga-sanga island,671714
mariannelund,176322
redmile,131956
oakamoor,131566
birnam,128352
stephentown,151148
fairlight,708189
thayer (mo),736019
lievelde,72441
llangynog (carmarthenshire),723081
harlestone,130185
jamui,732246
hai hau,222448
crawfordjohn,711208
chham,710322
yerington (nv),149839
chiltern,728528
arimbur,724242
yantis (tx),735397
weikersheim,183590
mecidiye,728720
saint joe (ar),736474
rathdrum (id),203135
kingfield (me),104344
emiliano zapata (mexico),724850
cavinti,715373
gupis,735624
hatgal,736083
oarja,665386
darién,723516
ap cho dinh,215683
müllendorf,109216
amaliapoli,234998
keramidhion,238085
emlenton,152907
skudeneshavn,137836
rozadas,727602
akti nireos (euboea),736888
ano poroia,235315
nassington,86807
gardenville (on),726097
tychero,668465
rrëshen,732916
hinunangan,702260
bon accord village,694007
ouyen,513482
stok,734390
itaí,729011
kanchrapara,739571
palaia fokaia,73080
kissos,238353
bagnone,164689
playa coyote,737542
mor,685620
atzingo,724787
montjean-sur-loire,665823
geville,714938
eratini,105757
akhladheri,234879
petalidhion,241063
belathur,724278
le vigan,190971
msida,177069
hanul ancuței,729889
osório,178078
navajas,292866
ilesa,726438
lake shore (mn),736712
batukaras,710249
agiokampos (euboea),728305
botricello,88355
fifield,86732
kharokopion,238190
leverburgh,663891
konjska reka,723545
little elm,154459
târgoviște,719916
piaseczno,99284
sylte,137238
trept,195147
laxfield,708325
bayır,728916
saint-geoire-en-valdaine,704275
denno,170252
krizevci,544693
tawala,246161
parkville (ks),719031
kamouraska (qc),663290
siuntio,112667
haliday bay,728552
caton (tn),708835
paranapanema,105320
katori,106336
na pho (buriram),669497
stroby ladeplads,197526
kachreti,665336
bordj el kiffan,706784
smithwick (tx),735400
aumale,185908
sainte-ode,71197
borino,727734
santa colomba de las arrimadas,727212
mjølfjell,737102
nkhata bay,700714
bouzama,719053
pitomaca,136395
mablethorpe,131117
la jarrie,190018
ottertail (mn),104600
point au roche (ny),720108
maalaea (hi),732174
waihee-waiehu (hi),732177
cernay,187213
soca,85920
touquin,694317
rouvreux,134311
bobbio,164700
panki,739530
pilkhuwa,739284
thai hoa (nghe an),728011
de doorns,513552
saint-ours (auvergne),720736
casalabate,75655
azille,87217
hoşdere,728772
agridhion,234811
lake hume village,728524
coxsackie (ny),104061
saida,179848
mandeville-en-bessin,704121
boileau (qc),726171
paso de los toros,733626
valle de angeles,706214
seringche,718060
araria,738945
salas de los infantes,73812
miraflores (yauyos),716335
bălnaca,730027
leamington spa,10636
pindimana,724614
khalgaon,719810
casa branca,669313
rong (hordaland),735804
gwangju,265449
agiofyllon,234729
gwalchmai,130103
montras,701814
pont-farcy,721240
xilxes,73954
scarning,723268
balkbrug,184145
pentlepoir,128604
aynho,128111
engure,144162
beddingestrand,726446
grantham (bc),725986
boten,732942
saint-gély-du-fesc,194072
villar de olalla,88028
verghereto,716140
charlestown (ri),78757
perote,711439
ewyas harold,129663
pusing,211720
agur,711914
marijampole,87705
nilagiri,734257
karangputat,734749
moyá,199533
lucena del cid,667185
fornovo di taro,163559
viskovici,703492
krsan,544690
mirabella imbaccari,176712
pazin,136291
stanisovi,703468
sainte marie la blanche,666113
labinci,703366
west bagborough,708601
santa oliva,726950
orlando,202857
ruzici,703451
bela pratapgarh,737500
essuiles,547724
lopez,175839
whakatiri,110838
jaigaon,720823
kakanj,127790
elbow cay,719664
tervola,112783
pennyghael,720479
malegaon,114623
le tatre,686988
chavakkad,739467
castropignano,165655
chong ho,220425
grundsund,685696
åmmeberg,718825
ixworth,69854
kokshetau,710571
sant' angelo le fratte,716025
salles-la-source,720706
kamang hilir,734913
argentona,79453
oisy-le-verger,192734
bordelum,68634
tegalrejo,734767
gudur,732232
demirtaş (trabzon),728810
kamareddy,724438
kaithal,513652
didwana,734268
marble canyon (az),735029
munger,738837
smith's,700171
san nicolas del puerto,667492
mozzecane,177067
weldborough,728620
norton,131542
cista provo,703300
chakra,114485
patokoski,102143
humppila,111552
jizzakh,701033
hornadu,724410
naroda,114494
new tehri,739499
pinawa,178661
ligao,709100
ciemno,704887
la vaupaliere,547910
little steeping,708335
adamapur,737674
mandapam,734501
kopong,726774
wortwell,721584
vikarabad,709490
pilibhit,737754
crystal bay (nv),18712
saint joseph (on),726065
barwani,738978
supaul,734368
garhwa,739076
chemolgan,710317
markopoulon oropou,239576
shahjahanpur,734297
kumbla,724492
kondapalli,114409
mahoba,738849
uong bi,232725
clarinbridge,18546
milltown,159223
melekeok,700831
azhutha,724248
bad pirawarth,138866
gargoti,737659
filfila,736230
cosanga,706888
koppal,724482
hochst,87029
tan-tan,693572
cervieres (hautes alpes),688471
pawlow,157828
escouloubre,714871
celestino gazca villaseñor,737097
hornitos,736364
phuthaditjhaba,178599
ogdensburg (ny),23394
born am darss,118724
bhatrojkhan,724284
bray sur seine,547511
guape,712319
zelhem,145316
sendvario,733683
meßstetten,176604
kirby misperton,723033
medina de las torres,717721
borkowo,88174
galbarra,709233
lappeasuando,734085
tale,732917
zuheros,88033
saint-just (languedoc-roussillon),720783
ayun,733968
ashoknagar,724244
el castell de montornes,713381
harpswell,147549
sotteville-les-rouen,78469
jaén,725343
marcona,159011
dubno,723695
totanes,687953
hjelmeland,137766
segura de leon,667539
cherence le roussel,547613
westland (pa),721041
assiut,110541
pourion,241430
hvasser,703604
kot ahmad shah,733977
galintenai,709904
upper jay (ny),736727
vallon-sur-gée,195274
crezieres,714934
moscazzano,705116
henley-in-arden,69648
blossburg,152701
kure beach,151474
cassine,75670
rajpipla,739592
donceel,134206
luperon,709622
älvkarleby,166661
quarre les tombes,665981
brozas,717704
licking,149414
oland,177903
east gull lake (mn),717969
estagel,87333
lumby,175944
northleigh,131539
job,189630
marinici,727959
halvad,738865
vadakkencherry,724731
chincholikati,724322
evaux-les-bains,77197
biggs junction (or),717781
beurizot,714693
eaton (oh),514374
falconer (ny),20409
bandar baharu,207794
jesenice,726418
jehanabad,739111
bestepe,99299
šišava,725862
squillace,76578
encarnação,719756
schützendorf,729730
torxem,724716
kaukapakapa,737570
puy-saint-pierre,87532
akole,724220
cianjur,512856
tana tidung,737418
hutan,734906
ballinalira,720916
minskaya,700196
chludowo,156474
teroele,144820
yonaguni,711065
caspoggio,706221
san martino in strada,716003
montaldo torinese,715780
costarainera,164768
vacarisas,200195
leisach,686399
eaubonne,77169
narasinghaprasad,724565
llanmiloe,723084
anekal,718729
uran,739515
puerto san jose,102787
lovenlund,710019
kagga kamma conservation area,734598
pine bush,150997
mordogan,21322
mount pearl (nl),177057
punxsutawney,153369
da chang,220860
karu,739610
modi'in-maccabim-re'ut,737563
iijima,107779
pelalawan,737402
pohnpei,18090
sipitang,211914
futrono,719331
umuahia,182696
buñol,198281
belleair beach (fl),21197
barauni,738973
loxley (al),100323
princeton (fl),736660
arroyo de piedra,706718
karlsbad,69900
vallo di nera,669101
st pierre le moutier,666322
dunaszentmiklos,664509
paso del toro,724919
aus,712195
warncoort,728673
gunnarskär,172807
dhafnai,236040
quinto,665015
great tey,130047
duved,99414
pastetten,663782
bolstadarhlid,685793
meydanköy,728783
riccia,688289
cavergno,702966
lindefallet,175700
melissano,176538
olympos (dodecanese),719926
bronkow,687987
conneaut lake,152805
wa,711583
cerro azul,720241
vimieiro (viseu),716257
introd,688223
utjeha,711710
asgaour,720299
kaji-say,721605
wasini,735608
montalto delle marche,705104
palazzago,668800
san canzian d'lsonzo,164336
acate,166165
skällinge,181117
kuang,734846
jablanac,86954
stalowa wola,158291
kaspi,174637
ghastoli,737514
pouilly-le-monial,193266
larceveau-arros-cibits,686953
saint-etienne-de-villereal,687320
saint-arnoult-des-bois,714803
villers-sur-authie,687576
plainfaing,665930
centuri,686644
estialescq,686777
cleguerec,187697
chapra,734370
dottebol,709889
storhagna,702904
grythyttan,102834
sater,180560
askloster,702580
häkafot,734136
hedemora,173317
dals rostock,102148
opp-norrby,702822
farsta,171345
gotene,172414
ardahan,664591
bingol,664600
merzifon,725048
cebeci,737240
avsa adasi,712166
ar ruqayyiqah,244887
payerne,178450
schwarzenburg,180718
norra varalov,693871
bara,167480
muskö,177167
nevshehir,16303
büğdüz (ankara),728975
jaitaran,114691
meghana,114695
gönen,115942
yamaçdere,728771
rote island,513507
thalikulam,739441
trai do,232228
kongsryd,174908
fide anderse,734099
baglung,737942
sankhu,710871
jomsom,710503
broxburn,734575
soshanguve,181435
apazapan,718624
dahegam,739034
st. marys (on),718984
rivière-éternité (qc),726013
dildo (nl),170344
rawdon,179286
two hills (ab),726214
poplar bay (ab),726076
boyle (ab),726079
perth (nb),694030
berkeley (on),718353
river of ponds (nl),711689
goëngahuizen,144674
villelaure,195573
la martre,21161
saint cirgues en montagne,666065
maisonnay,548079
vertrieu,195456
oloron-herrere,18383
nouzerines,102241
limalonges,721402
bhigwan,724287
saint vulbas,194458
callen,734212
champagnac-de-belair,87282
plessix-balisson,687208
sauzé-vaussais,721401
verfeil,195404
brue-auriac,714882
vimy,195655
loiron,191474
courson,703922
chouzy-sur-cisse,87293
amfreville-la-campagne,185640
mouazé,735002
ancteville,719490
avaray,185971
montauban-de-bretagne,192223
goulancourt,189123
ecouche,87324
erny-saint-julien,188460
valleraugue,718164
rieucros,666014
villefort,712451
taintrux,687498
abitain,185492
salles-curan,194484
serviers-et-labaume,714623
secondigny,708776
maisonneuve,191664
marienfliess,717100
aguiada,727170
aldeadavila de la ribera,666618
burgen,694037
sontra,664190
erlenbach,171097
hollnich,663622
langenhorn (schleswig-holstein),731442
hohenlockstedt,126713
araçariguama,166876
ituverava,729125
itacoatiara,174190
angatuba,729010
limoeiro do norte,175684
restinga seca,716238
rossville,718492
myponga beach,718466
tejeros,182070
hérin,189422
kyengera,725731
laesoe island,666572
egloffstein,170738
topoyo,734879
saittas,711486
la pintada,711340
el quisco,665281
70 mile house (bc),737693
sarteneja,725471
milejowice,157556
tram chim,232305
verocemaros,685632
cai lay,219886
kabelsketal,717185
kijangwani,707130
bai man,217051
bagard,715190
bomdila,728374
carlton (or),99722
montfort-sur-meu,192290
marloffstein,116532
servion,665059
prospect (or),720534
schneeberg,71324
uchila,724720
croix-des-bouquets,733506
iguana,733885
saint-marc,718258
chimaltenango,706849
port-salut,702123
cayes-jacmel,733502
dankotuwa,716199
sundsbruk,181797
kaslo,174636
skänninge,181125
kandal stueng,716354
couturier (qc),726035
bodalla,728648
wegscheid,117697
canari,703869
shanivarasanthe,724657
la cruz,98954
rancourt,87540
bohicon,712623
taboga,718166
baudinard sur verdon,547435
ranspach le bas,665997
ebersbach sachsen,703080
severínia,729122
apulo,706711
muga de sayago,667260
oberweissbach/thur. wald,86527
valapad,724735
irshava,723659
chilegir,726403
foglianise,163116
tirumala,114420
texhoma (ok),152431
ganagapura,739479
ridgewell,131976
anza,719636
vollsjö,183420
les chets,191098
masnuy-saint-jean,70370
viscri,665439
wambaa,733105
redwood valley,203156
newhall,131464
auraiya,734304
thourotte,87649
shambhunahally,734494
cheroh,719350
sea ranch (ca),104744
abakaliki,732901
tawang,702197
saghbine,726795
lochiel,734564
solar de los molinos,724045
jesenovec,705654
belleek,19940
bhiwandi,710264
zibello,76709
vale de lobos,182878
erumely,719862
villeneuve-la-comtesse,721396
senhora da hora,180803
la pomarede,547897
aragosa,666648
anantnag,738939
ag. marina (kropia),720000
auneau,185913
krishnarajasagara,718732
ile oluji,709952
muthathy,724554
shadnagar,724206
ogbunike,177864
koster,733250
argir,162513
dörtyol,728836
raches,710087
minne,176704
palazzuolo sul senio,668801
al minya,110517
jamapa,701738
winesap (wa),735421
confines,709877
noisy-le-sec,192635
potrero de los funes,664250
honnurkuppe,724409
arambakkam,724238
yenicami,728786
arani,724239
latronico,163134
malix,664977
hundested,11230
balabanlı,728728
gondorf,69407
ensuès-la-redonne,720791
allanton,722671
blossom village,720513
rishop,712154
cabo guinjata,712339
doria gaon,728352
borma,736073
slavkov u brna,98964
neckarbischofsheim,70560
forsyth (mo),718296
dunakeszi,115265
hackleton,130111
waasis (nb),663452
loch sport,728634
plantation village,725751
kamëz,732932
milis,715758
logan lake (bc),706295
da dang,220863
fianarantsoa,701112
curanipe,728121
kestel,174704
elmaalan,728792
mortcerf,192428
doddington (lincolnshire),722851
el queremal,726684
marcignago,715739
puerto libertad,102561
southfield,719316
vistisoara,688609
peculiar,149480
borș,720308
perry (mo),711684
sparwood (bc),718022
les bouchoux,191059
larochemillay,190469
creighton (sk),726177
moore falls (on),726062
milaca (mn),104474
gonaives,710431
badacsonytomaj,115527
longeville-sur-mer,77507
samandağ,728759
kilcunda,719748
ouargla,143747
harpsden,130192
joure,72421
bredsten,196222
hankon,724393
sadali,668883
czarny dunajec,156558
wolxheim,195779
bibbiano,163315
dolores (co),104102
canyonleigh,88741
smolenice,136115
lavdhas,239056
aanjar,726800
haldi,734506
don carlos,738866
bekesszentandras,685593
stamford (tx),19881
sixt,87635
valtessiniko,105849
faicchio,712816
yaotsu,255950
agerbæk,196044
cuajiniquil,732816
dantiwara,734460
dağınıksu,728787
bethencourt-sur-mer,714921
pommern,694053
sukrala,737944
royal palm beach (fl),203241
dabra,734312
hapur,724394
ba,709821
mahakali,700815
forest land,734664
sklithron,242128
riom-parsonz,721657
jaboticatubas,729335
sao jose mipibu,669266
elassóna,162037
itapeva (minas gerais),729443
grevena,73000
morton (poitou-charentes),721350
vieques,19595
torokbalint,67746
rincon largo,718165
donnerskirchen,69018
ipswich (sd),736015
karahal,734311
willingham by stow,737511
merindol-les-oliviers,715146
shilimb,720995
rivière-noire (qc),726186
mccaysville (ga),202460
urrizola-galain,73914
yarraman,737664
kuning,161613
belcastel-et-buc,714691
pompeu,701848
el hawaii,733457
ait ourir,685419
gopalganj,732250
bozkuş,728977
sokakagzi,702545
ebor,728444
roscoe (ny),671211
sisli,181075
mcgregor (ia),514256
benezett,152681
mavis bank,719318
ben guerir,737655
eatonton (ga),23335
banaybanay,737678
bowser (bc),168419
banja koviljaca,669423
balgach,702965
st. lucia mtubatuba,665240
pofi,715902
san severino lucano,88565
strefion,242396
nandrabad,719805
adama,726356
waluj bk,719808
wolf point (mt),23207
el mansouria,726760
ban ngoa,218121
besh kungei,733542
indiana,668210
vestervig,197756
rozan,158097
rodigo,76367
pasighat,725100
helford,708251
bori,710282
areal,718552
wiazowna,158576
addalaichenai,726304
unhere bk,724726
moclinejo,87922
el kef,737641
narsipatnam,737656
poum ban,229464
istebna,668005
amador city (ca),718514
ripley (ms),104697
winters (tx),737715
perşembe,728797
tatranska strba,544589
ye yen sun cay,234483
cabaj,706806
peraia,73090
pantelimon,178337
arcot,739461
ashmyany,732438
minastirea neamt,707321
tataouine,86184
soignies,134119
bolovani,706782
hvitstein,136464
myro,703648
rustaq,711807
zarate,108982
katol,734251
gutiérrez zamora,721713
leivi,164809
shirgaon,724663
ma'an,547343
moglia,163715
desana,165891
rapone,162772
ad dar as sufla,243908
kocaeli,85997
dipperz,68995
bitton,128381
robadje,732282
laneham,723039
huancavelica,159008
mejannes-les-ales,714971
bonnétable,186577
dennebroeucq,188190
burträsk,168795
penaranda de bracamonte,667360
ceyreste,187235
saint patrick,701065
koscielisko,88183
hydur,724414
opuwo,103060
chinnar wildlife sanctuary,739436
kusel,124632
sunamganj,732514
oak park,148513
llantwit major,86786
viddalba,716149
mawsynram,739522
warrens (wi),104949
neukirch (saxony),731072
başlamış,728837
vaishali,737673
pohjaslahti,664385
olgiate molgora,715838
dobris,110223
dibba,78588
montepilloy (picardie),714205
kasara,738828
roisan,668871
mundaring,710719
stony middleton,132565
valbom,182861
afiesl,68150
cozieni,729955
herguijuela,687762
petit goave,733494
bunnell (fl),736663
pena blanca,732834
melchor de mencos,733471
charlo,725055
clarence town,701668
aserradores,733855
jocotepec,174372
hartswell,707061
crossing rocks,719667
charlotte (vt),717371
millbrook (ny),202532
saint ann's bay,719726
marshalls creek,153164
tenabo,724990
lamar (tx),735388
barryville (ny),735474
orcas island (wa),667886
port hawkesbury (ns),178871
naguabo,197833
san antonio (pr),100730
mt julian (on),726121
guanaja,706194
al bad,244084
balagny,186048
peak forest,131698
sikici,703458
manapla,702287
agdangan,737654
woolwine (va),514083
saignelegier,179849
barci,708981
koppa,724202
penacaballera,667355
silapathar,737670
ducktown,153993
gorino,737464
mirto,176730
chano,712945
fort simpson,171665
ja-ela,669541
canegrate,165055
grumo nevano,163131
trebisacce,19314
phillaur,739282
renigunta,720952
nuevo xcán,724911
afyonkarahisar,664586
riviere-pilote,705823
crosslake (mn),104066
rossfeld,193727
zumbahua,725842
callac,187017
port bannatyne,723224
hillsdale (ny),736406
edenaichet,139572
trausdorf an der wulka,71754
oberkappel,139789
gasselte,72370
salgótarján,115239
novar,177652
retalhulehu,664575
guaillabamba,709248
elm creek (ne),514368
cesaro,169423
pilani,114699
powai,114432
bermani ulu raya,738916
frederiksvaerk,87722
obrigheim,124809
villa serrana,733636
tintinara,737680
saint-bruno-de-montarville,179877
videira,183189
barruelo de santullán,727513
biscoitos,733022
ohningen,716744
ivinghoe,130572
bolama,700295
przywidz,707466
schafflund,127039
tanja,733804
el pedroso,717297
castelmarte,715546
tiggiano,182194
sand springs (tx),736758
estany,705589
sahnewal,734424
vanderhoof,182951
piedecuesta,726664
popenguine,734036
el colegio,712124
horseshoe bend (id),735018
angairia,235139
truong ha,226805
callicoon (ny),103983
floydada (tx),154332
fischer,154327
feroke,739478
cheyyur,739029
meuvaines,665768
karamursel,664637
aldbrough st john,722754
bardineto,165687
greenvale,143047
virgen del camino,667723
ba tri,216938
beni suef,709851
curacautin,665280
chelambra,724318
curiti,712127
ciérvana,198530
manamas,734864
boutenac touvent,512774
chapel en le frith,128860
pilisszentkereszt,115314
triollo,709453
cuorgne,88422
akanthou,725792
walnut (ia),23240
vauvenargues,195333
lessy,191329
zaton (šibenik-knin),718856
mineralni bani,705287
signes,87633
tunceli,664670
margomulyo,734794
choisy-au-bac,187645
derdara,726770
fladungen,663533
tandadalen,702919
manasa,739209
gualaceo,693884
nagaon,114627
polewali mandar,737393
rathmullan,72930
mahayag,738807
kilroe beach,709513
la grúa,141328
riberas del sacramento,724929
karacabey,711783
affoltern am albis,166237
herouxville (qc),663281
sant vicenc de montalt,87988
arattupuzha,724241
hiregutti,724405
nayagarh,739246
razole,717284
heddaravalli,724403
geisei,248019
pirot,669437
jesús maría,724030
marina wendtorf,663685
verin,713996
tegelen,72554
sotillo del rincon,667565
ligia,239163
askam,128063
vallikavungal,724737
cigole,165119
santa susana,719205
santa inês,180370
beersel,134845
solleron,664765
gornji seget,707032
teakettle,733359
kihou-cho,250461
balehonnur,724256
ghachok,725773
ronnang,179631
yamoussoukro,711911
josipovac,732320
malborghetto valbruna,164228
jangalia gaon ganja,719838
waal,663924
neuhaus-schierschnitz,731018
além do rio,166456
mirna,110996
sacavem,179817
topsail beach (nc),718182
colbun,736382
himmatpur bailparao,719828
joseni,730128
lanesboro (mn),514283
saint-saturnin (poitou-charentes),713849
biggleswade,128320
bilqisganj,712145
lubuk kupang,734923
berne,118502
remptendorf,127606
rompin,106014
jurupa valley (ca),667849
la chapelle-en-serval,189844
likupang,736926
puttur,724756
steinbach am attersee,545034
pošćenski kraj,733921
mahaica-berbice,701245
dombovar,115474
schweigen-rechtenbach,71375
sidi r'bat,718126
puerto tranquilo,693924
dornes,73199
albion (ca),736634
villa del carbón,738755
bluffdale (ut),717923
schin op geul,72532
al 'ammariyah,243978
strambinello,716071
ponari,733912
arakapas,725796
bialy dunajec,667950
la granja,720220
bautista,167642
fuchu,108502
dhari,734228
bauge,186152
middleton stoney,131277
maluk,734842
tubli,162538
anafonitria,235080
vale de cambra,669388
van don,232764
spinea,181500
roquebrune,193700
pililla,737668
nakasongola,701295
calstock,128745
radzymin,158047
batala,734406
subir,734230
neem ka thana,739247
nidadavolu,720822
puthanathani,724630
tadepalligudem,738850
tohana,724715
karanjia,734363
uleytokpo,728343
mhow,114591
lahich,726399
hemsbach,173403
las,157351
stara wieś,158300
pont-du-chateau,77773
evander,669530
galajwari,717306
chandausi,739560
arseguel,687630
ballia,671628
balatonendréd,732753
quillon,707491
rising fawn (ga),203194
wazuka-cho,255789
cerro punta,719168
christiana,711182
singi khasmahal,719849
mullins (sc),104531
bhuvanagiri,724293
malawa,157474
perloz,715882
shrawley,721551
saint-pons-de-mauchiens,194369
ixtapaluca,174253
neptune beach (fl),78842
punta hermosa,688085
paonia (co),202910
courcelles sur vesle,103520
kemps bay,700503
grojec,156846
jasidih,739482
welisara,183618
sihor,738758
basseterre,102600
jetzendorf,116145
toodyay,143544
les vigneaux,191310
doi tao,204603
balatonhenye,727926
mongarlowe,737762
navunikabi,735690
dalgety,710354
fushe-thethi,732928
san antonio (nueva ecija),737669
binalong bay,513479
clifton springs,142950
kalbadevi,724435
checkley,128885
mcdermitt,149819
achalpur,734250
kilavarai,732193
la estrella,109358
gujjegowdanapura,724385
eschlkam ot warzenried,663523
svansele,181841
ostercappeln,121219
uiseong-gun,182658
magny-les-villers (burgundy),714035
pazhayangadi,734493
bitetto,168026
maretto,715740
portao,178888
civitella casanova,162619
timboon,728441
granitsa,237089
munchberg,70529
umaria pan,720448
airuno,725687
siantan,161764
starse,111218
firlej,704894
magyarhertelend,702506
hyde,19029
jaala,111598
laroque d'olmes,547951
chand,114585
science city of munoz,737704
solaro,687481
jiloviste,67483
kato yerakarion,237952
haverigg,130235
algemesí,197943
agioi pantes (zakinthos),720471
xom bung dia,233407
yangju,281059
avadi,739552
chalonnes-sur-loire,703885
shevati,724659
karbinci,700632
les franqueses del valles,737683
cressy,188043
katapady,724456
aduard,87159
fontein,705281
zarzecze,158761
numata,106625
albidona,162790
tba,726479
nieuwe-niedorp,184779
carpiano,165071
st. marcel du perigord,666328
aathal,166125
deaux,714209
zeuthen,72221
proupiary,709749
garden city beach (sc),104200
tullins,195186
ust-kamenogorsk,712246
rafha,245929
patna (bihar),512764
pissai,241200
velika remeta,723595
l'ile-bouchard,704096
four oaks (nc),104180
buenavista (quindio),726687
ryckelsby,179782
uniao da vitoria,182719
gouezec,694208
iznota,688012
quincy-voisins,193432
gurez valley,739407
jiquilisco,706689
denmark (wi),155908
deraniyagala,170257
massanutten (va),717790
juquitiba,174426
dhar kalan,734341
frombork,72694
sainte-hélène,194015
rychwald,707541
minneriya,735549
far hills,150017
dumenza,715637
kotila,111884
byurakan,710302
pietà,178634
borno,75558
mineral (ca),736479
paulistana,729196
galović selo,727942
vilseck,117635
le marin,732884
jarayān al bāţinah,700771
chum creek,719607
mauren,176465
villa adelina,723987
serradilla del arroyo,727378
gosen-neu zittau,731110
nuh,734288
paraul rece,99303
sonkatch,734315
dolphin coast,733198
winona lakes (pa),735488
eckental,706545
minonk,202551
cremona (ab),726248
clophill,129017
sonari,114644
água boa,718531
gundersdorf,140398
minsk mazowiecki,157562
bourgtheroulde,186706
bóly,114831
wertingen,117743
silay city,180948
durrwangen,716766
oettingen in bayern,70762
paralia epanomis,728304
fays,134214
otok veli drvenik,707409
sobernheim,71483
sri city,739510
viacamp,667669
kent (ct),514294
holiday beach (tx),735389
lubenice,727963
parner,724597
puerto arista,724926
sac city,146676
bjarred,168051
san paolo bel sito,715349
sahilceylan,728935
yalıköy (aydin),728878
aburi,719345
malimbada,736611
hergla,665173
phippsburg (me),736689
jenaz,664926
knarsdale,708313
sant jordi,102264
fulton (ca),736644
kasina wielka,706055
hermanuv mestec,109886
villeneuve-sous-dammartin,195592
tlachicon,705890
zuidlaren,72621
hégenheim,189393
munnekeburen,144743
shyampur,724667
mankiwali,734473
monte alto,176875
pietracorbara,715205
villar del río,717572
keratea,238106
city-by-the sea (tx),736756
sirevag,703687
phong phu,228390
eregli,171069
rollingstone,737474
laporte,202246
king william,155167
piode,668847
phu luu,228475
goulds country,728630
gunwi-gun,212541
buhler,168715
icking,86427
el trapiche,664182
cours (bellefont-la rauze),720690
epron (lower normandy),713930
udyangji,279220
pommiers,193173
arith,185781
brouwershaven,184244
germaringen,663544
el oro de hidalgo,724843
oued laou,664154
soucht,714548
saint-martin-en-vercors,687384
duba,245264
glienicke/nordbahn,69387
ap lam phu,216020
wieleń zaobrzański,723873
soisy-sous-montmorency,194760
suoi rem,230218
barbuda,700447
adalar,85982
călimănești,729835
nnewi,177487
saint-marcellin-les-vaison,714925
steeple aston,719290
oravisalo,664381
rvaši,733911
sazos,704674
long beach (ms),513380
rueggisberg,179736
krugsdorf,663695
bidong,219041
maule,191920
amalapuram,724227
voisins-le-bretonneux,77884
silifke,20006
adelheidsdorf,120025
hyacinthe,732889
sohag,110543
liptovske revuce,711355
travagliato,165440
sepang,9223
thawe,732249
da han,220870
aduthurai,739458
alcalá,726690
eugenia (on),718354
karabük,174569
cerevic,709181
schwalbach,71364
yankalilla,728381
wässerndorf,117693
biriwa,709628
joão neiva,174367
chieng cang,215067
benafim,705486
ioulida,668338
les alqueries,713396
lajeado (tocantins),737412
roubaix (sd),708842
poveda de la sierra,727334
hoang le,222744
la palud-sur-verdon,77363
lower mamring khasmahal,719847
goreljek,718920
jereka,85913
djurdjevac,136295
livingston (ca),100302
kekava,72249
san roman,719184
wardow,717140
montroy,199515
jergalan,733553
cortemaggiore,105884
tangalan,713206
éguzon-chantôme,721145
penamellera alta,667359
bayfield (ns),726144
cofrentes,666875
malayattur,710646
amarapura,735611
eskebjerg,102251
pau dʼalho,706418
vijlen,72572
a torre,727249
san luis la herradura,665638
valdragone,73353
jonsered,174391
sparkwell,723310
valira,242850
xom bai diep,233332
rydboholm,179789
vojens,197786
tumbabiro,685787
frysava,685485
aghione,720584
kant,733543
san martino di lupari,180160
borghetto di borbera,715457
thermisia,242528
francisco,171696
drvar,732824
rochefort-du-gard,77911
aragatsotn,701308
tanjung piandang,212154
canelos,665330
argentre-du-plessis,706246
dyserth,708165
svay leu,736233
azhagappapuram,728369
gangwon-do,212452
balianta,114657
gangasagar,739609
mystic park,738861
virudhachalam,737492
khanyara,724467
lasowka,709297
sainghin en melantois,193843
florida (ma),717824
ashtarak,733336
matranovak,685619
sipahi,735652
horana,173735
carnbee,718150
vignolles,195529
bajram curri,711120
narwar,734313
yukarikaraman,701986
agua de dios,726654
șutu,729939
sara,728026
ora-gun,253242
fraisthorpe,708196
sainte-luce (qc),720483
foinikia,236810
stary dvur,706421
bario,671785
avent,185976
blue eye (mo),514441
tonatico,725005
arcade,87781
general las heras,723947
rivenhall,71096
hughenden,130480
lemannville (la),720069
jessore,725175
letlhakane,711938
conakry capital,700468
cotton ground,736193
hengersberg,173412
storvik,181696
bonnie doon,710280
jamieson,733837
goughs bay,710438
morlupo,164571
otricoli,76189
dufur (or),152508
san vittore,180219
la forclaz,686911
portsalon,707453
dinton,129362
les bucherons,191071
matang,734714
steinhatchee (fl),104854
caraz,701653
klagstorp,174799
fleurey-sur-ouche,188706
eichenberg,69117
porlamar,103474
ovacık,728882
ruzsa,115019
rea (id),704866
escuinapa,724852
agliè,165759
ortica,719105
ornaisons,77705
aquismón,724784
kodi,738884
rustavi,700574
hraiche,726816
montagnaga di pine,668750
melita (mb),718239
espalion,188491
courtelary,169954
banos de agua santa,11956
boulevard (ca),667800
ferrals-les-corbieres,686787
trzin,110927
tattendorf,139401
bernieres,714268
pierre-perthuis,676137
askeby,196090
sant martí de canals,727609
ebensfeld,170629
tulcan,705319
novafeltria,163756
nueva gorgona,707381
campina grande do sul,669166
berwick,142889
shirva,739442
kapsas,237509
umzumbe,711561
lakhisarai,734353
ikalto,723507
fornells,79555
jal (nm),736013
hindang,705348
caronno pertusella,715513
telbang,736090
douma,726789
capulispamba,720350
grotto bay,733264
marango rangarik,724536
oliveto citra,76174
boreham,128461
upton (wy),148158
lochranza,723096
ngoc quang,227534
north head (nb),706290
los ranchitos,733877
fintry,103262
vidolm,730022
bangangte,737699
san sebastiano da po,716018
melissant,184730
muro lucano,162765
melawi,737405
ko phaluai,671725
furnace (machynlleth),719702
huyen quynh luu,223330
san isidro (san jose),720419
morazan,700594
medicine lodge (ks),711673
autrey-les-gray,185945
ondara,103742
manon,704570
meymac,192066
cotipora,169946
premian,687232
schallbach,180613
tipeshwar,739523
borghi,163327
poiana negrii,729881
etzatlán,732611
dalanzadgad,725293
poggio san lorenzo,668952
jungholtz,77325
zetea,665442
saint-simeux,721380
muji,267023
mezzana bigli,165273
bir el bey,719661
ashtabula (oh),22331
st bonnet le chateau,666290
soc cup de,229985
grenville,720914
crozet,155062
norfork,202739
marlinton,155723
spencerport,151140
las compuertas,724102
tarneit,143325
cervera del rio alhama,73496
merichas,239809
karnaprayag,739142
hoa loi,215087
pellegrue,192940
agoncillo,197864
arecibo,197810
milpillas,176685
slepcevic,707625
eustace,154318
poscenje,707454
dumka,734361
etrun,713947
shamirpet,710889
boise city (ok),152223
astara,700870
illingen (saarland),718217
dunapataj,685601
mád,727887
raposo,729436
montmorency,192336
verdun-sur-garonne,195399
floda,171537
pontes e lacerda,178836
treharris,132854
sodo,737703
velyka omelyana,665534
hamjapur,718770
puente todos santos,718622
mayrouba,665265
germiyan,728925
hammam al agzaz,733994
cumhuriyet mahallesi,728869
kaup,739533
salvaterra,105339
conilhac corbieres,547639
monkey bay,732898
pudsey,131872
airth,18918
sueca,88001
wehrsdorf,125852
creemore (on),169989
schworstadt,71377
jispa,728346
colinsburgh,129055
genova,164793
otoineppu,106821
laluque,686940
chvalšiny,720330
huarmey,709945
veneto,183119
phu phiang,214403
palmar norte,726307
al-himmah al-ordonyah,726285
gerze,728718
lung tiem,226109
aritar,720452
okhrey,724579
gauchar,725951
rongli,728360
cart road,719848
saurinibasti,717312
gopeshwar,739084
kailashahar,737848
bhedaghat,390135
tijucas,182198
andacollo,728150
saint-estève,194039
illapel,709778
hapcheon-gun,173133
cortellazzo,169915
luckenbach (tx),735406
kingsland (tx),154423
spicewood,154687
colakli,67759
geronimo,154349
fatehgarh,739070
point venture (tx),735387
mcqueeney (tx),735386
radanovići,733946
san francisco de macorís,141315
los olivos,202337
vinje,137124
stori-bakki,710119
gargalianoi,236936
mamfe,733061
barnett,149219
tuasivi,710992
balgowan,737716
point turton,710809
port victoria,728380
hardwicke bay,737720
drexel hill,152864
port clinton,142656
maitland (south australia),19544
kangerlussuaq,18088
great harwood,130017
jizan,245515
quedas do iguacu,706121
huambo,701380
windsor,17206
moonta,737721
shorelands,737100
carcaixent,666803
fiñana,717493
aourir,664125
rafaela,109081
naxcıvan,700892
komlo,67713
luster,703635
pine point,737735
fisherman bay,737736
gnjilane,707021
bo trach,219223
hoodsport (wa),706048
squaw valley (ca),104814
san vicente,700595
boldesti-sccƒeni,701636
skarnes,136830
benissanet,666721
callander (on),168944
tiwanaku,718128
tambopata,707676
thatcham,71696
thon cat loi,231195
huu lung,222985
bethanien,726932
acajutla,103043
ayn darahim,733991
stummerberg,545038
bleiburg,138567
esneux,134212
tilff,134338
marchin,732620
pepinster,70873
auffe,68297
virton,86918
vlessart,686228
forrières,134617
hensies,134003
erembodegem,135383
vaclavi,736993
carinerland,731496
gonnersdorf (rhineland-palatinate),713660
roes,124882
garriguella,667041
bellprat,198183
cuzy,703933
dolenja vas,703309
beram,717322
valtura,703486
filipana,703324
hreljici,703337
manjadvorci,703385
rebici,703445
butkovici,703297
čehići,732270
casperia,169283
lozzo cadore,705090
pieve tesino,178642
goedereede,184422
zuidland,72620
burgh haamstede,72310
baarland,184140
mierlo,72459
bronckhorst,713215
ruinerwold,72524
appelscha,72268
donkerbroek,144647
idskenhuizen,144695
mantgum,144732
midlum,144738
foxhol,145367
lamadai,733110
geertruidenberg,145915
rollshausen,121305
walchum,731400
ponzano di fermo,715909
montegrino valtravaglia,715796
stollhamm,706163
saint-julien-du-verdon,666148
maashees,146090
pedreguer,199677
hallschlag,707995
junkerath,713617
pridvorje,706470
vierhuizen,686490
drebach,125309
schoonloo,144517
courcon,187961
montefalcone appennino,715792
grijpskerke,184440
knegsel,146040
tamsweg,140202
jubek,663637
la ballenera,199066
grödersby,731404
gelting,126613
szob,115325
isle-et-bardais,547837
weitensfeld,138818
rijkevorsel,133828
jade,120836
kavran,703347
schwarzenberg im muhlkreis,686422
dreschvitz,86341
les salles-lavauguyon,191281
westerland,706402
twijzel,144829
klippitztorl,716378
zuidzande,87195
leonforte,105216
culemborg,144938
binsfeld,109105
breitbrunn am chiemsee,713469
surhuizum,144817
petritoli,715885
rinsumageest,144784
pulpite,687885
saint-nazaire (languedoc-roussillon),713885
golas,703329
vendrogno,716135
lijnden,87177
beuningen,72289
atzenzell,713087
orval (lower normandy),721245
germignaga,715675
falaen,69218
scherpenisse,99256
wrohm,731523
spirkelbach,124948
biggekerke,547306
masta,134278
holten,16954
leinatal,718212
mouzeuil-saint-martin,714847
stellendam,185142
tuheljske toplice,686349
wrixum,663961
louette-saint-pierre,70263
tintury,734200
steenderen,145236
brandenberg,140850
el rafol d'almunia,713392
hensbroek,184500
torre pallavicina,716094
martinscica,86959
beuvron,186397
piane,163795
la isleta del moro,667340
seillans,194638
ebly,703246
steinerberg,686425
janneby,126748
lambertsberg,686012
morieres-les-avignon,192413
wolpinghausen,713650
midden-drenthe,713247
saint-martin-valmeroux,78348
etah,734310
attihally,724246
lushnje,717248
lumbarda,70286
dangar island,728643
kuttiady,724499
chakwal,110566
columbus junction (ia),514396
niederpöcking,116728
la sal (ut),719396
birdham,128345
curdridge,708148
rangiya,739504
ottapalam,724581
nickenich,70645
mazzano romano,715370
cedynia,72681
felli,703559
sion mills,132331
palmetto,202895
ster,134673
chinaman wells,728606
warooka,737738
siwan,734369
kampong pulas,162472
deolali,724335
trofa,182499
roseworthy,142669
olympos,67781
monreith,708394
annalong,128002
isla de la graciosa,667102
pleasant mount,153347
sual,738823
ganderbal,737709
goustranville,189136
twin peaks,203714
highspire,153013
akoluk,728803
podhajska,544580
goldberg,86386
poppenbüll,731537
saal,117186
saint-andre-de-roquepertuis,714612
roburent,715947
opende-oost,145437
cardinia,717331
sesquilé,726705
mugnano di napoli,76135
tembilahan hilir,734869
munda,710718
holme,130414
karpachevo,727710
konia,720409
bandoli,718710
fox-amphoux,188830
wickerschwihr,195752
issenheim,77535
tosa-gun,255236
soultz-haut-rhin,78472
dun-le-palestel,686753
novigrad dalmatia,86963
chabtine,737343
st-raphael de bellechasse (qc),663436
novo airão,729276
tembleque,701936
hassela,173229
brestrnica,111058
sangave,720444
alur,738928
milangram,719843
falsterbo,171313
coro,103463
devakottai,737710
mauranipur,732247
genazzano,164524
ituporanga,669210
écuelles,188369
falakata,710402
calipatria (ca),200903
alathur,738926
kaliyar sharif,739621
manzaneda,717656
benguela,701373
sudova vyshnya,665529
ajdir,719056
bou mkila,720859
west bend (ia),104970
maharajganj,739196
sant iscle de colltort,726977
entremont,188420
salitran,732831
tyrrellspass,707719
pellestrina,737368
kafue national park,512940
cressa,165883
checy,187547
hovmantorp,173786
ayaş,720878
krattigen,86130
gosfield,129963
churchill,737229
jonestown (pa),100196
archer city (tx),735394
osawatomie (ks),146892
de leon (tx),154280
kvinesdal (vest-agder),735821
pace del mela,715858
storkow,71594
freemans village,732387
san pedro de quembre,727259
tatranská javorina,732984
medole,165265
macas,725394
talana,719542
caymanas,725747
cerchiara di calabria,705051
petrella salto,715884
spanish town,707899
tola,103152
marliana,176365
oponice,544575
tamale,725072
pannala,736596
kostanjevica na krki,111145
italcancori,707088
spinazzola,181499
aoufous,702327
kafue,732474
sesfontein,736790
drambar,688560
formon,736066
tarm,197565
iniesta,694359
murueta,87931
abesem,726599
roudnice nad labem,110359
cubillas de santa marta,87848
ciudad universitaria,109101
habri,685486
buchy,186921
piozzo,513044
san chirico nuovo,725631
siyambalanduwa,716204
corneliano d'alba,725658
bekfaya,706755
hingurakgoda,736522
maumbi,737333
souvans,194837
andillac,714161
aujac,686533
birac,714914
caselle in pittari,715300
port republic,150186
jesmond dene,88096
camporotondo di fiastrone,165520
les useres,727316
oborniki slaskie,668088
calascio,688142
mikoszewo,668062
tonco,716088
manakara,513078
kundratice,709288
saint firmin,704250
robregordo,667443
techiman,712400
horb am neckar,173736
civitella alfedena,715266
os de civís,199631
spezzano albanese,163003
toulkine,664153
tunapuna,182559
effiat,188375
effia,733078
tema,185466
cuispes,726564
mehdia,106149
gergei,715277
podbablje,707444
kyebi,726643
hassi messaoud,143746
valle del sol (potrerillos),664229
noelville,177500
goulais river (on),701714
heideblick,717078
holywell,69756
saint-martin-lalande,687385
berrynarbor,86672
klokkarvik,136983
saint anns,179854
manitou beach (sk),705425
nkolmetet,707371
san marcello,668911
nelsonville (oh),104538
raveau,715104
lewiston (mi),717402
brudzew,156403
straznice,109644
ne,715262
timboroa,735595
penarroya pueblonuevo,667362
mihla,127522
hadsten,196535
cerknica,110953
åkrehamn,544831
boo,168317
matthew town,725104
st peters bay (pe),663420
svaneke,197541
othaya,735571
mangum,152341
tinehir,16329
seron,667545
füzesgyarmat,114879
petite-vallee (qc),706254
alcaudete,99335
tikøb,197584
utopia (tx),514119
oak creek,202779
klekotki,668011
saboga,726538
san lupo,163218
ingiriya,736618
ballyshannon,668227
kopasker,707920
ngleshi amanfro,726614
sciara,180726
gunter (tx),711648
cuggiono,165888
zalec,111237
tingvoll,137240
utarp,686098
ygos saint saturnin,666515
mafia island,702270
maria,687822
mckerrow (on),663323
gacé,721285
dunavatul de jos,665354
baselice,725601
gaztelu,713441
ivanica,707089
gweta,711740
yumbe,701307
san pancrazio salentino,180188
tyrone (ga),22575
new amsterdam,737051
beverzak,134378
baldersby,128131
hope (nj),735491
los villarreales,707262
tibirita,709081
annahilt,68246
otterup,197166
bolgatanga,733063
ait rais aomar,693561
bourbourg,186685
rock sound,102947
candelaria de la frontera,712081
cerezo de abajo,666857
lochboisdale,130996
st. thomas,665588
pin-balma,193042
sainte-marie-sur-ouche,721139
ostional,707407
crown king,201220
hillside (nj),736723
derby (vt),717372
baktalórántháza,115393
uswetakeiyawa,711016
nes,72466
espíritu santo,737064
tagrin,733598
libmanan,720015
new karu,726444
ogijo,709951
anfah,685830
bougarber,186656
al qalyr,693673
ghalboun,726798
ráquira,726714
buckhead,200866
south cle elum,155541
moss town,711400
kawartha lakes,711976
lobatse,726779
termas de chillan,665303
trest,110418
aljmas,686316
rochefort-sur-nenon,77913
cloyne,706620
canefield,706815
sainte-catherine-sous-riverie,193995
villamiel,667698
byczyna,156446
canyelles,73474
ban suoi hoi,218499
underbarrow,705900
tameslouht,85867
borçka,115934
vranov nad dyji,545306
glucholazy,708846
mudurnu,664663
puerto cortes,701859
buckeye lake (oh),103963
ortanköy,728779
coquimbo,102991
ramsgate,14803
henfield,69647
hårlev,196564
avinyonet,198086
queimados,729306
piripiri,702133
castlebaldwin,72878
piensk,157858
sao felix,180472
saint-georges-d'espéranche,194089
voll,137252
la oliva,87899
jericho (vt),711655
ocotepeque,700423
venthon,713957
newark,103312
rupit,199856
kirby hill,130712
agencourt,185522
garden bay (bc),725985
torhamn,182336
kefken,737241
lavallette,150079
alcanar,197907
fisherhaven,702979
paizay-le-tort,707413
marshfield (ma),100360
vallata,163258
kampong ulu pedas,162265
lamentin,732849
leoncel,548007
donggala,737394
roxbury (ny),738844
waterford (vt),717950
lianai,735603
ganga,114509
pazardzhik,544629
del gallego,738822
waukee (ia),23191
devon,21681
shepshed,71436
corbie,187862
borova lada,702347
limbricht,145636
bryce (ut),16345
fossemanant,188796
abilly,185491
vyzhnytsya,723719
porth,131827
botticino sera,165021
kupjak,544695
deanshanger,68956
kangasniemi,111693
djelfa,700965
lanzo d'intelvi,88456
colinas do tocantins,729277
havlickuv brod,110384
fairbourne,663864
waubaushene,183568
khiuri,734410
bac kan,204054
torbali,86009
majivali,724508
kitovu,719354
granby (ma),717830
navas de riofrio,704591
bago city,167339
la coucourde,189894
tuy an dong,739639
deer harbor,155405
drijetanj,733799
fiambala,705322
talknafjordur,728022
ezequiel montes,703011
leuna,126157
ghent (wv),100027
hettinger,151734
kathua,734322
porto martins,733025
julesburg (co),104324
lake panasoffkee,202228
weston (vt),736767
pouzilhac,87526
kanur,724448
ras gharib,737287
steendam,145457
tellippalai,719584
hoang hoa,222738
seekirchen am wallersee,729757
mordano,76129
drulingen,188318
suez,15636
khiliiadhou,238213
graach,663581
iseyin,709511
montebibico,705738
grevinge,196507
pehowa,734345
officer,143231
tangub city,700533
kovachevitsa,544620
magallanes (cavite),737719
ada,148208
peleagonzalo,718419
katlenburg-lindau,86434
sterrebeek,135197
fukusaki-cho,247863
huyen hoa lu,223169
bon secour,200779
timberland,132796
batu kikir,207836
liwonde,732895
playa estacahuite,718645
boggomsbaai,665191
farrukhabad,732255
forest home,733352
riace marina,76340
brae,128512
el-bagour,734048
shahrisabz,735628
owo,718886
moonnupeedika,724547
south ockendon,132410
lebanon (ct),202265
caicedonia,726686
portisco,719137
kitros,88284
saint hippolyte de caton,666095
coise-saint-jean-pied-gauthier,77097
sabah,17339
linkhout,544513
ivoy-le-pré,721162
barber,706617
otley,131623
meerhout,133791
urval,195207
soussans,720644
vegreville,183094
signy-le-petit,694308
thavalam,724696
salsnes,735757
wendorf (mecklenburg-vorpommern),731483
woolfardisworthy,708625
teresina de goiás,729403
turégano,717558
valdagno,182865
lurtigen,175973
al muzahimiyah,244657
mid illovo,665223
ferrandina,162753
longué-jumelles,721323
lisle-sur-tarn,191427
ouricuri,729229
ap nhon duc,216222
espinar,726549
utena,196014
cedarville (mi),148278
merxheim,192034
agali,724216
cenarth,708111
camocim,105279
sisian,710903
agrari,105725
tipaza,700986
quebradas,179110
ordonnaz,192771
treviso bresciano,716105
liffre,77495
martuni,733314
chelsea (al),711866
sunchang-gun,181789
folgosinho,171572
vall de almonacid,200222
risoyhamn,735801
camposano,163070
camaná,159002
seraing,134327
carroll,141483
fortanete,694355
acharapakkam,724214
holden beach (nc),717753
losne,548061
povoacao,73282
arade,720998
khinaliq,726400
ozurgeti,726474
dalung,161664
ho to,222641
šid,723579
norangdesar,720962
helmdon,130290
tremont (me),672164
nyíradony,115132
talamanzou,720298
santa julia,180373
aonla,739550
bantwal,724264
san romano in garfagnana,716016
fushë-krujë,719322
karesuando,86041
badplaas,665187
calosso,715488
zawóz,726870
poja,734822
avenel,728476
canindé,169072
alacalı (istanbul),728904
yadgir,732237
deerhurst,129323
escuintla,733476
chemmaruthy,718735
zakusalas,144223
casas devesa,706360
tindivanam,724711
salenrang,734891
senatobia (ms),104755
rocchetta di vara,88542
châtenay,187472
schengen,102599
niederfell,70652
dalton,147980
mio,148481
mason,148468
muvattupula,710722
alcudia de guadix,720854
lubombo,700192
uijre,724723
jongieux,714968
lockhart,737445
ciceron,719696
eugenie-les-bains,103526
gusau,172830
castlemartin,694061
grammatiko,736880
steni,735677
hanley,130160
new prague (mn),104546
dříteč,727840
morocure,144258
pasirlangu,734734
burrill lake,710301
aračinovo,700598
banyubiru,734751
dikorifo,668318
radstock,70988
wawona (ca),706189
barbullush,709841
ervik,136909
raha,725455
ajuy,736092
hacibektas,664624
lake (wy),720210
sahorre,687281
port maria,664581
hambantota,23731
hovsgol,700340
rozaje,701419
gunnaur,734295
sukaresmi,734738
contremoulins,686702
saint-symphorien-le-chateau,15873
minas do lousal,669347
chatt mariem,734004
labuha,737209
kandia,105781
ödängla,177825
alembon,686504
beycik,664598
cenon-sur-vienne,703880
nuno gomez,704594
katra (madhya pradesh),21079
burgaz,168748
cauldon,128827
schollbrunn,86581
gurpınar,172826
ilbaras,245466
kaski,710538
sant' andrea apostolo dello ionio,76486
ennery (lorraine),719523
josefa,738799
noojee,143215
llavorsi,713372
aratuba,705197
buknari,723501
naterki,726853
purleigh,131876
bou ismail,725824
bente,734892
ilonse,738797
chelsea (vt),735514
krokowa,157268
killocraw,723020
reynoldston,71056
belmont-tramonet,714166
freiburg (lower saxony),731435
cassaro,715527
great guana cay,719325
isnello,715279
harisa,105931
varaville,195289
asten,72273
dracy,188306
ryssbo,734096
paddys green,728495
custines,188125
boverdalen,694128
köktöbe,195869
prazmo,545240
grifte,118913
lund (bc),102510
ano volos,235361
pyrgion,241565
newtown square,153288
brahmaur,710288
barraco,73418
mammola,176214
terrace bay,182126
jargeau,189602
velké žernoseky,727869
beoci,723525
ecouen,77173
pittsboro (nc),104645
barshi,724274
cravenceres,706381
kriva palanka,700640
manowo,158916
sukamanah,161710
san luis island (tx),735404
burnt pine,20635
guyra,141624
salumbar,734276
fetsund,136436
kasai,724452
croix-chapeau,188073
orzinuovi,165314
ambrosden,127990
carterton,128801
new harbor (me),717399
ponte nizza,715906
breganze,168506
la celle-sous-chantemerle,714604
camiac-et-saint-denis,714262
pauvalgarh,719830
monasterolo casotto,725654
houghton,702035
kuruçam,728813
calusco d' adda,715489
tixcacal,725000
edgecomb (me),104129
granja de rocamora,198922
bongawan,207887
sezze,164642
harslov,67812
volma,713073
frattamaggiore,163121
campofilone,165518
waripora,739643
khao chamao,213700
warmond,185315
tyinkrysset,735694
bals,167433
soares,181259
klettbach,127469
cam pha port,219951
valdealgorfa,717691
ivaylovgrad,686285
şehitlik,728773
prosper,154599
sreser,708664
wakefield (mi),736143
tipton,132801
arlington (or),671149
zdice,110307
kapadvanj,739486
crevacuore,165884
palagala,716211
balzers,159056
dien ban,221396
gapan,709487
gali,114533
al khari,246420
malangawa,738780
ocean township (nj),718254
borensberg,168336
kedro (lesvos),719970
politika,241352
alotenango,102784
ouled belgacem,734003
nkhotakota,700715
sudipen,729822
orroli,76180
little cowarne,130907
tingstade,182219
narayangaon,724191
grand-landes,189182
thieblemont-faremont,704694
laferte-sur-amance,714369
relevant,193519
bella vista (corrientes),108899
saraycık,728988
kirktown of clatt,708312
bille,547250
muaratewe,710711
foy-notre-dame,134730
dozza,21135
belém,718911
bonlieu,709641
lanne,190420
kutjevo,703365
vizille,195689
vendhuile,714555
gy,547815
tama,702212
roccaforte mondovi,668862
jijel,700971
kirkenaer,544802
nova almeida,720544
biskra,143739
truk (chuuk) island,18091
aksdal,735732
saint-martin-de-la-place,78342
la tirana,736361
broager,196232
maralkoy,702543
walcourt,86919
vester ulslev,737714
castelnau-pégayrols,720704
bellbird,141406
vitez,127812
kinnula,111797
marcinelle,86903
ucciani,195191
xul-ha,725019
trapper creek (ak),104894
ivaiporã,729093
ayaş (ankara),728760
vuisternens-devant-romont,736839
las gaviotas,721702
noormarkku,112247
gonten,172370
patate,725847
satapada,716246
maniowy,668055
bellizzi,715434
mantilly,687047
darlington (sc),104077
nokha,739250
korinos,238603
lexington (mi),736139
durdevica tara,708933
svarte,86082
berkeley vale,141413
novo selo,737741
le port marly,103550
otterbach,70816
louisa (va),725079
cabadbaran,513490
pallisa,701299
shell lake (wi),100771
ariyurnadu,724243
krosno odrzanskie,688022
sissibargaon,734382
winkel,183722
zupa,727979
new hartford,202695
pedro vicente maldonado,665137
jokolo,732526
vaujours,195324
fuentes de león,717728
banda neira,734809
karlstein am main,730996
bukovets,723637
west lake (on),726093
kokrajhar,739171
mon repos,719599
nytorp,177701
galbiate,165176
sant joan despi,103792
khancoban,733806
altavilla monferrato,715393
ramena,733711
platanos,241266
kökar,111840
al 'aqiq,243981
al assan,244073
kakanui,728237
mudon,735613
qender theth,732929
mayville (ny),100372
lukecin,688027
esh,129638
ormesby,131612
urpeth,721572
jaworzynka,709961
frankenblick,717224
acheres,76771
manningtree,70328
new shoreham (ri),292858
newbury (ma),104550
mackenbach,124676
jerzu,75940
atapuerca,704418
umluj,737291
knaresborough,69995
suoi hai,230201
los patos,545076
tayma',246164
dos aguas,73531
parson (bc),663349
kłanino,723844
codevilla,165130
megalochori (agkistri),719993
zion grove (tn),705444
benerville-sur-mer,715216
circleville (ut),708836
an ma,215317
kimsta,174739
mcleod ganj,710670
sidlesham,708503
fiano,88429
reinsfeld,737752
ambelofiton,235017
ariokhorion,235493
gala (oppland),735811
bonnigheim,168306
gavarnie,77250
keyes (ca),202138
thoddoo,710974
gaylesville,201682
megalópolis,161910
barra,163054
miercurea sibiului,705358
gruda,727947
puput,734721
krishnanagar,724488
sundarpura,734445
skala (fthiotis),736882
portocannone,668968
brinay,186865
dromod,688093
cassola,708876
riazzino,665021
wolmirsleben,126374
wrockwardine,72171
deer mountain (ut),735448
scafa,162707
union (wa),735425
san giorgio lucano,668902
chão,169484
settignano,180858
fresse-sur-moselle,188882
aghbala,693558
heliopolis,110529
nørager,197045
bobcaygeon (on),168174
moorcroft (wy),706312
yesan-gun,183875
vellayamkudi,724742
gokseong-gun,212516
labarde,190253
elbeuf,188388
roncador,179624
juanacatlán,174404
avgonyma,235691
wickham,133239
phu cat,228411
estoril,5922
garfield heights,151894
sommatino,181352
treilles,195134
canepina,164440
maillezais,191649
lucainena de las torres,73675
roura,710102
iheya,249050
dak ben,221016
vemulawada,739399
arcadia (la),514465
tezu,737616
changu island,719923
mieroszow,157546
casasco intelvi,725669
kormakitis,725805
pedda ambarpet,710789
akkoy,702531
guilherand-granges,720762
bourg-la-reine,186701
vyara,739517
treia,76633
janki,156927
saint osyth,132118
corniglia,164763
thot not,231645
aldeia de irmaos,705237
carvalhal,169213
montsoult,103568
estancia,725044
boyne island,671712
forsheda,171640
selimbar,665414
canada de calatrava,666787
sheffield (ma),717827
winterlingen,72122
tosya,728764
alya',243757
saramas,737753
ksamil,706693
samothraki,241780
al fawwaz,244174
neelambur,739623
dong luy tay,221745
hartline,155438
mineral,155202
chewelah,155388
newburgh,146232
szczytno,158427
roches (limousin),721202
bletchingley,128413
sankt martin bei lofer,729679
pambak (lori),733322
le crès,190665
la caldera,724133
demonte,715629
gram (haderslev),672876
kuchesar,513506
zakrzow,158745
koplik,732923
saint-hilaire-le-château,194137
radauti,68112
irimbranallur,710485
suela,734837
saltford,132128
la chapelle-du-bard,704018
tala hamza,736217
chakradharpur,737946
balmazujvaros,115113
al jami'ah,244342
oerlinghausen,70760
thon tri thuy,231553
fresnoy-le-luat,188877
soccoro,181270
nandgaon,724558
grossjena,663592
kinniya,736586
sant esteve sesrovires,79574
lohagad,739537
iyo-shi,249488
kondopoulion,238532
rodanthe,151595
anahim lake,736303
udaondo,718268
tsinsvla,726492
mandeville (la),147362
el real de san vicente,666944
rantetayo,736263
villa d'alme,76688
al wajh,244749
kampong pengkalan machang,162385
kaladi,710517
blountstown,200757
yunquera,200376
rayyis,245966
ivano-fracena,715703
corcovado,724010
bassi,734292
vilshofen,663920
arefu,712678
perundurai,724607
lewiston (ca),717381
alpine meadows (ca),719389
montrouveau,665867
liwa,86195
trujillanos,717717
bolungarvik,685794
pianella (pescara),715887
ciudad bolivar,6362
kollapur,724477
drancy,77164
thanh pho buon ma thuot,230886
miracema,176714
inturkė,733704
ametista do sul,729066
athus,134591
seta,241874
kawakawa,110688
pittsburg (tx),717457
coursegoules,187979
hunnasgiriya,173844
tetonia (id),104880
buzias,168831
uyun al jawa,726278
thrinia,735674
khariar road,737760
mulki,710716
cham ta lao,220186
leunovo,732484
borsad,724305
karsava,547261
botevgrad,136224
oer-erkenschwick,123506
sangem,114419
sant quirze del valles,704649
salanti,736872
breitenfelde,663507
prisecna,685507
choroszcz,156490
pianola,162684
serra talhada,729231
arevabuyr,733342
pukkattupady,724627
elfershausen,69128
vega baja,197844
manastirea humorului,665375
rifaina,716242
adeje,12850
madinaty,720345
chevilly larue,20386
kato lefkara,725785
al bada'i' al wusta,244088
altınova,728867
sairme,693929
ponte caldelas,667382
lilburn,202287
mt morris (il),718997
igdir,173956
amroha,702199
bennecourt,186303
buchan,734699
tasnad,705367
wola krakowianska,704991
sarud,712874
mawanella,176467
song be,230081
beyşehir,718862
vezzano,669118
denzlingen,68967
prairie creek (ar),717960
llanwenog,717247
weissenstein,140226
uelvesbull,707722
sart-lez-spa,86913
geversdorf,703089
hemmoor,120721
antoing,133892
brinkum,120265
ribaute,193573
susel,717207
schashagen,717206
priepert,731063
overloon,184904
les esseintes,548015
bias,719483
niderhoff,714147
diminici,703306
kramerhof,709284
jameln,731425
de kiel,144418
esanatoglia,163532
velence,85978
montelparo,688249
svetvincenat,544743
bokordici,703282
gross stromkendorf,69466
pruchten,70958
menaldum,144735
stimigliano,712877
nieuw-heeten,184785
wertach,72033
hoogzand,144693
pommerby,126981
villarrubia,200351
crinitzberg,731361
zschopau,125883
ortezzano,165599
midlaren,144484
dracevac,703317
rügge,127023
brodersby (schleswig-holstein),731527
steinbergkirche,716996
amelinghausen,68228
wesselburenerkoog,686105
neureichenau,70612
xacmaz,700912
alasehir,664590
kineton,708300
námestovo,136139
ho,733075
fatsa,664615
introdacqua,162653
crechets,703926
ásgarður,734987
high level,173510
mondragon,73705
serra do bouro,705270
rasta,735771
dello,165155
melbu,13254
forno di zoldo,171627
la chèze,189876
kyrkhult,702766
collingbourne kingston,68877
calanda,687661
cussac,188122
linda,544808
el cerrito,685460
much marcle,723149
arboletes,706712
lavenone,165225
dubbi,718783
katurai,734916
shimoni,667777
plateau,701140
pointe michel,707448
stittsville,181634
narayanganj,737068
lovosice,110345
leopold,143117
polinesia,707449
sarıot,707583
paukaa (hi),732162
beaudesert,21402
el nihuil,706961
kalkudah,705351
patterdale,70856
nashwauk,148868
petrich,136165
mayer,202449
salitrillos,720416
warm beach (wa),735417
big ada,726639
giroc,712913
easton (wa),735422
urupema,737377
santa branca,180334
canoa,685778
ariano nel polesine,688118
clarksburg (on),694022
spenge,123876
bouloc,186674
alta (ca),23538
tuckerton,150239
cochecton,150545
sor-fron,544841
stites,203520
messines,176602
shelburne falls,148125
baraga (mi),99576
shelby (ia),717386
au train,148222
new albin (ia),736117
howell,150062
tamaqua,153525
sveg,181855
buca,168658
tonstad,703721
playa prieta,672926
playa linda,724924
ibirá,173931
ranchot,714291
morcott,723144
santo antônio do descoberto,729342
villeneuve-lès-maguelone,720780
amponville,185645
marigondon,176332
coxim,729038
pagbilao,712023
farasan,245286
peterlee,131748
lerå,137473
rigny,193598
carrocera,717585
panskura,739265
halesowen,130125
louveira,175896
albaret-sainte-marie,185570
ayelo de rugat,198089
milton (ny),671199
ap loc lam,216050
tambadi,724689
appersett,708029
schwarzheide,163
egelsbach,69100
manthali,737642
lenhartsville,153120
al majaridah,244528
hospet,19535
3ml,734433
grandici,706533
livo (como),716175
santa cristina,711506
oberzissen,124808
panzano in chianti,105227
berghemmet,702595
stazzona,164647
prackenbach,686050
cortaccia,169912
pianello del lario,668823
norra norum,177566
treffurt,127709
leiderdorp,14495
monzelfeld,124720
almoines,197962
praelo,715918
rivoltella,76357
koumarion,238728
huong tan lac,222949
conty,187851
watergang,72589
lackenbach,736929
hathras,720853
whitestone,133208
ocaklar,664665
sidi daoud,734011
sandıktaş,728800
suryapet,738858
bavla,717897
mon ikeun,734712
brandýs nad labem,109369
padurenan,161687
enstone,129629
gramont,189155
cankiri,685666
dharchula,739474
pithapuram,738779
crocetta del montello,715619
nangal,739238
nonio,713772
moelfre,70467
tirgu ocna,693943
maricá,176324
nordstemmen,70685
bamfield,167453
lauffen am neckar,175465
fortunago,715653
vestec u prahy,545304
tungkal,734731
buenavista,737743
platsa,241285
el burgo,712539
romsey,6499
podenzana,164862
madan,705291
minerbio,88479
talgar,195909
menekse,176568
villaminaya,718428
al amarat,736920
quatre-routes,193395
dhilesi,236140
los cantareros,199319
ingaro,664719
santa maria de corco,199985
mtskheta,665340
saint-privat (limousin),720723
vinjerac,71886
rusaki,711691
vega alta,197843
perama (attiki),737945
sitamarhi,737940
muhayriqah,245759
al aḩmadī,700433
grandeyrolles,714148
hico (tx),154383
kajang,162232
weeki wachee (fl),88163
nordingra,177533
gautby,129880
makumbura,710644
gajawadi,724370
edfu,719730
sarnath,513071
kampong rou,716352
messancy,70430
tura,711899
ajeetgarh,734444
tamsahelt,713022
kikambala,707131
bhandarej,19533
livno,663824
volosyanka,665539
dodanduwa,513315
halic,135869
kilmun,708299
ponta,178806
serris,78445
brod,737025
kampong gajah,208405
deposit,150594
boiceville (ny),150471
dordabis,736792
tonpheung,736180
danta ramgarh,734267
cuautlancingo,170036
palaiochori,707414
castelbottaccio,715538
camisano,165051
windeyer,728716
el dabaa,737607
brebbia,165025
harndrup,196566
tulun,733596
sainte-luce-sur-loire,78279
voikoski,112976
strettoia,181715
el ein sokhna,102644
onitsha,177965
northam a,734553
gignese,713771
balatonrendes,727923
saint-cergue,712568
fatehpur (uttar pradesh),724365
witzmannsberg,717073
benamargosa,687644
mi-wuk village (ca),104470
bagaces,720996
poncarale,165350
borgo bonsignore,712467
catuçaba,169342
alcabideche,166426
henrichemont,686857
branville,76961
las caldas,103716
feliceto,87340
terville,194965
cruzilia,701675
middelbeers,146098
la poterie-cap-d'antifer (upper normandy),714201
merdiko rejo,734941
libano,712125
jamestown (ri),514305
humadea,711279
barwa,738977
zacatelco,183971
duc lap,221949
pottassery- i,718738
capiz,169112
karrebaeksminde,196791
sipacate,709070
pa daet,206403
kattankudy,736599
ceton,703883
estissac,188523
prescott (on),178994
grimshaw (ab),172569
chambolle-musigny,87281
kunnur,114556
huyen thanh son,223384
vari,73124
goryeong-gun,212523
calden,118761
pteleos,241554
idaho city,202020
b r hills,724249
taisnieres-en-thierache,714407
mong kok,141242
tremblay-en-france,78217
tosens,545040
çiftehan bucağı,728946
danli,706215
hakpal,260539
santa magdalena,709104
prénouvellon,193318
bottnaryd,702616
hindley,130374
bajpur,734343
helenwood,154023
bjert,196166
chengdu shi,398552
pitas,211692
la javie,686916
berzasca,730116
gundaroo,141621
dahod,713193
iron belt (wi),735534
watchet,133028
pervomayskiy,710796
kampong sungai tamu,162290
vossestrand,19593
krusevac,99317
ventabren,195384
santa lucía milpas altas,733463
al-muzahmiya,737363
imsil-gun,174046
ridder,195899
battenheim,87226
kuttichira,724500
ermida,706613
trautskirchen,71756
nibung tebal,162393
acornhoek,733222
jeram,208281
mevlana caddesi,701541
rio vista (ca),104696
haines falls (ny),735478
chappell hill,154237
hopland,201987
puerto quellon,707476
creixell,198600
wettin-lobejun,717187
slettestrand,666583
ronsholmen,544826
aram,735789
figeholm,171440
vastra lerkvilla,702951
dannemare,687597
steinsbo,703704
botnhamn,735756
olden,11900
klovedal,102842
stegehus,734122
gorlev,196492
brattvåg,137141
skeppsdal,702876
gransjön,172497
svensby,709618
fårvang,196366
assens,196099
vig,706185
lyngstad,735776
sydals,666586
arrild,704757
kyrkogårdsön,175176
thorsminde,716214
undal,702942
sonder nissum,704362
vassenden,703742
tennfjord,735816
runiou,193817
treungen,703725
vejby,197715
frantschach-sankt gertraud,729778
cléder,187695
laupstad,138257
plestin les greves,665941
zellberg,545068
rubbestadneset,544828
st. fuglede,666584
davidsnäs,170162
hanvec,189343
landeleau,686945
plogonnec,193105
tranekaer,197634
voldby,197787
väckelsång,182835
getskär,172183
lychen,671603
laasow,709294
zwietow,118443
beetzseeheide,716835
sonekulla,181366
ytterbo,183941
buchholz (mecklenburg-vorpommern),731068
mirow,86494
lutow,713741
barkhagen,718218
gielow,731474
perlin,731503
ulfborg,197674
roggentin (mecklenburgische seenplatte),731066
tetenbüll,731538
hatzfeld,118965
hagermarsch,731401
berumbur,706765
nesbø,137948
wobbenbüll,731531
drei annen hohne,663567
steninge,181603
stamsried,71537
steinbach-hallenberg,717011
torfhaus,118391
dümmer,731502
mustin,703143
ellefeld,125326
fischbach/rhon,713523
hacksvik,664709
svenstakan,702918
hyllestad,137928
sillerslev,704354
kaltensundheim,127453
zehna,716882
oberschonau,127566
mistelgau,86495
falkenstein,716771
nahetal-waldau,717004
zahrensdorf,716855
veringendorf,183132
judenbach,717012
zell im wiesental,716746
straumoy,703710
kummerow,731114
sommersdorf,731481
nordwestuckermark,717107
veddige,183086
nessmeraltendeich,686033
userin,119966
vipperow,716859
kreien,711328
grossheide,685991
klocksin,119785
jabel,513160
neukalen,717130
asaa,196086
upost,119964
zislow,731464
løding,137340
torvikbygd,735863
bedsted thy,726922
humptrup,703110
oevenum,70764
behrensdorf,126445
lehmrade,731507
oldsum,663742
nenndorf,292845
rosenkranz,127017
hedwigenkoog,731520
austefjorden,737297
zemitz,703189
val-de-moder,714232
tårup,197568
silberstedt,71454
våeryd,182839
mallentin,119833
bobitz,119627
debel,196283
insel hiddensee,716904
barmen,137888
morschwiller,192426
plouegat moysan,665945
saint-alban,193868
staubø,136570
skärepallen,181136
hauteville-sur-mer,715177
sjølund,197329
le buat,190609
besneville,709144
hemmet,196606
brehal,87256
domazan,188246
montalbano (apulia),712615
saint-lo-dʼourville,706243
bofjorden,735803
valdemarsvik,182867
huttau,544925
ertebolle,704773
tobadill,141002
stepnica,726874
trofaiach,140770
fehring,140318
rude,197277
nowe warpno,704948
orlebadet,702824
ribeira seca,179414
pstragowa,688046
sankt koloman,719046
sandhem,664755
swidwin,158966
wielin,158984
rosnowo,694430
lipnica,157402
wolin,158986
debki,514501
warnowo,704990
tuchomie,158510
choczewo,704884
nadole,157613
sieciemin,688049
saltum,197299
haveland,703586
bryrup,196248
grąbczyn,723881
silnowo,704969
grayan-et-l'hôpital,720641
chociwel,158855
talais,704685
dyrvik,138006
hökerum,173675
onsala,664745
bud,735744
lyngseidet,138260
nykvarn,177696
beddinge läge,167694
karlingesund,693867
trovag,703728
tjaldal,703719
hallabro,702702
heberg,702712
norddyroy,735850
nosund,664746
skummeslövsstrand,181208
sandskogen,180253
sjuntorp,67832
norra sonarp,702813
dyrkorn,137144
oksbol,197102
mollebjorke,702806
burseryd,168790
storsteinnes,735786
lerdala,664736
hasvag,735745
torvikbukt,703724
asljunga,86017
hosteland,703601
spøttrup,197460
tomta,99430
snogebaek,87751
åsarp,167039
farevejle kirkeby,666562
løgstrup,196941
melby,196988
bovallstrand,168406
ubbaboda,702939
holsljunga,173700
rolvsnes,703678
kalavag,703610
gottskar,685695
virestad,702962
alshult,685682
utsira,544853
glommen,172285
akra,735865
vieboda,702958
aabybro,196027
måndalen,718833
harran,735777
vevang,703747
stott,686377
augustenborg,72634
gammalstorp,171968
yxnerum,705932
fjertoft,137151
bru,137716
dronningmolle,196299
kopingsvik,664727
vittjarn,707794
stora krokek,181668
odlo,137581
gursken,735774
vagland,735830
kjellsund,703616
ornum,197128
stenugsund,21582
lauvstad,707224
sunnemo,685717
humble,196700
mulestad gård,734115
torp,182346
stallarholmen,181540
afarnes,735740
hummelstad gård,734139
grasmark,67810
sørbøvågen,718834
granvik,734127
gyltenas,707904
storfosna,718835
kallby,664723
eide (more og romsdal),735762
blaksæter,735813
austrheim (hordaland),735859
morup,177028
rorbacksnas,702856
kallsjo,702737
visseltofta,702963
kvillsfors,685703
varekil,182971
romakloster,664753
bøvlingbjerg,196207
seim (hordaland),735726
adelso,664674
korro,664728
korskrogen,664729
edsbro,685692
almeboda,702558
tostared,702934
fagerfjall,664696
tofterup,197603
vislanda,183372
oksvoll,703661
hundslund,196708
lugnas,702792
bergkvara,167816
sodra skoga,702885
mittet,137196
tysse,709459
veberod,183081
jektvik,512945
ekelund,170825
torsvid,702933
fjaras,171504
glostad,172291
karby,196782
eivindvik,544776
arbol,702571
vestergaard,197752
skäl,181113
rorvik,711472
harshult,702709
lonevåg,137011
mindresunde,686370
haukafer,136942
ekebol,170819
siggamala,702866
stenhestra,702897
viksberg,183221
svarvaremala,702916
fjalkinge,171498
kyrkesund,702765
sjömåla,181095
halleviksstrand,685697
kallekulla,702736
bokn,735733
ulvö,182682
mörlunda,177005
jorlanda,174394
bjelland (vest-agder),735864
ljuder,706076
glanshammar,702675
bygstad,137895
finja,171456
sifjord,718839
nordre botnen,703655
hallerud,702703
ingatorp,174070
alsjöholm,166564
sparreholm,181475
saltarna,702859
jarna,86038
vagerse,702944
bjärkhult,734111
bamble,138145
hyggby,173892
bruzaholm,702623
ubbalt,664783
saggrenda,136650
rabbalshede,179154
mellböda,734100
naustbukta,732470
orno,702825
virserum,183362
tjusentorp,182240
torvetjorn,703723
torgonö,182335
hammarö,173073
blentarp,86022
reso,664750
bryggja,735817
hellesoyni,703591
toarp,182256
bjorko,168076
orebakke,703666
maseboda,702800
lyckeby,702793
arkelstorp,166953
skogslund,181186
briksdalsbre,544772
korshamn,708676
everöd,171242
forsvik,664699
timmerhult,702923
tyllinge,734137
garnes,136923
munkeby,177132
smedstorp (skane),672875
noresund,99266
rödön,179579
fargelanda,171331
vårviks-näs,734140
lofta,702787
dyreborg,170604
espeset,137904
sunde i sunnhordland,735703
loyning,711367
borkenes,735845
sparlösa,181474
svarta,181845
aukra,137132
vestpollen,137420
hallstavik,173048
sundset,138122
västra bodane,183039
sundlandet,735851
eckerud,170665
jarane,702731
skardsvag,708678
sandve,137824
bralanda,168445
höje,173668
sondeled,735700
hjälmared,173578
hogsby,173641
danderyd,67800
stora höga,181666
önne,177967
sørkvingo,137084
andersbygget,702565
sibbhult,180912
hestra,173487
nyarp,702817
kroksjo,702761
ris,734135
bonäs,734097
bjoa,735702
skåkerud,181112
stora dyrön,718829
havstorp,173289
hedekas,685699
enden,711973
bäckhult,167298
tingstad,182218
holminge,702720
lycke,175995
askaremåla,167068
torne,702929
hyltebruk,173897
kungsberga,707175
hundeidvik,137176
tanum,182001
barnebo,702593
sundhultsbrunn,181795
vedby,183085
skräpdalen,181199
vastergarn,685721
simmarydsnas,702867
vanse,544856
mosshed,707908
allgunnen,166516
nord-statland,735755
laggarsvik,702767
holmsjo,664720
lysesund,703638
brandamala,702618
kjattorp,709979
herräng,173453
moen,137347
lopperstad,702790
skärsboda,181146
ronde,197262
svärtinge,181849
lövestad,175902
haboda,702696
bømlo,136885
norra klev,734132
tornes,137242
ebbalycke,170622
svängsta,181840
klappa,174801
backaryd,167286
bergsjo,86019
kvas,703626
hocklã¥va,173602
alberga,166404
kolind,196847
åmot,166710
kragnæs,726913
krogsfall,734118
öckerö,177819
eidsbygda,735698
prästnibble,178981
mando by,709317
vastrahyn,702953
flesnes,703564
olderoy,703662
odensvi,734113
skei,16033
digermulen,735787
himmersundet,702715
skottorp,664760
lindet,196933
valeryd,182888
häradsbäck,173143
vagsli,703737
finnas,735808
sturefors,181743
kvase,703627
hamkoll,707059
bjarkoy,735834
lunderskov,196954
ballangen,137261
breivik,136687
brucheville,709161
gruchet-saint-siméon,189256
francavilla sicilia,19162
blangy-sur-bresle,703839
saint-martin-aux-buneaux,714390
le focette,175505
gullholmen,718824
lessebo,175594
florensac,188728
lancheres,704049
saint-sauveur-le-vicomte,666243
holsteryd,702721
forslov,171642
drangedal,138157
flotemarken,702661
sturkö,181745
navarsviken,707909
asenfjord,735792
oxebo,178220
hvål,138393
grimstorp,172574
sandhult,180246
simlangsdalen,99426
selje,137963
urshult,182795
bälgviken,167411
öboängen,734129
muggebo,177082
farhult,171332
thiruvazhiyad,734499
vashon,155570
les grandes-ventes,714839
rawlakot,110553
tomari,720834
kato figalia,237777
blackduck (mn),103929
pivonin,702411
tapovan,710950
ngai giao,227384
saint-pierre-sur-dives,687414
mennecy,191994
west chicago,203875
kampung tanjong bidara,211018
az zarqā',700996
lubriano,688235
laufen,67966
my lai,226631
paliano,164584
kalpakkam,712904
boulogne-sur-gesse,714837
boggabilla,709115
pozega,136368
ateca,666685
quan chin,229517
metelsdorf,713558
sindrup,704355
orsted,197134
sandur,513633
asnæs,196094
portegolpe,732817
cucuchucho,170047
cazalegas,666849
snedsted,197397
ilkeston,130535
tijucas do sul,694494
warrenton (nc),736452
balatonszemes,85958
exminster,129666
sechura,707599
ogbomosho,177863
ginan-cho,248033
givenchy-en-gohelle,714204
roveredo capriasca,105919
kannan devan hills,717308
san augustine (tx),104724
manzanal de los infantes,717540
thiverval-grignon,195005
samanzana,733489
hilmarton,709255
torre boldone,165437
marsa,176377
boigneville,186525
biaroza,726379
union (nj),100876
hackney,130112
la boissiere-ecole,189786
whitehead,133203
shindholi,724662
darraweith guim,142975
fatih,171357
kluczbork,157110
cimany,544559
vasileia,725808
mouzakion,105816
alt duvenstedt,68197
birlenbach,121959
entienza,713134
zuljana,705937
vodovada,727948
dubravka,732312
putnikovici,544720
crkvice,703301
pisak,544716
klis,703349
vučevica,732374
saborsko,732271
klanac,703348
hrvace,686328
karanac,544684
lovorno,703374
podstup,70907
doli,706929
mirlovic polje,711393
staševica,732383
koromacno,136286
slime,703461
grabovac (splitsko-dalmatinska),732289
rupa,686347
molenschot,146106
hoofdplaat,705645
kácov,109903
concepcion (iloilo),728066
saint-jean-de-moirans,194163
la bastidonne,686896
herserange,189435
zurndorf,138552
millerton,150880
covaleda,666903
suchy las,72813
szada,115322
koraput,114662
san juan chamelco,685650
estézargues,188520
keld,723013
pulamanthole,724628
chhabra,114689
roing,739315
mathoura,141735
jimena de la frontera,667761
rokycany,110189
portis,146904
ravulapalem,711922
silver summit (ut),736759
alwinton,127988
haldipur,724389
quinta da pedra escrita,705264
tanndalen,664775
delisle,170231
agua zarca,115773
zambrow,158753
scheidgen,85878
visso,183378
los saucos,724892
hultafors,173826
fkih ben saleh,664131
magouliana,239395
miramas,192110
san juan de la maguana,719713
slanic,705400
plaster rock (nb),178733
chanderi,390139
west banyak island,737295
ndaragwa,735566
ceru colorado,685827
yachimata,106376
sätila,180563
saint-rambert-d'albon (rhone-alpes),714648
quarto oggiaro,165366
fennville (mi),99971
torkilstrup,197613
jemseg (nb),694027
botad,738811
emmett,201488
ruiloba,667454
gurun,208258
villaviciosa de cordoba,200356
nuthe-urstromtal,717104
bargur,739464
pendine,131715
ramuli,710089
sucy-en-brie,714525
torrefarrera,200132
ceyzeriat,187238
dommartin-lès-cuiseaux,719504
anthony (ks),719019
hoisington,146834
moulton (tx),737517
são sebastião (distrito),729457
papuda,706631
cosmópolis,169928
thiruvarur,114738
prahecq,193290
gabaldon,171869
morhange,192411
lopez jaena,709708
troon (cornwall),723394
williamston,148653
haarle,184462
livry-gargan,77502
guignicourt,189289
la motte-servolex,77359
harfleur,20686
peringandoor,724604
tobyhanna township (pa),720145
irvington (nj),100174
stockton (nj),514138
al humaydah,244311
unterolberndorf,729701
klemensnäs,174813
elmen,544888
endau,208224
zoppola,164405
lang lap,225148
zeitlofs,731350
nam bak,719051
antarut,733337
cuba (nm),672100
rørvik (trøndelag),725460
nereto,165595
alipura,21064
adinarayana hosahalli,719786
smedjebacken,67834
demirciler,728989
darlington (victoria),733833
bocaue,168185
reşadiye,720882
tetiaroa island,737812
narammala,736597
la muela,73625
ghatampur,734306
dong nai,221760
chirkunda,724325
arcabuco,706713
seka,207020
lavoine,721068
omalo,712654
chambers lodge (ca),736643
bermuda dunes (ca),103917
oldham (tn),736750
phelps (ny),104635
coachella (ca),201104
erzhausen,86359
dayton,201266
vermont heights (fl),735452
paia (hi),88130
kalihiwai (hi),732167
hanalei (hi),78792
underwood,148981
graton,201775
inlet beach (fl),718510
davie (fl),104079
rio verde (az),736631
kapaau (hi),202105
mancelona (mi),104428
carnelian bay (ca),104000
clarkdale (az),201086
kimberling city (mo),104343
benton (tn),200712
boguslawiec,704877
overton (nv),104602
punaluu (hi),732187
cedar key (fl),99742
nome,202732
lindon,154825
montrose (pa),735957
mount ephraim (nj),100453
mammoth spring,202395
yellow springs,152191
wears valley (tn),719403
homewood (ca),671188
fayetteville (tx),735079
flushing,151882
baneberry (tn),735485
piedmont (qc),514195
minnewaukan (nd),736027
high falls,150733
hereford (az),201914
whitehall township (pa),104991
mohawk,148482
mount lemmon,202628
annapolis (mo),735963
coulee dam,155398
weathersfield (vt),720169
rowlesburg,155785
lower lake (ca),202349
effort,152892
kewadin (mi),104338
valhalla,151185
hemphill,154381
battle lake (mn),514455
kirbyville,149387
howard lake,148801
eldridge,201457
promise city,146651
coushatta,147267
cedar (mi),736133
dutch john,154803
madawaska,147579
oak harbor,103059
pocono summit,153355
claryville (ny),514400
greenbank,155436
baby island heights (wa),736784
bells beach (wa),736782
mountain view (hi),732158
hakalau (hi),201833
anahola (hi),200525
mattawa,155469
west union,152177
gnadenhutten,151902
elmalı,702538
aloha (or),103856
cornville,201171
shikohabad,739346
akzhar,712920
fatih (izmir),728884
westhoughton,133151
dassow,103190
searchlight,149829
aldington,127959
bilin,726256
kolaghat,739172
pachpahar,734275
churachandpur,738776
north hero,154917
las pedroñeras,718408
lagarde,190308
thuan an (binh duong),720975
huyen kim son,223202
caistor,128734
corunca,730156
chupaca,726591
bahawalnagar,738083
parvathipuram,724598
hohenbocka,703109
gorni okol,707028
slapanice,109640
mosfellsbaer,67992
sumber rejo,734763
landévennec,190382
arlena di castro,715407
gorstan,708218
jati,161723
ilica,685670
rudrapur,114798
colorines,169787
palladam,739588
almaza,110523
la pobla de mafumet,199152
port elgin (on),178869
huyen bac ha,223020
ermenek,712630
karumathampatti,718786
starcross,132503
vlochos,668469
berlin (nj),88043
indian head (md),100164
gibbstown (nj),150030
arth,167011
quan son tra,229572
hughes springs,154396
gjern,196471
huyen ninh son,223290
marganell,737256
castellfullit del boix,687687
montmajor,687836
la llacuna,199130
herrera de alcantara,667074
puth,145692
marguerittes,99037
mozac,192491
norwell,148095
sant martí sarroca,726949
pacs del penedes,687858
acharistskali,726501
jennings (fl),104314
asunción nochixtlán,721725
ash shallal,709835
saint-saturnin (auvergne),713861
strathpine,142423
visbek,71889
grebenstein,118909
arayat,709118
balsareny,198111
castellví de la marca,727431
chongqing shi,399807
algés,166485
tomares,200114
falcon lake (mb),726070
yarlovo,707811
craig-cefn-parc,722829
hilton,130371
ojcow,157714
verchen,731115
agios tychon,720394
sint-eloois-vijve,544537
ashtamichira,724245
østby,136812
poltár,135890
stosswihr,666333
leck,126857
williamstown (galway),668263
ousson-sur-loire,192834
jay (ok),150772
tivissa,667592
bains-les-bains,186043
guadalupita (nm),667844
savona (bc),180590
kallepeia,664302
comilla,738216
ivato,709027
rivanazzano,164884
xirokastellon,243345
holcombe,69748
são gabriel da cachoeira,725470
manduel,191716
greenwich,130065
lyons (in),717390
dos brazos,707896
millgrove,728602
kiskore,702503
al khashabah,738770
stoney stanton,723338
hauteville-les-dijon,714444
soap lake,155540
dorrigo,21407
valmozzola,715282
goshen,201752
bao lam,218903
shelbyville (mi),736140
borda da mata,168328
ksar ghilane,734000
viramgam,739516
kulur,738771
anna (tx),738912
simara,725039
sessa cilento,669016
dedha,710362
berge,198221
charata,724008
minga guazú,732388
moloy,192160
djiffer,734033
lord's bank,175842
sanyang,711089
cobano,664549
bartholomä,731149
north tumbulgum,141811
nono,716376
malechowo,158915
pakhiralay,720808
valcea,182863
badhra,738961
chimoio,733954
madkai,724504
barra del colorado,737750
bort-l'etang (auvergne),714716
candillargues,187055
staţiunea muntele băişorii,730020
kumily,21088
durack,728563
lake argyle,725198
puerto princesa city,179054
vysne ruzbachy,544595
lifao,734819
paradera,720505
huyen hoang hoa,223175
kouchibouguac (nb),726049
vollerwiek,663923
norrskog,177587
inverbroom,708279
sokolov,67516
huyen bat xat,223031
baird (tx),154169
laupen,175468
drewsteignton,719707
saint-alban-sur-limagnole,78241
caazapa,700786
mount mee,728416
bain,114582
jaynagar,739121
north lakhimpur,739252
hoganas,105911
lindenfels,86477
sterkspruit,733138
quang uyen,229663
de hollandsche,734535
pierrefitte-sur-sauldre,718105
råde,137669
schernfeld,717065
valverde (catania),716126
cho phuoc hai,220381
horni slavkov,545148
anda,712008
old harbour,115848
nelligen,738902
cluden,142168
wallaga lake,738901
valla beach,733808
araçoiaba da serra,166878
borriol,198260
villacidro,76692
ningi,738773
alifu alifu atoll,700246
wainaku (hi),732166
agri,685656
arneguy,76826
maltaberg,70323
iraklitsa,105773
rajki,703439
wrzesnia,158688
saint-restitut,704316
mulade,718071
nagcarlan,732842
kuchaman,720451
bury,18005
bussurel,186967
ash shafa,244996
tellico plains,154121
balneario el cóndor,724121
preah vihear,671709
balatonfőkajár,727927
tappenbeck,71658
alcântara (maranhao),729175
san pedro (baja california sur),724960
khangsar,734397
brusy,156404
siharaja,513428
bangi,162226
san pablo de los montes,704643
biscione,719132
chintamani,738787
netu'a,726744
niedenstein,119219
san giorgio del sannio,163214
elanthukadav,724359
arthur (il),146385
gouaux,719528
anni,739549
dragasani,170510
tiptur,114566
al hani,244254
plassac,665931
mount surprise,720469
pully,179066
gmund,544903
revadanda,710837
atworth,128082
porto nacional,178913
losar,710619
paren godak khasmahal,728359
almazora,73380
les mees,548019
melmaruvathur,713196
akkol,738778
keluang,738259
dudullu,170541
agios andreas katakolo,668301
carluke,128786
teacapan,103117
uthamapalayam,724728
shemonaikha,733514
carnlough,68795
bel ombre,18153
kincumber south,141678
north bonneville (wa),104562
chau thanh a,728007
inverness (ca),736645
qax,694140
tres,182461
beiseker (ab),726154
opocno,545221
lisbon (nd),104404
treis elies,725789
upper west,700993
church hill (tn),99772
kozbeyli,720276
johanngeorgenstadt,125461
bentong pahang,513008
anakapalli,738938
dubulagadi,738856
ivanec,136390
río turbio,724160
ciche,667973
santa catarina juquila,705850
fayfa',245294
go dau ha,222292
cau ke,220109
nongkhiaw,710748
ankola,669479
tarlungeni,705382
hrdejovice,109488
balekambang,734745
sasso di castalda,162777
morowali regency,737623
wang chao,735691
bundibugyo,701259
kumarghat,739179
marcus hill,143144
san roque de riomiera,667495
nanjanagudu,724564
puerto viejo,726329
areosa,166933
koothi,724481
lomba,736796
mathis (tx),104447
nakano-ku,252220
sampla,739594
madampatti,739634
balehalla,724255
salangpur,739335
ohonua,711095
al qayrawan,700459
biswan,737698
al duwadimi,718143
new chandigarh,739248
khurai,732244
palazzo guglielmi,178277
bayombong,167654
daringbadi,739410
maizieres-les-vic,687041
chincha alta,669637
belford,86669
weiswampach,664267
montevrain,20508
stradbroke,132581
la crosse (ks),719024
kravenik,686290
tarpley (tx),735071
pralboino,165359
digboi,739057
ap dai tai,215724
burhanilkantha,710299
pulilan,179064
gudivada,724384
esmoriz,73203
cape bridgewater,728522
drvenik mali,727981
raghunathganj-ii,734356
harlow,7648
chhagalnaiya,732510
pallakad,17942
viera (fl),100894
vatra,707746
white sulphur springs (mt),735365
castel bolognese,163426
purwosari,734936
fittleworth,129764
bacina,703266
dunk island,10698
penta-di-casinca,687183
komaki,106191
vindrac-alayrac,704740
cunewalde,68924
sungai ayer tawar,211929
plaigne,720634
gavegali,720951
targu secuiesc,665419
nandigama,724559
kari kot,738897
henderson (tn),23520
gündoğdu (balikesir),728914
casarabonela,102315
chesaning (mi),23252
rempstone,131962
kalikavu,710523
novxanı,726412
chavagnac,547609
ohiopyle,153302
pocahontas (il),718998
onsted,148521
north kingsville,152053
kane,153062
norden (ca),104559
rushford,148923
stoystown,153505
shevlin,148947
pleasant valley (ny),22120
bethel (ak),103920
olancha (ca),672138
south easton,148134
piedmont,149483
bridgman,148252
willow city,154768
altmar,150412
lafitte (la),17536
atar,736269
chollerford,18965
west winfield,151244
starlight (pa),702315
chauke,724315
taylor springs,203610
manti (ut),104434
pierre-benite,77737
fouchy,547756
peotone,202965
besset,186363
g.udayagiri,734262
chaplin (ct),104011
yeola,738874
stockton,141908
monkey mia,80020
florenceville-bristol (nb),726053
lonnakko,718937
playa ostional,664560
szymany,725086
thurnau,71716
ingrave,130548
hawar islands,711795
landsberg,671118
namsai,739236
padra,739500
pataudi,739267
vangsnes,137984
whitesboro (tx),100963
faulkton (sd),99967
thekkumkara,724697
tourville-en-auge,707703
koxhas,693893
tarnaveni,182023
ås (akershus),711887
faux-la-montagne,721212
karchaghbyur,733315
rajapur,738791
wijchen,72600
bernardino de campos,718551
szigetvar,114865
aguerd,685418
lorenzana,668688
khatiyar,728366
obereisenheim,116769
oedalto,268749
bottmingen,168397
cat island,19006
thondamuthur,739600
ajdovscina,110943
agia anna (euboea),728323
cherisey (lorraine),714126
l'oudon,721286
monnieres,714495
bouloire,186677
murazzano (piemonte),725655
limones,726516
auchinleck,68292
trimdon grange,132864
gorseinon,129962
runde,703680
hirschhorn (neckar),119004
oud-beijerland,184877
pingjum,144780
zonhoven,86921
oosterzee,144767
gronsveld,145576
gigny,189048
sennevoy-le-bas,721121
roccapiemonte,163203
nouvion-sur-meuse,738792
ahad rafidah,726277
ayer hitam,207758
neung-sur-beuvron,105692
bemoko,706759
ocongate,701826
vallincu,195271
maulden,131215
chaubattia,710316
tälje,181947
ljungaverk,175750
al qatif,244698
stanstead,132488
az zulfi,245117
tong,733558
sormano,165421
nord torpa,735836
fownhope,69277
ars,185808
greci,163129
bedarieux,186241
rodi' milici,715958
neuhausen auf den fildern,177385
vistrorio,165755
poligny (ile-de-france),713877
villalago,162731
le montet,190794
kehnert,126115
langstedt,126853
casas del cerro,727347
jörn,174395
ballyboughal,694442
chars,187416
serrilla,687930
aradeo,166880
ceresole reale,706325
honiton,69769
hedehusene,196589
viry,195678
todmorden,132811
neuburg am rhein,716931
allatorp,166505
ramacca,179199
neuhausen (baden-wurttemberg),716739
altare,164681
fresnay-en-retz,188868
bonnoeuvre,547489
liebstadt,731374
vicolungo,716148
jockfall,726454
gélida,198888
battaglia terme,167620
san juan de la arena,727133
talipli,728824
traversetolo,164028
glanville,714970
marigny,191803
auzas,185962
scandriglia,669006
brokind,664683
cherville,187587
teisnach,71675
torberget,735727
puig,73796
ceillac,87278
ballynaraha south,732610
pierantonio,178630
nossa senhora do pilar,733029
le horps,190731
gioiosa ionica,172235
castano primo,165844
outillé,192836
premilcuore,163835
emmelsbull-horsbull,663575
val suzon,666432
corneville-sur-risle,547645
arreau,76831
saint-jean-froidmentel,194173
cittanova,75767
quiberville,77891
coulon,187940
collonges,711195
le chesne,190645
lunel-viel,191593
annoeullin,185703
escobar de polendos,717556
borderes-sur-lʼechez,703844
fontenay-le-marmion,188773
caion,666770
enguidanos,666956
melton mowbray,70408
virson,195677
bolognetta,168261
huriel,547831
marsac (poitou-charentes),721382
lodi vecchio,165236
seyssel,714744
saltsjöbaden,180001
tysnes,137108
hermeskeil,124504
dienné (poitou-charentes),721360
verenay,195401
saint-martory,687390
les molieres (ile-de-france),714292
dewa,734533
garden city (id),736676
santiago (baja california sur),724973
daday,719209
ziro,737617
lacapelle,190284
muli,724552
saint-arnoult-en-yvelines,193891
prasat sambour,716362
white pigeon,148650
dobravlje,110960
rio das flores,729018
gulzarbagh,710450
reposaari,693693
plaka,241228
angleur,68239
marifjora,137944
dahmi,710352
glyn ceiriog,722928
miquelon-langlade,701446
brzesc kujawski,156409
zagarzazu,733630
yellville,204000
osieki,726825
sennesvik,703686
kölliken,174891
menziken,176573
barwice,158847
galuke,710415
palindanuwara,736615
kostanje,727980
chilwell,128936
la parra,199143
gaudies,547776
tandur,739513
meerbeck,713614
sagaponack,151067
al janūbīyah,701091
carhaix-plouguer,187092
mandailles,191710
sumbermujur,734765
la bonaigua de baix,727655
mesra,739582
panayal,724593
wadley (ga),104935
a luoi,215197
bardoli,739463
ravenstein (baden-wurttemberg),731187
west kirby,72040
lontzen,134273
santa ninfa,705155
tesimo,669057
saint-david-de-falardeau (qc),726016
buckland newton,128649
mount murray,716391
mansowal,734425
butterworth,168818
verhovyna,665535
geraki (lakonia),736886
kirkton of glenisla,69970
bareli,724194
pimpalgaon baswant,724613
san paolo d' argon,716007
changlung,734214
lapseki,728724
crossgates,86710
ballinaspig,159090
consort (ab),726119
virnoli,724747
polje,710081
mungyeong,267173
shildon,132270
ushaw moor,132954
csesznek,664505
kuvattur,710594
belforet-en-perche,737502
khuldabad,739163
pasian di prato,712851
sarongan,734758
safra keserwan,665268
malkapur,739207
croton on hudson,150580
port austin,148543
valley ford (ca),203746
new wilmington,153284
villa allende,685440
piatra,178613
valenii de munte,86221
genderen,145918
calderitas,724796
karumai,107136
ranca - novaci,665403
florstadt,118860
magdalena de kino,705701
carnarvon park,736188
san pedro pochutla,685912
grand pre (ns),663270
saint-hippolyte (qc),663379
malava,726735
opapo,735592
congregación juana moza,724822
bolwarra,728521
vars (on),663448
pohenegamook (qc),694031
nova hartz,707377
piacentina,163790
weimar (lahn),717117
beachburg,167661
serafina corrêa,729051
valentim gentil,182885
gobernador gregores,707022
tlell (bc),726193
roças novas,179555
bellarine,142884
ituzaingo,109010
las vegas,724103
murray river (pe),726198
elk point (ab),170918
bancroft,167463
laguna blanca,736395
ilo,702245
reis,179354
laraos,716334
los molles (san luis),732399
gull lake,172768
lac du bonnet,175271
maras,726554
monte dinero,702211
tlalixtac de cabrera,703030
grand bend,711999
golden beach,733834
westville,142029
chester-le-street,128906
changaramkulam,739022
piraeus,10539
liddington,130864
jezow sudecki,704913
mornant,192421
ports,193252
habra,739095
svityaz,706503
eket,170831
kakori,734531
mairinque,176120
mill bay (bc),663328
herreruela de oropesa,713349
kikinda,694507
nalbari,738857
hondon de las nieves,694357
bragança (para),729173
tweed,182603
cupar,102206
kettlewell,69930
gania,734258
padang tengku,211618
brierfield,128569
comiziano,163105
werda,712065
aiud,166341
tres esquinas,724111
kharadhros,238173
st. peterzell,716284
myrtea,240183
seelisberg,665055
la unión (valle del cauca),726689
villeneuve (midi-pyrenees),720705
torri di quartesolo,182372
yelarbon,733823
diggers rest,142984
varages,715172
carvalheira,169215
cikujang,710339
osso de sio,701836
big falls,706771
malkhed,724514
clairmont,711191
stoykite,719771
herron,728536
davis (ok),735975
beyləqan,700873
dubrava (dubrovačko-neretvanska),727952
arqua petrarca,166983
ituren,667104
san valentino torio,163226
saint joseph,179864
civezza,715588
mattu,739535
kilmeaden waterford,668252
citincabchén,169667
chandler heights (az),736630
castellero,688162
orikum,707401
fternon,236886
dholka,739052
tzununa,707720
ockelbo,177818
paludi,162939
seabra,688390
krong svay rieng,736236
itaituba,174195
villemoustaussou,715040
daryapur,114752
souto de carpalhosa,720259
a-dos-cunhados,669286
chrudim,110085
rocheserviere,193644
donau-ries,737465
pitrufquen,707436
patea,728260
netarhat,739604
harztor,717219
nohedes,694271
weliwe,711046
hackham,142583
umm şalāl,700772
ilirska bistrica,110978
khenchara,726792
dannstadt-schauernheim,124316
pasure,724599
blieskastel,125073
platanillo,726336
rawreth,708468
liederbach,70178
bagenkop,196114
marsanne,513511
lithochoro (pieria),239261
wentnor,708597
aderet,735924
lower woods harbour (ns),726011
elappully,724360
furnace,129850
duck (nc),104110
ada foah,726638
oosterwolde,72491
jimma,512846
kantilo,738855
patsch,70855
cradley,129164
sibuhuan jae,734931
cairnbaan,708100
clachan,711190
bishampton,128358
talghar,713021
havnnes,735780
boissets,186545
rizal (palawan),709715
tam diep,230399
achmelvich,708017
marcellina,164552
oriskany (ny),100541
la crosse (va),22544
azle (tx),99566
maryland city (md),717991
vester-skerninge,704394
da tho,220908
saint-jean-de-belleville,721432
agno,710173
creysse,686722
koysha,738814
lesmahagow,703222
kasarde,724454
langtang,737040
lakeside (mt),735367
san pietro viminario,716013
lung nieo,226074
dhahban,245250
sampeyre,725646
vangoor,734244
calamba (misamis occidental),709704
pertunmaa,112398
cobquecura,706864
itacarambi,729269
agios gordis,234754
agnes banks,725024
lokapur,739493
haresfield,130178
cuasso al monte,668567
wickham market,133241
huacas,685641
kawatana,107709
tysvær,137868
rolling meadows (il),22440
icard,151460
energy,201491
oberdorf,177726
sakhir,78489
delhi (ny),735956
masachapa,707298
kinetta,238313
tucacas,705353
adams (ma),147932
ezquerra,738800
victory heights,728446
farra d' isonzo,715642
orocué,732418
weissensberg,72001
avesnelles,185979
aimorés,729285
seven devils (nc),735462
loanda,175767
ilomantsi,111578
giovo,99166
green turtle cay,700500
kłopotnica,711316
aurora (in),736113
booneville (ar),738803
long itchington,708367
svenshögen,181858
mauron,191931
hatoondi,719822
barton under needwood,68467
ban bon,217141
hauho,111469
hradec nad moravici,67479
pattambi,724600
boussu,133927
hospental,664918
vuren,145278
tanahu,690281
botrugno,168387
langkap,211444
kocadere,174851
spiaggiabella,719123
andorno micca,165765
nala ugrachandi,719897
meggen,67983
leighton buzzard,70142
livade,70218
norton canes,131544
conhuas,732614
arganil,672964
sakoli,734252
castellnovo,666834
joshua (tx),104322
willesborough,72095
brancaster,708082
villaluenga de la sagra,727470
williamstown (wv),100974
loten,738839
paruzzaro,165327
fanari,668343
alfonsine,163277
livingston manor,150819
maser,88471
carapicuíba,169140
nohyaxche,701820
pilai,241149
toscaig,708567
tram kak,716372
dobiegniew,156635
eferding,98802
wennappuwa,513230
rhome (tx),104688
ivins (ut),19508
yelm (wa),105027
ljung,175749
wakuya,107581
pogány,114854
sircilla,738848
bouriege,547504
weiterswiller,714357
abreschviller,686496
ukunda,513184
plessala,709372
palmoli,715250
storfors,67840
santa rita (pampanga),720028
höviksnäs,718830
timmernabben,702924
ulrika,182677
talwandi sabo,738917
esino lario,668584
la azohia,87893
fagelfors,171269
svanesund,702913
grangarde,67809
ljustero,664738
vaite,721191
al kura,244468
rumtek,720453
fort lupton (co),201611
saukville (wi),100741
lime ridge (pa),717855
ayyankottai,724247
palpa,135862
kangeyam,739572
rampur bushahr,738842
affalterbach,166230
tharad,737503
coronel enrique soto cano ab,737859
etzelwang,171226
bana,702213
inebolu,664632
pozantı,719733
dore,129379
cha lao,220165
askim,137525
umm as sahik,246235
muro,87485
montoursville (pa),100444
barkeyville (pa),103888
beas,734408
kungsäter,175081
cucao,723916
babati,733103
bozuyuk,664608
refuge (ms),720087
nabire,725418
khed (maharashtra),724468
potelieres,706406
bandeira,704421
carbunari,706818
latehar,724502
buchbrunn,168666
kelbra (kyffhauser),126116
joroinen,111630
pennapiedimonte,668809
freudenberg (baden-wurttemberg),716748
lagny-sur-marne,77397
cabrera de mataró,198307
vestfossen,136679
dunes city (or),717773
chilakaluripet,739468
varennes-sur-allier,77820
faimes,134213
meisenheim,124699
rocroi,193655
niklasdorf,140578
mesekenhagen,716894
poggio berni,163810
ourilândia do norte,718545
rovolon,179717
binalong,738808
gananoque (on),11055
pande,114630
bhadasar,712144
dindori,114587
soledad (ca),104787
dryanovo,544609
tale ghar,724687
sant' orsola terme,716031
fond bay,668269
arnold,147688
saint erth,132105
korbeek-dijle,664118
carzano,715520
random lake,156086
voroklini,67537
lincoln acres,202290
aizenay,185563
vega de liebana,667665
varing,685720
mittelbergheim,192125
coledale,141504
lurbe-saint-christau,87429
vichuquen,707758
jagatsukh,710488
huyen phu quoc,223306
hameenkyla,85946
straß im straßertale,729791
alarilla,738806
zovuni,733303
vémars,195357
saint-martin-en-bresse,78346
renchen,179373
fouras,77238
sagama,668884
midvagur,707320
saint-branchs,193928
tonk,512828
alcaria,166431
rajbiraj,736308
paulpietersberg,102966
stroumpi,735671
salhouse,723264
luxborough,711371
mrauk u,513618
alfold,127962
lovrec,703375
salvan,180008
leticani,703369
korthio,238626
san pedro de la paz,707571
nagyatád,115372
aiello del friuli,715383
bisignano,162802
nucet,665384
bjørnstad,136684
chiusa cavalli,719125
gehlberg,86375
turbo,664035
ambolgad,724234
vidavalur,734238
vistabella del maestrat,667724
koyilandy,739491
great rissington,130037
triandria,242638
ntwaaban,733079
longmire,155457
bertoua,737854
porrosatí,726326
myrhøj,197019
bodenwöhr,168208
mersin (trabzon),728793
duc hoa,221943
k.hemmanahalli,724428
curio,664861
smackover (ar),100790
prospect (ky),736114
manu,114705
heudebouville,189444
les allues,77468
punta negra,694440
cesano,88399
ruovesi,112566
castrelo do val,718446
prenzlau,70945
massaranduba,176420
novele,713404
villefagnan,195569
choisy,187644
salinas de hidalgo,703023
lovund,137343
vikravandi,739603
seyssinet-pariset,194715
roatto,725660
georgeham,722920
kusu,720844
jinseki,720830
bangaon,738966
coleridge,149698
maurens-scopont,687068
castel d'ario,75675
prümzurlay,731316
phicardou,735639
al hammam,685541
teakettle village,685921
chyne,545111
tarwin lower,709727
richland (ga),100662
paralia platanou,240873
edsberg,170693
benedito novo,167757
picado,178620
bhachau,738986
mt vernon (ny),736726
saint-pascal (qc),179935
wackernheim,124990
mt charleston (nv),719040
huyen van don,223444
saudi arabia unaiza,672521
le bouchet-saint-nicolas,720751
murrhardt,177159
stalybridge,132471
brehemont,87257
le bousquet-d'orb,714602
medford (wi),100388
saint-hilaire-de-loulay,194134
assamstadt,167094
matsukawa,107144
menifee (ca),672114
epsom,149875
kumkuyu,728847
sawtry,71272
marmara adasi,664651
yernjatap,733339
mohan,114493
saint-étienne-d'albagnan,720653
esternay,715103
keysville (va),155165
unadilla (ga),23247
cravant les coteaux,547660
ouessant,192824
kerien,686887
leinau,116413
basti,734309
cérisi,187210
saint-martin-de-fugeres,708762
snowtown,513062
huhi,693976
nevele,135523
kilis,174727
mauvages,714805
saint-barthelemy (aquitaine),713921
ardleigh,128024
belesta,547447
salmentaka,112598
el ansser,725817
cumpana,693935
isnas,685568
itaipulândia,729350
hixon,722987
puerto lindo,707474
hathern,130228
aberargie,701603
saint george's city,701574
hammanskraal,705635
frostenden,708199
nenthead,131420
cajica,706811
loucovice,545196
petriai,241080
maaseik,70303
matozinhos,176451
giosonas,236996
danthal,734453
santa ana (veracruz),719462
camerton,128759
schinoussa,513201
bishops nympton,708064
fournets luisans,547758
morey,192409
mahadevsthan,719477
hallstahammar,173047
san pedro sacatepéquez,733475
miandrivazo,738493
jinotega,694004
gədəbəy,700881
ii nugadi,726409
aquara,163042
ampelas,105728
audresselles,513210
bonson,186594
marlhes,191816
lanivet,705680
saint-sauveur-d'emalleville,687430
kavallos,238006
trobajo del camino,667621
katouna,237966
camurac,547546
le cailar,190612
verrieres,666549
chef-boutonne,721398
saint-pierre-de-maille,705843
mareuil (aquitaine),721063
les billaux,548012
fenestrelle,715312
kadongo,726741
cabanas,700592
ashanti,185456
sini,181037
neviano,76151
quattro castella,163843
kristinestad,711975
ein zivan,717260
hague,150709
eloxochitlán,724848
buritama,729117
buena vista (va),200870
psarades,241517
krusevo,665591
stonham,132562
caujaral,693616
bamenda,706747
san pedro masahuat,665639
leppavirta,102671
bor,168323
alandsryd,166392
sarna,693874
da jrang,220874
giussano,75903
pogonia,241309
maceira,73237
sparta,105169
axum,725254
port erin,716388
mégrine,176514
dover (id),718996
nagda,739230
bennettsbridge,732585
kwambonambi,701757
emigrant,149616
kordel,124613
hajnowka,156872
saint-liboire (qc),98923
hay point,728613
trémeven,195144
mala calomija,707280
villa de garcía,183264
eggenstein-leopoldshafen,69102
zevaco,666518
mjavatn,703643
petalou,241064
kafiona,237197
arzew,725832
hastinapur,739568
purura,710822
cam ranh,219955
morganville,150125
grand terrace (ca),201765
jakar,725344
vitorchiano,76700
sun island,16632
sfruz,716058
leo,146181
blewitts springs,142534
madinat hamad,701096
legen,726421
shareshill,132229
ladbroke,130761
briedern,68697
ballabgarh,734289
leominster,86776
lochmaben,131000
sioni,726510
armadale,128036
okanagan falls (bc),672235
albocacer,687613
livarot,191435
poovattuparamba,724623
shivpati nagar,21047
bisha,725266
naranjos agrios,713166
cabo de la vela,706809
silvia,726667
prantij,734283
shoal lake (mb),726184
guaraciaba do norte,701720
salar,199862
mayschoss,23073
duong luat,222008
schkopau,71302
la riche,190150
madapura,738795
axberg,140261
high range,717328
ranschbach,716944
holnon,87356
stourport-on-severn,719566
kato assos,237753
costa de la luz (cadiz),21339
east haddam,201399
trout lake (wa),735546
gosnells,143454
gottlieben,67928
bjerringbro,87716
tinglayan,738815
pavagada,724602
esterencuby,547726
chhara,734418
aren,666663
udbina,708668
coutevroult,188002
bangaram,724261
stigler,152422
schlatt bei winterthur,736825
beauvoir (picardie),713831
mullrose,70527
pertosa,705135
qa'id,245844
guardiola,198944
odai-cho,252896
maklar,685617
treinta y tres,17149
ipswich (ma),78804
wanchese,151676
rodello,713759
lend,686400
ercis,85991
santiago del monte,705946
sao joao de tarouca,102311
sadova,693942
randalls bay,710829
rathmannsdorf - hohe,663749
colón,169770
santa maria del rio,724970
lacota,148441
ain zaghouan,734008
gournay-sur-marne,189133
borghetto santo spirito,715458
perambra,739280
karaburun (duzce),728843
torchiarolo,76612
apensen,120084
casegas,712508
farinole,706984
saint-germain-au-mont-d'or,194099
ballainvilliers,186055
columbiaville,148293
meadville,149109
coquimbito,109035
schellinkhout,185036
da gan,220867
manuel,176262
flaxman valley,728511
sipoo,112664
huningue,189518
vasudevanpattu,724739
glenlivet,703212
kaltenkirchen,69890
gilly-sur-isere,714979
cayrac,187179
dieupentale,188218
pannessieres,665903
elsenfeld,170950
villares de yeltes,707785
moi,15334
ovre ramse,703672
åseral,138297
mendig,70412
neuleiningen,86515
maple creek (sk),663317
unity,182725
limni (evvoia),513082
orsett,86824
mandapeta,724520
beaumont-le-roger,547440
ourimbah,141822
chamarandes-choignes,721174
bremer bay,102357
pihtipudas,112413
skeikampen,23060
neipín,727202
bolulla,713389
lazne kyselka,736962
suares,727224
eybens,77198
kartosuro,161727
valles de ortega,727512
sidi hamzah,246086
fossa,163561
attichy,185858
mondello,176846
upper gong-gong,707730
butha-buthe,700240
balvanyos,16291
saint-remy-les-chevreuse,194389
denizköy,720879
villers-la-faye,666490
horton,69788
rama,114773
saint-sulpice-en-pareds,687436
mainhardt,70309
sukorejo,161739
la jaunais,190019
lurago d'erba,165241
puivert,687239
little britain (on),736853
pontavert,712741
uppala,724727
heusay,134240
niedererbach,70651
kokkodu,734484
pech-luna,687181
el perdigón,717627
alba de los cardanos,701606
clinton corners,150541
berdoues,547459
ligre,191398
isca sullo ionio,715700
cape pole,738013
giarratana,172209
illmensee,174016
kempston,130605
montebuono in sabina,668762
melissochorion,239778
cavnic,665584
great strickland,708227
beni zijjail,693564
bodio lomnago,715449
vilaverd,667683
messines de baixo,701805
perushtitsa,727723
san salvatore monferrato,166054
terjola,726505
jolanda di savoia,715704
darnetal,188166
rayleigh,86838
couëtreux,187927
culan,694189
chateaufort,187441
lamothe-landerron,686942
onard,192744
ezulwini,13044
tollerton,71732
cowes,76732
starý plzenec,110194
seronga,726776
mernda,143155
hirvensalmi,111526
san pedrillo,726315
los mazos,727227
tamrabete,701934
villers-vermont,704737
bournan,186712
i. chavane,711281
válor,200248
fragneto monforte,668605
corneilhan,714682
ischia di castro,715701
gölyaka,172352
muñiz,108932
vrbov,694098
terranova di pollino,76602
develi,720283
vigolzone,164056
smugglers notch (vt),104782
konotopa,157182
mery sur oise,103565
la grand-combe (languedoc-roussillon),714608
las sabanas,200428
darkhan,736080
ultramort,726976
anakao,706703
domérat,188251
qesm al qoseir,672896
papworth,131670
zalamea la real,667733
south bristol (me),736687
marisule,668271
independence,738829
noszvaj,85970
mocoa,732425
ag. kiriaki,736889
arbancón,727397
arthurstown,105866
gesualdo,163125
worthen,723470
ramganj mandi,734293
vinukonda,734237
berghaupten,68524
saint-malo-du-bois,194253
buldana,724309
kostakioi,238643
pitabeddara,716206
myslowice,726873
mazo,109296
cerveny klastor,544558
invermere,174117
carron,688091
caromb,187106
san tirso de abres,667496
thairé,721391
lelex,686992
burghead,722659
cairndow,103242
rockland,179566
beenleigh,142108
cajual,705522
rotherhithe,132047
abana,702528
caiaponia,669162
les milles,77479
becicherecu mic,712192
vineyard haven (ma),104925
kushalnagar,114557
udenisht,707721
kåbdalis,726461
morley (ab),177004
aimogasta,709828
las cumbres,720245
jelsava,136129
hopewell,693850
villa garzon,736503
aillon-le-vieux,185551
la finette,707192
gagny,188926
tocaima,705313
coatepeque,707839
port carlisle,723225
highland (il),23479
casalbore,715522
taxisco,733481
el hoyo de epuyen,109095
san juan de rioseco,726693
ayangue,685775
jonestown (tx),735390
agrestina,729234
parque camet,711430
choshuenco,728080
crevari,688196
pedreiras (maranhao),729178
rolleville,725762
gyöngyössolymos,115154
mahone bay (ns),176109
véroia,161988
pikeville (tn),728001
edingale,129558
beverlo,134377
monbulk,143160
phulera,738831
mesorrachi,239880
ozenx,192846
ellabell,201465
rotondi,163207
shartlesville (pa),104758
agua dulce (ca),725081
balsam (nc),103886
diego martin,694010
thirumukkulam,718749
manitowish waters,156005
nocona,154541
chatra,737539
aongatete,728165
kodak (tn),22264
millersville (tn),720163
cairu,669164
charlestown,18545
belchite,718395
haql,245385
sint eustatius,701421
tam dao,710945
ceriano laghetto,165109
burolo,165806
kathlal,739147
perupalem,724608
craigieburn,142965
tim,667022
punta banco,726308
yanışlı,728848
pulau baguk,734713
son,86986
paricatuba,702185
fox harbour (ns),718978
weidum,87193
guzowy piec,723861
roxas,728032
romans,193683
maunabo,103632
saint-vincent-sur-oust,737443
dera ismail khan,725298
reckange-sur-mess,109229
poggio catino,178761
sullurpeta,739512
villanueva de tapia,73948
buchanan dam,154218
lild strand,704325
aeroskobing,513327
asperup,196097
langosco,165929
papasidero,715253
al khabra',244401
johnstown,159394
sardulgarh,734338
thma bang [duplicate with 710954],716370
mambang di awan,211539
schwarzenbek,127066
champagne-au-mont-d'or,187314
schwarzenbach an der saale,731359
gadchiroli,739480
aukstadvaris,708785
vianne,694324
marston moretaine,70363
rockerville (sd),719376
pollonia,672914
jawa timur (east java),19627
manzanal de arriba,717541
tilloloy,195052
cadalso,73457
kalyvia fylaktis,237409
parmilieu,192899
feyziye,171430
indian harbour beach,202035
tapioszecso,738825
lac-aux-sables (qc),17531
vendeuvre-sur-barse,195367
beluran,207861
haims,721367
afienya,726627
rothenfels,117153
bilten,167968
cudworth (sk),707976
casazza,165085
saint hilaire d'ozilhan,666094
menil-la-horgne,714735
sicuani,701912
kawasoti,725779
dernacueillette,188194
amrora,734419
saint-zacharie,194461
panukulan,705350
el portus,666942
shippagan (nb),726134
dainville,188140
torotoro,707699
bertry,186352
pyli,241562
levski,136208
wernberg,138821
lichtenstein,663664
hone creek,719769
preneron,665982
warthausen,183544
riviere-salee,702999
maiolati spontini,163677
jamba,738428
burnt store marina (fl),720047
varennes-sur-loire,714828
teresa,182113
le montat,190790
kurchholi,738908
chiaverano,88400
vila nova da baronia,688438
mountmellick,159330
virsac,666499
eagle grove,146479
nagapattinam,512745
las cunas,712258
ramallah,669662
kyeburn diggings,710595
konangihalli,724478
okaihau,110735
armuna de almanzora,73395
pakuba,725438
abu arish,243849
sarakinadhon,241797
al bunayyat al janubiyah,185467
ayasturkmenli,685661
saint-martin-d'ecublei,687378
st johns (az),104824
condon,152496
erica,144444
cayey,197816
da but,220857
san corrado di fuori,76407
halásztelek,115280
gryfow slaski,156860
villayon,667714
te poi,728266
sabtang,738853
fontinhas,736804
graciosa island,725090
feteira,733024
guthalungra,710452
bokel,68624
drecji vrh,67636
los nietos,667177
serra de santo antonio,669382
sandila,739329
chideock,128921
kelburn,21601
rangamati,732505
dereüstü,728762
pangguh,161690
iğdebağları,728722
hatay,67771
lenora,721649
le theil-sur-huisne,686989
west kutai regency,737622
destiladeras (nayarit),665629
dernbach (westerwald),713462
achurch,127920
louang namtha,710621
iguzquiza,713422
vionnaz,183351
gozzano,75906
gaglianico,165914
locquenole,704102
martella,162761
middlezoy,131278
west linton,72041
murtino,700653
little bytham,663892
puyo,672901
manacapuru,701792
chong bat,220423
wellington mill,728502
montelaguardia,705741
new concord,152028
woodstock,17756
kampung ru lima,210577
clachan of glendaruel,708118
ano polidhendrion,235313
egremont (ma),720083
huyen chau duc,223067
rawal kheri,734431
rosendale (ny),514164
boussac,186725
jayac,547848
saint cirgue,666063
gogave,718756
viggiù,165479
furlange,188919
mejannes-le-clap,704141
champs-sur-tarentaine-marchal,720731
deer park (md),736702
whitfield,728585
bremer island,718467
le vesinet,77465
rambukkana,736625
acuto,164409
kondinin,143472
loni,114758
treorchy,132862
stauros,668433
harringworth,105926
papineauville,178346
masai mara national park,16912
escatrón,727449
san jose de chiquitos,693671
banda (maharashtra),724260
beta,712340
sawda',246037
bademli,167313
la cellera de ter,667329
cébazat,187187
monte redondo,176890
rio bueno,707522
dverberg,735715
ain el aouda,693560
bhinder,711936
ampthill,127994
çataloluk,728932
varadouro,701957
reconvilier,179309
thirthahalli,724701
marxzell,70366
hurlford,130500
scrignac,194621
la celia,736932
oruro,110498
mohed,693870
hernadvecse,706046
vellayani,711029
llandinam,708343
sankt ulrich bei steyr,545001
waddington,132966
etyek,67697
castelfranci,163091
colliano,75787
runavík,162528
havensight,719249
halászi,727899
mazaricos,73689
englebelmer,188410
adamanay,709621
sant marcal,667513
sperlinga,181485
solarussa,705168
mikrolimano,728314
qurghonteppa,725223
overbetuwe,713258
palizzi,178286
osterbybruk,102152
barao de melgaco,705477
donsö,170456
oakhurst,202785
amherstburg (on),166695
jacupiranga,712327
castelluccio dei sauri,705044
varen,720656
market harborough,70345
bela pod bezdezem,110211
andros island,665182
yaguara,737883
laane,175261
acacias,663990
kochani,732483
runcu,693941
ashcroft,167063
andirá,166737
santa lucia cotzumalguapa,706224
nueva helvecia,733628
são pedro de alcântara,729061
piaggine,163186
águas lindas de goiás,719744
skord,181195
atascosa,154163
bonaire,23654
cappadocia,715506
vergi,733443
dire dawa,701222
toszek,158480
sandy bay,737244
amaga,712619
moycullen,668276
monte plata,700846
rockneby,179568
taraba,700518
inírida,732426
punta de bombón,159003
black river,719317
las uvas,720239
rocca ranieri,707527
lac-deschênes (qc),726217
soacha,109322
cucunuba,706899
pavel banya,686299
essoyes,87332
sandspit (bc),725469
aninoasa,688600
ceahlau,688552
matapalo,693843
puerto berrio,737769
paternopoli,163181
avessé,185982
jipijapa,665127
a'ana,390193
outrup,726919
elliot,733157
waltham cross,132996
lanes,138256
vipava,111047
granite shoals (tx),735399
beaver city,149682
sariaya (quezon),671656
kadinamala,724431
vauxaillon,666445
glendale (ut),201719
penarroya de tastavins,667361
toyohira,255280
geyikbayiri,709555
grosrouvre,189253
sambhal,734349
hirekerur,734219
alpuyeca,721720
villa cameroni,183260
grove hill (al),104237
st dennis,721553
villiers-aux-corneilles,714207
aanekoski,85924
rughnathpura,734456
apiro,715403
elkwater (ab),726123
turaiyur,114744
mazeri,726503
chazuta,706843
padern,192855
trecenta,182448
chambon sur voueize,547577
sant'angelo romano,668995
çıralı (trabzon),728809
skjeberg,137680
martizay,191874
ore,687167
taliparamba,724688
exambela,236667
shutty bench (bc),725999
pontrieux,193226
lostorf,175874
hammer,130143
azib oulad ladem,693563
güneydemirciler,728978
birdsville,713158
manakau,110707
udalguri,739388
chaek,733540
kichha,739165
baldwin,200636
stonehouse,71591
breaza,665574
bou aie ha,219320
rinxent,193611
komancza,709282
wexford (pa),104986
slupca,726861
andikalamos,235109
inchbae lodge,734163
irugur,114714
amaravati,739546
kumhari,739492
machilipatnam,739579
drunen,145879
mornsheim,70496
kalyvia thorikou,237411
kaushambi,737365
kunzum stupas,734398
patori,734372
chindaki,724323
nongstoin,738827
kemerburgaz,711784
hiroo,106736
salasaca,725848
oravice,544576
belogradchik,86941
ramchandrapur,732511
bernac,186322
champaner,718285
saint-georges-de-mons,194086
lanuza,712643
huse,693865
alger,151776
el perelló (catalonia),718449
calverton,128750
turweston,723397
viganella,713769
odivelas,716252
dau,710358
thai thien,230766
padhauli,734530
carmaux,187097
ledenik,694103
bridgewater on loddon,728468
saint minas,668423
cleyzieu,187720
central,718259
hilliers,173525
zavattarello,164949
mosul,738089
hoyorredondo,667091
soby,197407
adjuntas,103626
laerru,715709
nautnes,703651
arco de baulhe,712505
vobarno,165493
fernhurst,86731
qarar,245851
andolsheim,185666
jakubowo,688013
la salvetat-sur-agout,77379
lygourio,668385
pedornes,726943
puranpur,739295
kochkorka,710565
árvore,167023
junosuando,734082
guzelcehisar,685668
wallenried,183517
saint-vaize,738843
wyken,133430
dashijiapo,403900
xam neua,702034
woods,183792
mega khorion,239693
meiveld,176525
mamaila,734547
barnesville (ga),103889
belapatfalva,115143
lechaina,239070
jaithari,734319
noaillan,720624
bergdala,167802
portsoy,70935
psáry,109443
seix,78433
wainscott (ny),104938
namarjung,725778
mamidipally,739450
irvine (ky),100173
lala,738847
aigaliers,547351
lauhata,734066
jicaral,707103
keynsham,69932
bordj el bahri,725827
holbav,730198
cheiry,169521
garz,126024
kurali,724496
fagnano alto,715640
bhuri,734427
longwood,159397
caraffa di catanzaro,715508
hubbard (tx),717458
sayhat,246041
myawaddy,720545
tullinge,182549
cincis-cerna,705395
trhovy stepanov,109991
jakekur,739448
calubian,702250
tubarjal,246189
chandrala,734465
saint-jory,194181
ardsley (ny),88037
hornepayne,173751
kerrobert,174696
wootton fitzpaine,708627
vallam,711025
bastuträsk,167604
morina,738782
kralupy nad vltavou,9949
bechovice,109365
velke popovice,110297
masera,165261
calintaan,709533
lisek,710014
amendolara,75456
hursley,130502
sibbesse,121409
sankt anton im montafon,87079
xom buong,233412
sana'a,18238
momchilgrad,544624
farnley tyas,129700
burton (mi),99695
willisau,183704
remalard,193521
bhandara,724283
tudor vladimirescu,182535
saint-amans-des-cots,720712
rymättylä,112574
erdenet,736081
plouguenast,193126
thamarassery,724694
greven,69443
oueme,701139
neduva,724569
schoemansdal,733224
talavera,709698
deurle,135356
koukkorrakhi,238688
plœuc-sur-lié,721095
agatti,725237
byadane,734491
cherchell,725830
unterkulm,182753
chickmagaluru,717450
narsinghgarh,738852
lamayuru,739445
falerone,165553
gaurikund,739443
usini,182807
port matilda,153360
ceiba,197817
sujangarh,724681
san giorgio a liri,164633
sorihuela,727375
morriston,202599
takanezawa-machi,254747
almargem,88676
halsenbach,69551
boqueron,21713
bisenti,162573
monroe,202571
gussignies,189317
east hazel crest (il),667815
montesquieu,192279
eisenbach (hochschwarzwald),69123
silver city,146693
sub cetate,730127
elavoor,724361
barnawartha,710242
o'kiep,733227
chwilog,708116
west calder,133088
wollongbar,728490
uhler,713668
dellawa,739542
tangancícuaro de arista,724984
culdaff,99144
schönwies,140985
dellach,138569
clarkesville (ga),514401
kanuma,108427
arnstorf,102168
takayama-mura,254790
mudhol,739496
misgav am,726745
vrh letovanićki,732283
olevano romano,164578
portland (ct),701850
le center,148832
sesto campano,725614
centerport (ny),735471
pitipana north,710805
barwell,128209
bansha,159440
hollfeld,116051
laureana di borrello,708881
stovepipe wells (ca),720536
racice (usti nad labem),736984
aguadas,737308
villecresnes,195564
shipton under wychwood,71445
padrauna,739258
kopaniec,704927
ófehértó,115442
cabatuan,711075
querrieu,193408
piratininga,178705
vwawa,733107
pravec,136233
vercurago,76672
fonte nuova,668597
ladoix-serrigny,547926
xaisomboun,701067
lake st louis (mo),104374
pitten,139265
le landeron,175508
worting,133406
high lane,722980
borculo,144916
simdega,738851
rokan hilir regency,737449
phoenixville,153338
ghoti budruk,739565
council hill,152255
pachewar,718776
larned (ks),100259
palai,114698
tourbes,666399
portlethen,86833
nemea,240299
kakankote,710514
larbert,86773
saint margaret's at cliffe,71192
newhouse,131465
little witcombe,86779
hipswell,722986
bretby,722620
caerphilly,86690
heapey,711266
cressing,129190
haywards heath,69611
llansanffraid glan conwy,717258
llantrisant,86785
hinckley,69704
leybourne,719569
drighlington,129405
jarrow,130576
lympsham,86791
wolviston,86882
willaston,133256
kingsteignton,69945
west langton,723426
st enoder,721554
broadstone,128605
rhuddlan,86839
cuddington,86711
myddle,86806
petersfield,86826
syresham,71648
harpole,86752
doorn,72342
nam hoac,227145
spodnje gorje,720252
balliguda,724257
ananuri,726463
hakimpura,719793
saint-leonard-des-bois,78330
valencay,77809
white stone (va),514094
tazewell (va),155315
aurora (mo),736156
trivigno,669080
nong bo (ubon ratchathani),206062
penaranda de duero,707427
gimsoy,709242
dharmavaram,732233
bessoncourt,76912
barang,114659
miedzylesie,157535
lahaska (pa),104367
souzay-champigny,714462
zapzurro,685466
marcilloles,191762
dawki,739470
les clefs,191103
llifen,728145
bochalema,738854
horcajo de los montes,73593
iranduba,729433
rosia montana,705952
kisapati,707891
santa inés,199976
sierra city (ca),735059
gerbamont,714486
jojutla de juárez,174383
tretten,137606
wighill,723450
himatnagar,710468
monteleone sabino,705108
skarstein,137968
mescherin,686026
vialas,687558
sainte-colombe-de-la-commanderie,714102
rhosneigr,707514
al naman,244661
loris,153771
lombres,687018
nagar,114446
maupiti island,711836
tiedra,717528
sagay,179841
bad voslau,68414
lithakia,239252
nailsea,131402
rognes,193666
gignac (midi-pyrenees),719524
ribera baja-erribera beitia,719621
sunto-gun,254600
alcaria ruiva,733037
clarks point,725283
pleidelsheim,70899
stira,242369
ameal,166687
são félix do tocantins,729200
miedzichowo,668057
sojat,734272
jarash,185473
vounos,243192
hoogwoud,184541
zmijavci,703513
budimir,732377
mantun,734843
sainthia,739320
dinalungan (aurora),671662
dinas powys,719700
abyar 'ali,243890
baradine,738860
sant julia del llor bonmati,713367
vinjesvingen,703751
gurar,735560
earlham,129466
gillingham (dorset),131301
peepalwara,734526
afton (va),736438
white beach,102404
murtho,734682
forcett,728624
jugiong,728546
narellan,141794
elliston,728409
swan bay,728437
ponte,178812
eliwana camp,738631
westmoreland,23665
hallam,143054
rob roy,141867
edmonton,142207
ferniehurst,734635
puen buen,141844
grezzago,715362
o foxo,727183
lyman (sc),153774
h. aliyev,701545
kirkby-in-furness,723036
san marcelino,180153
bargi,390134
bassiano,164428
kumathahalli,724490
rengit,211735
al ardiyah,246362
ghansawangi,734255
bafra,664595
raghunathpur,724632
maddela,728060
medirigiriya,726302
dhone,739054
willenhall,133258
grillon,189236
montmirail,192334
essequibo islands-west demerara,701244
nayabazar,720960
chanac,547584
pakxong,512900
tuchomerice,702439
condrieu,187824
koyyalgudem,724487
crudwell,68919
east burke,154884
ancourt,547369
grobla,156832
quartucciu,179104
raisen,114592
ban that,513135
pont-sainte-maxence,671608
verle,702957
buxted,128718
braye,716426
essex,19089
crathorne,68900
saint andrew,716430
sicklinghall,132310
stormsvlei,723909
cliddesden,129003
herink,109392
san giacomo filippo,715304
mertani,236808
locate varesino,165235
ballygorman,99141
jehnići,720512
sneads,203440
culbertson (mt),149609
columbia (ca),671169
iles bay,711603
nutfield,131559
edakkara,739477
krumbach,21276
dutton,722863
pesnica,700227
al qassim,665577
foleshill,129787
mathod,725900
mayto,732612
dhundgol,710372
guntakal,739092
las cabras,707934
santa cruz (rio grande do norte),729026
el carmen,87853
otter rock (or),735373
horni luby,702369
omodos,664314
montorio,667247
gouldsboro,147543
durcal,198641
englesqueville-en-auge,686764
southrop,132428
argentine,721433
srirangam,710917
austin (nv),735037
soliman plage,665176
prestine,715926
akbou,736211
ballyconneely,72861
"pali, maharashtra",739259
puente del obispo,727484
al mahani,244519
arab (al),99547
vallabh,114501
la plaine saint denis,20451
lake marina,175324
guglingen,69500
vila praia de ancora,19329
french island,738864
gulbarga,21083
uppinahalli,724760
attibele,114545
la variante,701760
thandavapura,724695
dadeville (al),201240
manikkadavu,738862
balete (batangas),167408
bransgore,128532
courtmacsherry,88236
chathannoor,739561
moron,671609
genay,188995
mantena,176258
hindmarsh island,711271
roverchiara,715970
egremont,129577
liverpool (ns),98886
ammarnas,664677
serramezzana,705166
ipsheim,731185
valensole,666435
casalborgone,165832
las tablas,726521
guano,725841
nanton,177265
canta,705316
lovendegem,135494
le vigen,721214
kirtlington,130742
nagymaros,115303
mierki,668061
los lagos,728140
bispgården,168021
jenesano,723521
anse-bertrand,732850
pierrelaye,193031
erumad,738869
pajala,178262
atyra,664065
forenza,162755
villa yacanto,693610
trawsfynydd,723387
la convencion,668211
wilhelmsthal,118421
celleno,164478
seeland,127071
antuco,706709
molina,701812
monforte san giorgio,715773
cumaral,709878
seberi,729438
supe,726595
alto taquari,706701
water mill,151214
orgaz,727409
natashquan,725111
cerda,75740
frick,171767
koskenselkä,718943
san luis de gaceno,726706
padre bernardo,706321
rives,193621
ravensworth,131942
tommerup,197609
san onofre,726716
bischofsheim an der rhon,68577
ermenonville,105684
vezins,687557
flen,67806
hontanar,667085
pauna,709052
tomé-açu,729225
tarnac,666379
gross plasten,663587
utracan,693605
tecpan guatemala,685652
san martin,102569
saint-sauveur-d'aunis,194410
tattenhall,132685
berceto,715438
mérenvielle,192016
fontanarosa,163117
neckarwestheim,177332
sanfront,688305
wintzenheim,719619
liévin,191386
ifs,77531
olmeda de las fuentes,687853
cudabak,734944
blaenavon,721469
cheissoux,187551
holtzheim,87357
louveciennes,77519
reisterstown,147868
evercreech,708187
el nazareno,736903
espera feliz,729288
santa maria de dota,664564
tamchy,725494
thanh lam,230852
lavit,720648
hengoed,130304
trapagaran,667615
carsington,128800
sahibganj,724644
le vieil-évreux,190968
wittenheim,78233
semécourt,194651
coolgardie (wa),728379
la queue-en-brie,714472
mullaghglass,732602
las piedras,133468
saint-pierre-en-faucigny,714702
saint-victoret,714099
monsef,726804
mundolsheim,87483
varennes-lès-mâcon,195295
kizhake chalakudi,710563
louvroil,191559
spring valley (il),104810
onnaing,192751
lanildut,547942
sandoval,711501
vernamiege,707754
brierley hill,128570
marslev,196977
ystradgynlais,723476
bobrowa,704876
gamvik,136691
northborough (ma),100512
ağdam,700866
thedford (ne),720192
andosilla,718459
mogoditshane,710692
aubergenville,185867
bendery,143727
louvigne-du-desert,704111
salem junction,712155
santa familia,713011
paso de la patria,693596
wildwood (ab),711716
othukkungal,739529
anjarle,739528
al quwaiiyah,726276
valparaíso,182936
budhlada,739008
salteras,717486
konganepalli,724479
kuberg,138255
malinau,737324
casto,165102
vieille-chapelle,195488
talaván,200080
mpigi,701291
loyola,199353
farafra,664284
bagh,114581
catarina,711171
dharampur (gujarat),724343
lembras,87411
nanakmatta,728340
astorp,167105
phumi tras treang,710801
topo,701943
bumi raya,737214
saint-germain (rhone-alpes),720764
peel,716395
ivry-sur-seine,101581
tönisvorst,123966
sorup,127090
stryszawa,668160
danielsville (pa),735981
vamdrup,197697
sultan koyu,706392
trachoni,735664
kaapsehoop,711924
coronel pacheco,169899
säve,180584
hisings karra,664716
tana,21573
ashfield,128050
harlaxton,708246
dorney,129382
barongarook,142871
halma,664107
karigasniemi,709272
sabetha (ks),514162
top,710985
khavda,710549
superior (ne),738877
san felice sul panaro,715988
kullstedt,713716
ahobilam,739524
mankessim,726617
sikandarabad,734511
titwala,718764
ramagundam,739303
gajraula,717893
tsaldashi,726513
huyen ninh hoa,223288
anavissos,88263
kolwezi,671711
schalkwijk,185027
bjerkreim,137711
tempera,162711
haastrecht,72385
thac ba,230687
tustna,735721
tron,214813
fiac,694199
pooler (ga),8634
bernay-en-ponthieu,714507
ukaji,255538
trinity palmetto point,700178
fuenzan,247761
lanja,710608
machico,19771
nilüfer,177473
wigmore,133247
alfred (ny),735480
villalfonsina,716159
cavatore,715555
planes de la laguna,685878
saroma,720832
oytal,733519
athani,738873
parnac,192900
llangunllo,723077
dunn loring,155080
glenrock (wy),156178
steißlingen,181595
nocatee (fl),736666
haag an der amper,716784
kpong,726642
vigliano d' asti,716150
sevilleja de la jara,727393
merredin,21441
isla aguada,693977
jamestown,671779
çatalca,738875
scherpenzeel,145224
renswoude,184969
guiting power,708234
heinkenszand,707064
erm,686470
tzummarum,705898
calvignano,715491
karamoodu,734497
chaksu,739015
hampen,196557
likenäs,726457
saint-laurent-du-maroni,701411
beaumont,142524
björnlunda,168087
bröms,168580
kungsängen,175079
haglinge,702699
by kyrkby,664688
vranici,703498
petten,184925
jedlinsk,156968
nödinge-nol,177497
lervik,137660
unešić,718854
marcana,703387
brovinje,703291
vozilici,544755
dolores (quezon),701593
opperdoes,184867
karamadai,739138
villainville,714013
colerne,68875
snow hill (md),720526
senneterre,180806
şırnak,725482
montenay,192269
centrès,187201
rugsund,735824
kisserup,196817
drinovci,544671
seesandra,734496
thalat,292830
inopacan,728033
sovinjak,709428
san giorgio di pesaro,715286
dinjiska,703307
elim,144441
sint maartenszee,185080
bogatić,732310
montecarotto,163731
vrvari,703504
markovac,709043
raslina,703443
serrapetrona,165630
thirumoorthy,724703
furuby,709014
ash shara'i' al 'ulya,245009
thumrait,738235
skjold,137832
saint-jean-de-trézy,721132
bay roberts (nl),167645
ullestret,687957
stokers siding,728492
tarampa,142433
kristdala,685702
aurai,738957
paralia avlidhos,240868
ghantoot,86193
srisailam,739511
evci,728825
patratu,739271
waingaro,717290
saint-just-saint-rambert,720746
hällestad,173035
vejalpur,114502
capilla de guadalupe,724800
san francisco del rincón,724940
guadalupe de maciascoque,198935
tikitere,719853
smoszewo,706543
lunca vişagului,730129
sörforsa,181412
san joaquín zorrillos,180130
salperton,686160
beit keshet,735930
jahodná,718892
mahuan,734528
nisa,736811
duzer,732847
abertillery,127916
örkelljunga,178017
ruda,179728
råröd,179259
galliera veneta,171939
merston,131256
águas da prata,729153
cairanne,76990
sirinhaem,669272
killeenleagh bridge,707136
costas,688348
talmacel,86218
shuakhevi,726494
miedzybrodzie bialskie,72751
simão dias,729318
san millan de lara,707569
colinas,169751
belarga,709139
pcim,157832
old fort bay,737994
borgafjall,664693
nasice,136394
el transito,706966
solana de ávila,717594
cassilandia,708903
san martin de elines,667484
rouffignac-de-sigoules,687272
imbaú,729105
sanlucar de guadiana,667501
saint-prix (ile-de-france),713819
zaandam,185402
sternberk,110064
timbúes,724173
elifaz,735920
älmedal,166544
dybvad,196302
bola,724301
rorvattnet,99425
ventallo,706582
sagle (id),203263
toundout,705895
klunkhyttan,174837
hargeisa,671625
bayraktar,167656
gierstädt,127364
molkom,176817
burgsvik,702624
anderslov,86014
marholmen,702799
lidsjoberg,702780
bjursas,664692
humlebaek,196701
perstorp,178547
lundby,196953
cotos de monterrey,737706
garray,717570
oniferi,738880
akyazi (sakarya),738878
voltri,164947
quistello,179148
káto dhiminión,162023
shahdara,114461
les pradeaux,191261
gosar pur,734529
oslje,703413
capriate san gervasio,165060
brembate,88357
the channon,141935
isna,693674
iruvelpattu,724416
moledet (northern israel),735879
ixtlán del río,174254
flemington (nj),20831
marsh gibbon,131191
chandragiri,739454
takengon,709723
pegnitz,23039
bishopstone,128374
wickhambrook,708617
khrisokastron,238275
soragna,76561
breezy point (mn),720528
pontypridd,70920
chi phat,710323
obstalden,177808
bramans,87254
seend,132195
kingham,69939
slapton,708511
orelle,87497
swannington,132648
craven arms,686131
wyck rissington,72182
tao,694399
skinburness,723292
llandrillo,705696
germansweek,708208
kirk langley,130717
lockerley,723097
kipseli,105795
hurstbourne priors,130505
hawling,130249
ingleby,130547
st john,721556
hungerford,16109
talybont,708546
islip,130567
taynish,708554
warslow,133025
south scarle,132414
mellor,131235
gorniès,189113
dormans land,129381
belsay,128273
abererch,708011
grasmere,8799
woolton hill,723468
flash,129771
bow street,68653
pebworth,131706
ulpha,708582
cornwall,103249
upwood,132950
bishop middleham,128360
mynytho,721531
umberleigh bridge,71823
surlingham,721563
south cheriton,132391
malpas (cornwall),723110
gardenstown,708203
gweek,130104
weare giffard,723418
caerwys,128731
wereham,708598
endon,129624
dinas mawddwy,68994
summerbridge,723345
heggadihalli,724404
s'illot,738881
heby,173303
orton,70788
stoke gabriel,708535
aigas,734151
west anstey,708599
philleigh,723210
allgreave,127967
aberdaron,717234
cerrig-y-druidion,128842
stoke rivers,71584
ashurst,128062
winterborne houghton,718821
trefor,717233
cwmbran,129272
appledore,128011
manawar,739581
hang kie,222496
murarai-ii,734357
bilaspur (uttar pradesh),738909
smeeth,132356
chial,737149
biddulph,128316
jalai,734415
castelbianco,715537
melmoth,4520
minervino murge,176701
rodberg,544824
tunbridge wells,603
brusio,664836
kham ta kla,205004
plathuis,734614
mundal,736589
gumiel de mercado,103699
villeneuve-le-comte,195587
polling,70911
veresegyház,115340
halluin,77296
chakia,739014
khowai,737851
richland springs,154616
newtown limford,131484
monoblet,192192
ramsbury,131928
zülpich,124202
siatista,73108
bebra,68490
rivalta di torino,166025
hjälteby,173583
guraping,734821
yenimahalle (yalova),728912
caumont-sur-durance,187158
sunrise beach (mo),104867
hacılar,728966
norrsunda,702815
hammenhog,664711
nybrostrand,718832
immeln,702727
gradoli,688218
rosario (northern samar),708950
ulukisla,664671
arsikere,738946
saidpur,725060
shiroda,739631
condofuri,706469
koog aan de zaan,184613
great ocean road - lavers hill,671591
loutolim,710622
parli,724596
rüti (glarus),721664
skaland,738781
beas de segura,198167
chelm,705553
skälsmara,181118
marion,142618
dimbobaden,702633
gullanabba,702687
naujoji akmene,195977
matuu,726737
mahlungulu,733185
shuichang,160195
thorpe (nottinghamshire),723368
bageshwar,720961
volgelsheim,721049
ramla,143867
villanueva de las torres,704843
ilinden,700628
alipor,724223
stekene,135585
rio del sur,707523
accolay,737330
pijao,726676
montsauche-les-settons,87474
la calzada de bejar,694361
mo,226430
soveria mannelli,163001
gaweinstal,138947
jubrique,687776
beau camp,105649
talasari,724208
soursac,687488
sachsenheim,117189
merbein,143153
savasse,709745
narros de salduena,708809
owen sound,178216
rio fortuna,179494
morille,667254
wollerau,183761
cisano sul neva,165705
vecinos,717617
poboleda,704618
volturino,183428
khidistavi,723514
silva jardim,729162
long key (fl),202330
buchanan,148258
chiddes,187623
chilca,726574
támesis,726656
habsheim,189323
presque isle (mi),736132
cocos,729343
lillo,687804
aurec-sur-loire,721007
osvaldo cruz,178149
altos de ibarra,703001
casalduni,163084
ambivere,715399
pfaffikon,16130
nizao,725952
paita,726557
cajuru (sao paulo),729212
monteleone d'orvieto,668766
porcia,76283
kazabazua (qc),672190
basadingen,167586
cachoeira de minas,729160
beromünster,167863
yli-kyrö,718942
omessa,192740
roccafluvione,668861
berlevåg,136682
castellalito,706825
los vilos,728086
south sterling (pa),100809
magangue,737913
mittweida,86496
springdale (nl),726086
gama (distrito federal),671282
leppälahti,112038
santa lucia del mela,688306
poneloya,733867
belén,723999
cenate sotto,715564
telec,729994
encinas de esgueva,198746
seaton,132188
vexin-sur-epte,738891
rochegude,9896
dharapuram,710368
puidoux,179058
bheraghat,712907
gencay,77252
earl shilton,69072
belin,186262
cave,164474
pitoes das junias,705262
avanigadda,738958
holendry giwartowskie,688010
lajido,733021
eskiömerler,728972
cumaná,144347
mera,711388
barra bonita,167533
marasesti,176287
serra de daro,687928
ergoldsbach,171076
bridgeport (ct),22599
fushë-draçi,732906
valle de guadalupe,712672
saint-denis,78270
camponogara,169037
motta di livenza,177048
majuli,738899
solagna,181320
gargantilla del lozoya,687750
sveta katarina,732341
brsec,544663
san roque,102495
velký týnec,110072
daliyat el-carmel,735895
tarime,733108
melukote,724542
repentance creek,728575
coromandel valley,142562
alonissos,668292
semkovo,544639
yauco,197845
pine valley (ny),736419
saulon-la-rue,666268
qeqertaq,737125
surzur,687495
lakemont,150804
hennetved,704789
warrandyte,143370
glenorchy (vic),513466
cowfold,129156
kampong baharu jimah,208315
chander,114466
beverstedt,120175
blackrod,128388
betley,728663
plouédern,193119
mao,725957
martletwy,721527
cajo rojo,667049
ayagama,736616
bengkak,734761
jocotitlán,724865
san isidro mazatepec,724945
cadereyta de montes,703004
barobo,738893
pocologan (nb),178752
puente de domingo florez,708813
antigua,99338
stefanestii de jos,665416
plomarion,88304
markneukirchen,125577
fell,729744
weyer,140229
navis,544963
mishicot (wi),104481
hoogplaat,135713
stipoklasy,709432
varvazov,545298
albrechtice v jizerskych horach,545089
vichova nad jizerou,710151
bernartice,109851
dolní branná,109875
dolni morava,545124
staré hamry,109824
grossdubrau,717192
boren,703070
boffzen,731050
hutthurm,116094
daimuz,666912
espiñeirido,727566
ribba,738896
zhob,725097
laucha an der unstrut,716954
lake bluff (il),22267
chame,21103
mal pais,102770
el gallego,702127
zastolje,727949
rapavel,703442
cove beach (on),726092
pukhrayan,739590
serre,163237
pomeroon-supenaam,701246
salazar,685784
crévéchamps,188051
piliyandala,178650
vila verde,705277
lions head,175722
pętkowice,723850
la ferte-milon,686909
trigrad,544643
pirveli ontopo,719888
muhut,736921
san biagio della cima,715983
erlenbach bei dahn,737389
montopoli di sabina,715808
carnduff,169184
canora,169080
isolabona,719088
villa mella,141333
san andres de giles,685437
harmanli,136178
cullingworth,129250
gratton,721503
khanh hoa,115652
lavey-morcles,736834
baulne-en-brie,87228
bree,134388
mellet,134064
ritzing,138521
asco,185833
alton (nh),672091
al hayit,244281
bessans,186360
bedoues,547444
saint mandrier sur mer,666193
montferrat,192287
merindol,192025
etel (bretagne),713954
la bastide puylaurent,547859
noordbeemster,184806
sencur,110919
panschwitz-kuckau,663779
sevnica,111207
oberemmel,124795
idrija pri baci,737022
saint ciers de canesse,666062
brion (languedoc-roussillon),713872
saint-martin-le-vinoux,194283
vielle-louron,713975
rieutort de randon,666015
zaostrog,544757
dolenja trebusa,706928
le pompidou,706380
les adrets,706075
prhati,703432
chirac,708712
vernegues,195417
pirgos dhirou,241176
altenthann,166607
montriond,665866
puy-saint-vincent,77802
brgod,732366
zirovnica,110941
recica ob savinji,111196
brist,544662
gonneville sur honfleur,547791
bagnols-les-bains,713955
svetla pod jestedem,702435
bourisp,713941
marssum,144734
potege,703429
sietow,119930
wervershoof,185345
saint-laurent-de-muret,720708
prapatnica,732296
navas de estena,667275
stellanello,165743
grandrieu,686837
sveti juraj,544741
stechow-ferchesar,731419
l'armentera,713350
saint laurent d'olt,666102
horvatsko,732350
pelm,731330
schagerbrug,185023
fajolles,706496
rute,102331
la campana,199080
bjelovar,136303
badecon-le-pin,706735
saint-hilaire-de-brethmas,78307
kliny,711314
siveric,703459
saint-ismier,78310
witzwort,127209
mohrkirch,731448
vysoke nad jizerou,545311
lengenwang,116425
genolhac,694204
saint-hilaire (rhone-alpes),715113
lanišće,732344
lany,98962
waarland,185309
podbrijest,703423
les salces,720707
vrlika,712549
onderdijk,184838
sankt jakob in haus,103416
bussières,186964
guchen,189263
saint-andre-de-valborgne,78246
ist,717323
gross mohrdorf,716898
charlton (queensland),720466
enkirch,69164
slivno,732325
pokrovnik,703425
schwerin (brandenburg),713728
zeliski,703510
zagvozd,703506
gornji kneginec,686326
langdorf,70086
la playa de la torre de piles,199149
divsici,686321
rogac,703447
grossharthau,69474
krivodol,732378
otavice,703414
volders,71897
gornji prozor,703334
ummanz,663913
weston creek,141359
loissin,694044
freital,125346
piran-pirano,700228
grubine,707041
altofonte,715395
kiel windeweer,145395
vrbovec,136405
laubach (rhineland-palatinate),713562
clion,187721
prepychy,702415
jalori,739620
le raincy,190892
patrington,131687
confresa,729274
tskneti,719332
fewston,129737
sesena,687931
milan (tn),667870
igorre,667099
schafisheim,180611
conaripe,693915
bievres,186432
säynätsalo,112631
dhuli,719800
mur-de-bretagne,704165
villiers-sur-tholon,714713
onanole (mn),720484
saint-andre-de-seignanx,714791
kahama,737218
thohoyandou,78710
veli rat,709467
arguineguín,198038
bohlen (thuringia),713592
moyard,710039
acachapa,710170
tving,702937
kalaru,738903
mansilla de las mulas,718410
vendinha,733047
moniatis,707329
jurdani,703343
franc-waret,708635
halstenbek,126663
louvres,191558
archbold,151786
suchý,109645
conception bay south (nl),736849
cary,200969
fargues,188593
bahia bustamante,664164
karhal,734294
sha'ib al malqah,246046
auroux,547407
la tania,19200
hio,87881
cala galera,168914
čista velika,727970
pugny-chatenod,193359
gonapinuwala,736612
kuitinmäki,111898
cars end,736254
seeg,71393
wooroloo,711053
tanjungpura,161865
kothagudem,724484
balapur,719804
bandeiras,705242
steenokkerzeel,135193
polur,739290
polem,724619
cockenzie,129037
gurrane upper,737073
cournon-d'auvergne,187972
wingfield,133293
zubieta,737059
artigues,185820
saint anne sandy point,700173
nowy prazmow,738895
posse,178932
meikirch,738809
gurgel,172825
rudston,708480
saint-christoly-medoc,687300
comezzano,688189
la rippe,664945
al khaznah,246425
rebild,197212
kodinar,724474
svinavatn,707670
thingeyri,665169
torre rinalda,719122
civi,711189
lantosque,721411
svenljunga,181856
hallormsstadur,19175
otivar,704598
raf raf,733987
wyandotte (ok),735043
lesterny,705689
opeland,703665
bahlingen am kaiserstuhl,713706
vilminore di scalve,716164
siem pang,736182
gowidlino,704903
bieszkowice,706770
waldridge,723408
guiguinto,172760
wee waa,728405
wolfe island (on),663458
zaghwan,700464
meyrin,176625
altamont,200507
basil jones,709843
belevi,709140
phulbani,724611
silang,180946
kachina village (az),719394
groveland (fl),104238
pocono pines,153354
astor,200598
ferndale (mi),148353
northwest harbor (ny),717334
arrowhead lake (pa),720146
pine,202998
san lorenzo,693600
friendswood,154341
neltume,728112
butschwil,168813
garupá,724115
melipeuco,693921
bolton (vt),720535
butler (tn),23156
la follette,154036
gilboa,150683
matawan,150103
green valley lake,201785
mingus,154515
huntington (ut),735035
summit park (ut),706279
wildomar,203920
rollinsville,203222
morristown (vt),735538
cudjoe key (fl),735456
burton,151821
tobyhanna,153540
spring city (ut),21497
abbeyville (co),712074
ferris,154326
winter garden (fl),7898
keystone (wa),735424
adelaida (ca),735339
coelemu,728117
eagle lake,147510
cass lake (mn),148704
concan,154255
tolleson (az),100864
thompsons station,154123
makaha (hi),732183
east chatham,150609
forest park,201590
glenford,151899
almachar,197954
eagle lake (fl),736661
roan mountain,154096
stone ridge (ny),100825
san miguel (ca),667904
whidbey island (wa),735006
newcastle (wa),717878
loon lake,155459
la roche-maurice,694227
lake nacimiento (ca),736640
saint leo,203276
zagori,243462
claverack,150539
elk horn (ia),104143
thybiyah,705889
rockbridge,152111
fairfield (pa),671177
jamesport (ny),150771
sutton in ashfield,132635
fish haven (id),735354
arauca,663991
laurelville,151957
allensville (oh),736162
peter island,718910
cap-saint-ignace (qc),663229
as restrebas,727261
fortuna (guanacaste),719762
anse de mai,736241
albens,185573
stadlandet,735783
sauk rapids,148941
saint michael,148932
blanchester,151803
old hickory (tn),154073
mut,719729
blue jay,200760
outreau,192837
table rock (mo),88152
kato vermion,237940
rio formoso,669253
beaver meadows (pa),152670
east durham (ny),717411
stoneham,148150
san antero,726672
musaylah,245785
ninole (hi),202724
combarbala,706875
sainte-marie,194026
baie verte,167351
little marlow,130925
coldspring,154249
loxahatchee,202352
danks corner (fl),78766
pendleton,146255
olmstedville,150959
ronald,155522
bushkill (pa),21200
millville (de),735958
selbyville,203363
kimmswick,149386
kingston (ok),735044
bemus point,150455
mckinnon (tn),725084
calabash (nc),103979
south waterford,147645
parrottsville (tn),514204
saint bethlehem,154100
landers,202241
rocky mount (mo),671210
morongo valley,202595
hacienda santa rosa,707057
omaha,202828
faria beach (ca),719416
langgöns,119118
braddock,152718
la masica,732829
ruy-montceau,714807
domremy-la-pucelle,714442
prata di principato ultra,725621
dunkineely,706945
salizzole,179984
cannet,187062
peaks island (me),147616
lindenhurst,150814
hunt (tx),104297
cotundo,693882
bredal,196218
lilabari,725386
urnshausen,68539
wildermieming,141025
traer,146719
gambellara (vicenza),715668
herbertsdale,173423
hunfelden,717114
san francisco de paula,178440
gouarec,189119
gornji vinjani,732285
betws gwerfil goch,722712
runaway bay (tx),735395
grand marais (mi),736134
big lake (ak),717333
victory mills,151197
boothville-venice (la),736490
mokelumne hill (ca),104484
la salle (il),202200
van meter,146726
coleshill,68876
mutigny,192514
capellades,73475
krasnik,157253
türkheim,117534
bo ockertskraal,734613
al hadbah,244223
isla palma,664004
mahur,739199
devikulam,712893
marusici,719770
bhind,724290
murici,729143
zebegeny,664543
nalkheda,739235
banumane,724265
kerestinec,737070
khair,739153
tacurong city,513237
mortagne-du-nord,713946
vialonga,183165
la guayra,707195
bhadohi,739557
longeville-les-metz,191489
ornavasso,165722
karnice,158892
trzesacz,72829
łącko,723883
spore,704975
djurhamn,170391
rimetea,688575
dhamokhar,719797
kunratice,110335
palakollu,724585
garancieres,188946
lalganj,734302
paraspori,240892
jasper (fl),100180
great budworth,130002
kimball (sd),672108
ponda,513303
platy,73101
damvillers,547676
ibë e poshtme,732933
braño,727257
schöningen (lower saxony),731061
cudgera creek,728572
merkel (tx),23412
shirpur,739347
tomales (ca),203661
madhoganj,739192
khilchipur,710551
kitayama-mura,250659
shënvasili,732938
bhalukpong,739611
ranau,211727
initao,702174
dargobądz,723878
bakkejord,705474
deshnok,739045
sant' angelo a fasanella,715297
semipalatinsk,195902
manfara,724523
geluk,734580
hawkinge,130245
bhor,738994
bagnan,710209
nyamabuye,734023
bokeelia (fl),200774
monte das gameleiras,729361
dao lang,221247
hedaru,733116
horseheath,86756
jessheim,5980
jhirna,712150
kaimganj,734303
bhatapara,738990
polch,124838
wierzchowo,158985
siddipet,724668
cacique,712938
alameda,87769
muthupettai,724555
orphin,192795
helden,72398
ladevci,703367
jatni,739483
tolfa,99192
sanghi,114519
palakkayam thattu,739624
kampong radus,208601
rogowo,158083
ambhora,724233
vadali,734282
savanes,701021
harewood,130179
whitley bay,72065
hamilton creek,728432
matugama,711833
kawardha,671624
byadarahalli,724310
tabango,709106
west carthage (ny),701976
vandenberg village (ca),717737
mavalli,710668
giriak,734354
nordre frogn,735847
lubsko,157437
sikorzyno,711764
sangatta selatan,734796
castle hedingham,708107
khatima,739160
marathon,239547
mount ida,202625
montauban-de-luchon,714202
marciac,77553
la tronche,190220
saint-denis-en-margeride,666223
le bacon,686970
masi,162762
gisors,189069
awhitu,710201
bong son,219312
al shuqaiq,726283
hamat,685833
garrison (mn),104202
assainvillers,185845
bensafrim,73168
cu chi,115643
bistra mureşului,730094
valenii de mures,713084
gottenheim,86389
damoh,724332
moen (troms),735752
tromsdalen,138292
lzamaxi,694137
samarlakota,739325
piduguralla,739283
bhinmal,738991
boschkop,78617
strandebarm,19591
muriyad,739440
wegrzce,158571
kobylka,709793
zeliv,545317
jaguaruna,712332
chinitsa,718187
lieg,86475
villeparisis,195597
darende,702536
croston,68916
menahga,148854
monsegur,192196
wangdi phodrang,700269
colmont,134394
nordset,136808
mayfield,131222
dunshaughlin,159392
wrzosowo,158987
katomerion,237964
minnedosa (mb),176705
ouderkerk aan de amstel,72505
hatfield (doncaster),722966
swanton,147900
aneby,166749
kamrej,739485
juvignac,189676
los santos de la humosa,687815
teapa,182051
niedzica,157639
banka,734350
nakodar,739234
ahirgawan,734519
buntharik,213484
burglengenfeld,168763
allapalli,732239
colmars,714902
guldborg,196523
dawhenya,726635
mainhausen,70310
agni,114543
trezzo tinella,669078
linderöd,726448
san fele,715987
são lourenço da serra,729149
lettermore,709306
thirunageswaram,724704
oriolo romano,715844
alagdiha,738924
filtvet,136600
blankenrath,68597
alzate brianza,715397
osini,725560
fundacion,706994
romegoux,193686
great missenden,86744
flémalle,732621
mayaro,700753
boca de yuma,706778
morestel,192405
centallo,165858
saint-médard,194296
le wast,87408
våler,136523
păuşa,729837
aliko beach,72966
peron,665939
barfleur,513021
varades,195287
posta fibreno,715914
bridgetown (ns),168545
kerekegyháza,114813
payrac,192926
juruti,737596
villa altagracia,707769
brette-les-pins,186823
plaissan,704197
lovinac,703373
balteni,86199
santa cruz do capibaribe,180358
kolari,111842
giraud,189062
ormoz,111176
sarata-monteoru,86215
tarpum bay,725756
schwaigern,180711
san pasquale,180189
peraleda de la mata,727374
savitaipale,112626
leran,715035
izola-isola,700219
sainte-helene-sur-isere,666122
saubens,194560
eden park,710392
midhurst,12214
schwanenstadt,139904
gracac,709019
playa samara,21106
todolella,667594
camaret-sur-aigues,711160
maillane,715064
kuala ketil,162148
lapsze nizne,88186
edavanna,724356
katoria,734351
schmiedefeld,731174
brundall,708093
sunshine bay,710929
jaora,739481
saint albans,143277
saarwellingen,86570
corbarieu,187856
ciudad cortes,708999
toogoom,142444
dwarsloop,706448
herbrechtingen,69655
burnfoot,694445
novale,739451
castelletto merli,715542
noorpur,739251
mapanas,708946
cranbourne west,737260
sagwara,739318
kings caple,723025
song hong (buri ram),207101
penukonda,739279
budureasa,688584
rejmyre,179361
diano castello,164771
huyen binh chanh,223035
barry,68465
cette-eygun,547572
tibberton,132780
soumagne,134330
bad salzdetfurth,68395
walkerburn,132980
rodeio,706629
eddontenajon (bc),726153
wonju-si,183784
borny,186614
pico island,725089
schinnen,145709
farnworth,129702
asques,185844
kaman,739126
wakro,739543
raniganj,739505
khaga,739152
machame,720520
chazhoor,724316
hujrah,245438
anatoliki frangista,235092
bolivia (nc),151314
butzow,685966
tachileik,513267
elbow valley,710396
fertoszentmiklos,115087
bromham,128617
amayé-sur-orne,721271
valle-di-mezzana,714293
moratalla,79624
krishna,114410
yanghuan,481293
acandí,726674
plains,723216
durrenbach,714144
chaibasa,739011
nueil-sur-layon,704178
mountainhome (pa),153241
aranova,712924
cadiz city,671680
willington,133264
navashi,734479
tosham,739382
lebanon (ks),736018
la calamine,70066
na,735818
forish,735629
meron,711816
sarayköy,720877
shri dungargarh,719819
sklené teplice,739540
divulje,136379
palasa,739456
thil,194997
jagatsinghpur,739408
lubieszyn,157422
nawapara,739422
wymondham,72186
bentley (hampshire),722678
sankt oswald-riedlhutte,86575
ibrahimpatnam,734256
kinrooi,134488
elika,236415
chiesina uzzanese,88402
huyen van chan,223443
orvakal,737323
enathu,739067
todgarh,702308
mirakowo,668065
caderousse,186995
tattamangalam,739374
previž,732363
portgordon,723228
kisielnica,704922
karnup,143466
mailly-maillet,704117
marassi,719099
meja,739217
tirnauca,707694
riva ligure,164883
carpasio,715516
niederrohrdorf,177460
teluk bintuni,737404
lagaccio,719093
barhi,738975
laukvik (nordland),735754
irdning,103412
jama,711288
baker,149591
naranaag,734387
ranipuram,739420
rawatsar,734347
ellerhoop,126561
huyen tan phu,223359
toma,255128
acquedolci,713780
agger,196050
aiguaviva,197880
posadilla,667386
bélmez,198188
didcot,86716
gimpo-si,212496
roseto valfortore,715968
arnbruck,68261
monteón,724901
oberlarg,105694
torre le nocelle,716093
voorst gem voorst,728715
costa nova,73194
crnomelj,110956
nanuque,669228
somanya,726641
moora (western australia),733844
mmankgodi,726778
monte sete,701813
hjerkinn,701725
walsden,132990
hindupur,739103
trige,197641
grettstadt,172543
la coma i la pedra,73615
lützen,126171
pedro canário,729282
neópolis,729363
sedeoen,734857
kannamangalam,739136
dai lai,220969
tholon,242550
lallung,734399
tecumseh (mi),671218
traona,671723
afif,243743
mangaon,739210
strathblane,71604
neuenhagen bei berlin,86510
naintré,192523
port jervis (ny),22123
kako,739129
chota nagpur plateau,739418
dinas,129358
mathry,131211
bosherston,708077
pembrokeshire,663969
marloes,663901
porthgain,708456
materada,703391
abrucena,712545
beclean,707938
chevigny,714355
poza rica,14879
saint-leu-la-forêt,194237
surajpur,739363
kathonzweni,735584
maringues,191811
mitchell (qld),718287
gautefall,703575
sohana,114681
pithora,739288
lebowakgomo,711925
bucknall,128653
makri,239416
heikendorf,126693
estaimbourg,133968
chakur,732238
suq ath thalut,246130
toobeah,728598
edea,720401
ugong,182648
mintaqat al madinah,245725
shoolagiri,739350
marmara ereglisi,664652
huyen kon plong,223205
château-chervix,721215
poladpur,739289
balra,734405
fly,171561
ban ngoy-nua,710229
obra,739255
mataelpino,667200
deerfield (ma),146798
kopacevo,711321
lalling,731100
portland (mi),100627
lang danh,224934
poddebice,157892
abdul,114596
reichsfeld,193512
baghpat,738962
schlossrued,180657
amethi,738933
muradnagar,739225
thalmässing,117476
arco da calheta,73154
bananal (sao paulo),729016
groombridge,130084
wadersloh,9184
smartno,111213
farmer's hill,725754
heanor,723477
eungella,21418
raices,727610
red lodge,723238
gastes,686819
vadheim,703735
ur,714974
dinh lap,221466
hinesburg,154903
kondolianika,238529
mareny barraquetas,199401
brescello,75568
kasal,724453
chengam,739026
blackwood (victoria),732218
san giacomo degli schiavoni,180113
weiden (rhineland-palatinate),731311
elaye,724362
vinac,707788
ambillou,185627
el jagüel,723941
morecambe,70489
kampung bukit leban,209173
highampton,708256
zoar,733263
takat,710938
lezo,199272
breteil,186817
stuart (va),717793
hopetown,733230
ettrick,722886
soderfors,67836
todka,718754
hata,739100
niyagama,736614
selenge,700344
saint leonards,142819
calmont,187020
el jabha,702329
chavin de huantar,726567
taiharuru,717294
wingate,133290
smarden,132355
retnje,732555
cihelny,85883
villalba del alcor,717487
ampang pulai,734922
renuka ji,739421
ozzano monferrato,715857
saint-pierre-des-champs,87599
chipinque de arriba,724811
baucina,167627
oberhambach,70720
trafalgar,143344
stanley brook,110791
lulayyah,246662
freixo,171753
langar,663889
suusamyr,733539
llanegryn,723065
mafinga,725724
veliko trgovisce,686351
gooty,739566
irving (tx),17513
svene,136666
westgate on sea,133148
ferrières (midi-pyrenees),720654
villa serranita,693608
hurstbourne tarrant,69810
yeniköy (trabzon),728804
fratte rosa,715658
tariyod,710952
finch hatton,728568
moddershall,131322
huddinge,173800
hainan yaocaichang,416596
trieben,140769
kopargaon,739175
cha mong,220169
senekal,733171
sangod,739331
elin pelin,136226
eldred,152895
orange grove,710062
mount wilson,141779
corinella,702281
hinton (ok),100130
hickory hills,201929
oye-plage,665897
allimaranahalli,724225
billère,186439
playa copal,719765
general escobedo,172135
tiaong,728051
sutton bassett,723348
shotton,132298
saint-andré-et-appelles,720667
oranjemund,725436
shebbear,706155
lanckorona,668039
pallathur,724589
caibiran,708971
valca,99330
orleton,708433
kleinrivier,685816
cannonvale,142153
acheux-en-vimeu,708696
guler,739423
aadorf,166121
chlopy,667967
rypin,158145
taillades,194896
werribee south,143376
kallinge,174498
collendoorn,184272
huby-saint-leu,87362
magek,734914
fussach,141054
baloda bazaar,724258
rakitna,664340
breckles,128547
djursholm,170393
marzabotto,163687
knipton,709281
cottesmore,129139
chacewater,128843
clifton (az),201101
kolsva,67814
alto,148217
ayent,167230
saint-leger-vauban,687372
thiruppugalur,724705
vannas,182961
borghesiana,712936
new brockton,202691
isabel,739642
tarrant keynston,132684
mopidevi,739439
chirchik,735627
phalombe,700719
hoenderloo,72409
torrevecchia teatina,162718
nules,199584
villabate,183274
holytown,130428
gornji budacki,703332
messac,192048
finkenstein,138590
krzeszow,157302
stare mesto pod sneznikem,545270
lukowe,668052
ulleskelf,132910
na pai,226940
hinganghat,724197
saint-genis-de-saintonge,721385
cambon,187031
jardins de carthage,734009
kushtagi,734241
wallasey,71930
dhraganon,236217
patran,739270
borgoricco,168346
woskrzenice duże,723823
chung cap,220467
sławsko,723884
bosteri,710286
playa mendoza,664017
pamban,739502
hulu,173829
nordsjö,177539
syanachatti,724684
aielli,162552
llangattock,721523
kalakkad,739424
pototano,738767
akropong (akuapim north),726634
bulan,737584
bahay toro,167347
palanan,178270
airmen village,166334
kasilawan,174635
cheval-blanc,187599
kou-shi,250928
ginigathena,513406
kunshan,23738
ascot vale,142856
logarska dolina,718050
arroyo de la miel,73398
sam son,229861
fatehpur,720810
masilang,176414
